joint_log_loss,multiclass_brier,weight_baseline,weight_rotation_risk,weight_rotation_structural,weight_weather
0.443200584174394,0.2657264264262798,0.0,1.0,0.0,0.0
0.44309972902709915,0.2656714004572891,0.0,0.95,0.05,0.0
0.44300331608572313,0.265617846346642,0.0,0.9,0.1,0.0
0.4429111732724243,0.2655657640943385,0.0,0.85,0.15,0.0
0.4428231724856261,0.26551515370037865,0.0,0.8,0.2,0.0
0.4427392176070876,0.26546601516476237,0.0,0.75,0.25,0.0
0.44265923706390037,0.2654183484874897,0.0,0.7,0.3,0.0
0.442583178989507,0.2653721536685606,0.0,0.65,0.35,0.0
0.4425110079940414,0.26532743070797515,0.0,0.6,0.4,0.0
0.4424427030022025,0.26528417960573336,0.0,0.55,0.45,0.0
0.4423782558475865,0.2652424003618351,0.0,0.5,0.5,0.0
0.4423176704423234,0.26520209297628045,0.0,0.45,0.55,0.0
0.44226096242109875,0.26516325744906943,0.0,0.4,0.6,0.0
0.44220815921424367,0.265125893780202,0.0,0.35,0.65,0.0
0.44215930054976266,0.2650900019696782,0.0,0.3,0.7,0.0
0.44211443942890083,0.265055582017498,0.0,0.25,0.75,0.0
0.4420736436740086,0.2650226339236615,0.0,0.2,0.8,0.0
0.4420369982246591,0.2649911576881685,0.0,0.15,0.85,0.0
0.4420046084821537,0.2649611533110191,0.0,0.1,0.9,0.0
0.4419766052223706,0.26493262079221336,0.0,0.05,0.95,0.0
0.44195315202320395,0.26490556013175115,0.0,0.0,1.0,0.0
0.44319959576827933,0.2657326179836036,0.0,0.95,0.0,0.05
0.44310061718792837,0.2656780702162642,0.0,0.9,0.05,0.05
0.4430059831469579,0.2656249943072684,0.0,0.85,0.1,0.05
0.4429155441066069,0.2655733902566162,0.0,0.8,0.15,0.05
0.4428291883854234,0.26552325806430754,0.0,0.75,0.2,0.05
0.4427468324691945,0.2654745977303426,0.0,0.7,0.25,0.05
0.44266841488251213,0.2654274092547212,0.0,0.65,0.3,0.05
0.4425938921601984,0.2653816926374435,0.0,0.6,0.35,0.05
0.44252323615515643,0.2653374478785093,0.0,0.55,0.4,0.05
0.44245643225659015,0.2652946749779187,0.0,0.5,0.45,0.05
0.44239347827237857,0.26525337393567183,0.0,0.45,0.5,0.05
0.4423343838343015,0.26521354475176845,0.0,0.4,0.55,0.05
0.4422791702525723,0.26517518742620877,0.0,0.35,0.6,0.05
0.44222787079627324,0.26513830195899263,0.0,0.3,0.65,0.05
0.44218053142080654,0.2651028883501201,0.0,0.25,0.7,0.05
0.44213721201210515,0.26506894659959124,0.0,0.2,0.75,0.05
0.4420979882814716,0.26503647670740593,0.0,0.15,0.8,0.05
0.442062954542427,0.2650054786735642,0.0,0.1,0.85,0.05
0.4420322277659206,0.2649759524980661,0.0,0.05,0.9,0.05
0.44200595361625483,0.26494789818091163,0.0,0.0,0.95,0.05
0.44320315097855906,0.2657397299141009,0.0,0.9,0.0,0.1
0.4431059430739794,0.2656856603484127,0.0,0.85,0.05,0.1
0.4430130032536386,0.2656330626410682,0.0,0.8,0.1,0.1
0.44292419990634124,0.2655819367920673,0.0,0.75,0.15,0.1
0.44283943475518306,0.26553228280140995,0.0,0.7,0.2,0.1
0.44275863483148087,0.2654841006690963,0.0,0.65,0.25,0.1
0.4426817473228196,0.26543739039512615,0.0,0.6,0.3,0.1
0.4426087361665839,0.2653921519794997,0.0,0.55,0.35,0.1
0.44253957978388714,0.2653483854222169,0.0,0.5,0.4,0.1
0.44247426961158076,0.2653060907232776,0.0,0.45,0.45,0.1
0.4424128092349515,0.26526526788268195,0.0,0.4,0.5,0.1
0.44235521401161504,0.2652259169004299,0.0,0.35,0.55,0.1
0.44230151113706145,0.26518803777652145,0.0,0.3,0.6,0.1
0.4422517401503568,0.2651516305109566,0.0,0.25,0.65,0.1
0.44220595392569817,0.2651166951037354,0.0,0.2,0.7,0.1
0.44216422025254637,0.2650832315548578,0.0,0.15,0.75,0.1
0.4421266241886838,0.2650512398643238,0.0,0.1,0.8,0.1
0.4420932715028199,0.2650207200321334,0.0,0.05,0.85,0.1
0.442064293759909,0.2649916720582866,0.0,0.0,0.9,0.1
0.44321086283623323,0.26574776221777147,0.0,0.85,0.0,0.15
0.44311534638771405,0.26569417085373465,0.0,0.8,0.05,0.15
0.44302403785468564,0.2656420513480414,0.0,0.75,0.1,0.15
0.44293682031270754,0.2655914037006918,0.0,0.7,0.15,0.15
0.44285360675518315,0.2655422279116858,0.0,0.65,0.2,0.15
0.4427743333081532,0.26549452398102336,0.0,0.6,0.25,0.15
0.44269895482999777,0.26544829190870456,0.0,0.55,0.3,0.15
0.4426274419994578,0.26540353169472936,0.0,0.5,0.35,0.15
0.44255977940138824,0.2653602433390978,0.0,0.45,0.4,0.15
0.442495964330836,0.26531842684180984,0.0,0.4,0.45,0.15
0.442436006156699,0.2652780822028655,0.0,0.35,0.5,0.15
0.4423799261628249,0.2652392094222647,0.0,0.3,0.55,0.15
0.44232775784032824,0.2652018085000076,0.0,0.25,0.6,0.15
0.44227954765427074,0.265165879436094,0.0,0.2,0.65,0.15
0.4422353563620111,0.26513142223052405,0.0,0.15,0.7,0.15
0.4421952610328751,0.26509843688329776,0.0,0.1,0.75,0.15
0.4421593580308584,0.26506692339441507,0.0,0.05,0.8,0.15
0.44212776741601506,0.26503688176387596,0.0,0.0,0.85,0.15
0.443222462669911,0.26575671489461555,0.0,0.8,0.0,0.2
0.44312857719842175,0.26570360173223,0.0,0.75,0.05,0.2
0.44303885262384635,0.265651960428188,0.0,0.7,0.1,0.2
0.442953184343281,0.26560179098248965,0.0,0.65,0.15,0.2
0.44287149506254936,0.265553093395135,0.0,0.6,0.2,0.2
0.44279372895966534,0.2655058676661239,0.0,0.55,0.25,0.2
0.44271984787886826,0.26546011379545636,0.0,0.5,0.3,0.2
0.4426498288245369,0.26541583178313244,0.0,0.45,0.35,0.2
0.4425836623495693,0.26537302162915216,0.0,0.4,0.4,0.2
0.44252135160791173,0.2653316833335155,0.0,0.35,0.45,0.2
0.44246291194496257,0.2652918168962224,0.0,0.3,0.5,0.2
0.44240837096944147,0.26525342231727295,0.0,0.25,0.55,0.2
0.44235776910591684,0.2652164995966671,0.0,0.2,0.6,0.2
0.442311160682159,0.26518104873440485,0.0,0.15,0.65,0.2
0.44226861567321923,0.2651470697304862,0.0,0.1,0.7,0.2
0.4422302223238428,0.2651145625849112,0.0,0.05,0.75,0.2
0.4421960910378839,0.2650835272976797,0.0,0.0,0.8,0.2
0.4432377560292855,0.265766587944633,0.0,0.75,0.0,0.25
0.44314545516899045,0.26571395298389877,0.0,0.7,0.05,0.25
0.44305727923883215,0.26566278988150804,0.0,0.65,0.1,0.25
0.44297313419252854,0.265613098637461,0.0,0.6,0.15,0.25
0.4428929512979336,0.26556487925175765,0.0,0.55,0.2,0.25
0.44281668204147623,0.26551813172439775,0.0,0.5,0.25,0.25
0.44274429480441496,0.26547285605538157,0.0,0.45,0.3,0.25
0.44267577270149366,0.265429052244709,0.0,0.4,0.35,0.25
0.4426111122417914,0.26538672029238,0.0,0.35,0.4,0.25
0.4425503226216128,0.2653458601983945,0.0,0.3,0.45,0.25
0.4424934255526237,0.2653064719627528,0.0,0.25,0.5,0.25
0.44244045559586365,0.2652685555854546,0.0,0.2,0.55,0.25
0.4423914610320346,0.2652321110665,0.0,0.15,0.6,0.25
0.44234650536556247,0.26519713840588904,0.0,0.1,0.65,0.25
0.4423056696528355,0.2651636376036217,0.0,0.05,0.7,0.25
0.4422690559953533,0.2651316086596979,0.0,0.0,0.75,0.25
0.4432565996289648,0.26577738136782386,0.0,0.7,0.0,0.3
0.44316584822525024,0.2657252246087409,0.0,0.65,0.05,0.3
0.4430791954072121,0.26567453970800153,0.0,0.6,0.1,0.3
0.44299655635458984,0.26562532666560573,0.0,0.55,0.15,0.3
0.4429178700539285,0.26557758548155364,0.0,0.5,0.2,0.3
0.44284309479345346,0.26553131615584513,0.0,0.45,0.25,0.3
0.44277220524165073,0.26548651868848017,0.0,0.4,0.3,0.3
0.4427051905906439,0.26544319307945885,0.0,0.35,0.35,0.3
0.442642053475889,0.2654013393287811,0.0,0.3,0.4,0.3
0.44258280951710416,0.26536095743644705,0.0,0.25,0.45,0.3
0.44252748741334663,0.2653220474024565,0.0,0.2,0.5,0.3
0.44247612959506816,0.26528460922680963,0.0,0.15,0.55,0.3
0.44242879350657355,0.26524864290950634,0.0,0.1,0.6,0.3
0.4423855536830264,0.2652141484505467,0.0,0.05,0.65,0.3
0.4423465049270125,0.26518112584993064,0.0,0.0,0.7,0.3
0.44327888804511856,0.2657890951641881,0.0,0.65,0.0,0.35
0.4431896602676806,0.2657374166067564,0.0,0.6,0.05,0.35
0.4431045133927278,0.26568720990766836,0.0,0.55,0.1,0.35
0.4430233708254788,0.2656384750669239,0.0,0.5,0.15,0.35
0.44294617867416924,0.2655912120845231,0.0,0.45,0.2,0.35
0.44287290172526883,0.2655454209604658,0.0,0.4,0.25,0.35
0.44280352086914854,0.26550110169475216,0.0,0.35,0.3,0.35
0.4427380315263867,0.2654582542873822,0.0,0.3,0.35,0.35
0.4426764428294227,0.26541687873835573,0.0,0.25,0.4,0.35
0.44261877743813993,0.26537697504767294,0.0,0.2,0.45,0.35
0.4425650719563566,0.2653385432153337,0.0,0.15,0.5,0.35
0.44251537799566615,0.26530158324133807,0.0,0.1,0.55,0.35
0.4424697640262318,0.26526609512568605,0.0,0.05,0.6,0.35
0.4424283182914827,0.26523207886837774,0.0,0.0,0.65,0.35
0.4433045455723818,0.2658017293337258,0.0,0.6,0.0,0.4
0.4432168236851901,0.26575052897794543,0.0,0.55,0.05,0.4
0.4431331730720682,0.26570080048050865,0.0,0.5,0.1,0.4
0.4430535246274956,0.26565254384141546,0.0,0.45,0.15,0.4
0.44297783119631806,0.26560575906066586,0.0,0.4,0.2,0.4
0.4429060639494438,0.26556044613825996,0.0,0.35,0.25,0.4
0.4428382101221651,0.2655166050741976,0.0,0.3,0.3,0.4
0.44277427171976774,0.26547423586847885,0.0,0.25,0.35,0.4
0.4427142649842333,0.2654333385211037,0.0,0.2,0.4,0.4
0.44265822053742676,0.26539391303207216,0.0,0.15,0.45,0.4
0.44260618421279196,0.2653559594013843,0.0,0.1,0.5,0.4
0.44255821868893425,0.26531947762904,0.0,0.05,0.55,0.4
0.44251440617806787,0.2652844677150393,0.0,0.0,0.6,0.4
0.4433335211044952,0.26581528387643694,0.0,0.55,0.0,0.45
0.4432472947004431,0.2657645617223078,0.0,0.5,0.05,0.45
0.4431651376816456,0.2657153114265223,0.0,0.45,0.1,0.45
0.4430869879208466,0.2656675329890804,0.0,0.4,0.15,0.45
0.44301280481210575,0.26562122640998215,0.0,0.35,0.2,0.45
0.44294256599160414,0.2655763916892275,0.0,0.3,0.25,0.45
0.44287626537429203,0.2655330288268164,0.0,0.25,0.3,0.45
0.4428139121565342,0.26549113782274897,0.0,0.2,0.35,0.45
0.442755530618708,0.26545071867702513,0.0,0.15,0.4,0.45
0.44270116069026993,0.2654117713896449,0.0,0.1,0.45,0.45
0.4426508593580747,0.26537429596060824,0.0,0.05,0.5,0.45
0.44260470314743205,0.26533829238991524,0.0,0.0,0.55,0.45
0.4433657849556405,0.2658297587923214,0.0,0.5,0.0,0.5
0.4432810505526291,0.2657795148398436,0.0,0.45,0.05,0.5
0.4432003913326584,0.26573074274570935,0.0,0.4,0.1,0.5
0.44312375184280106,0.26568344250991877,0.0,0.35,0.15,0.5
0.4430510980410253,0.26563761413247183,0.0,0.3,0.2,0.5
0.4429824143291829,0.26559325761336844,0.0,0.25,0.25,0.5
0.4429177018966612,0.2655503729526087,0.0,0.2,0.3,0.5
0.44285697806730373,0.2655089601501925,0.0,0.15,0.35,0.5
0.4428002765326244,0.2654690192061199,0.0,0.1,0.4,0.5
0.4427476485051044,0.26543055012039096,0.0,0.05,0.45,0.5
0.4426991649931581,0.2653935528930057,0.0,0.0,0.5,0.5
0.4434013270498628,0.26584515408137926,0.0,0.45,0.0,0.55
0.44331808799989586,0.2657953883305528,0.0,0.4,0.05,0.55
0.44323893782475127,0.2657470944380699,0.0,0.35,0.1,0.55
0.4431638276503657,0.26570027240393057,0.0,0.3,0.15,0.55
0.44309273024091017,0.2656549222281349,0.0,0.25,0.2,0.55
0.4430256373354902,0.2656110439106828,0.0,0.2,0.25,0.55
0.44296255833887804,0.26556863745157433,0.0,0.15,0.3,0.55
0.4429035201068653,0.26552770285080946,0.0,0.1,0.35,0.55
0.44284856778247456,0.2654882401083882,0.0,0.05,0.4,0.55
0.4427977668437913,0.26545024922431054,0.0,0.0,0.45,0.55
0.4434401561842661,0.26586146974361063,0.0,0.4,0.0,0.6
0.44335842288776595,0.2658121821944354,0.0,0.35,0.05,0.6
0.44328080054499475,0.26576436650360374,0.0,0.3,0.1,0.6
0.44320724699750813,0.26571802267111577,0.0,0.25,0.15,0.6
0.44313774233983466,0.26567315069697134,0.0,0.2,0.2,0.6
0.44307228658398434,0.26562975058117055,0.0,0.15,0.25,0.6
0.4430108987874998,0.2655878223237133,0.0,0.1,0.3,0.6
0.442953617455796,0.26554736592459977,0.0,0.05,0.35,0.6
0.4429005023079619,0.2655083813838298,0.0,0.0,0.4,0.6
0.4434823002474394,0.26587870577901535,0.0,0.35,0.0,0.65
0.44340209070317405,0.26582989643149135,0.0,0.3,0.05,0.65
0.4433260234160541,0.26578255894231106,0.0,0.25,0.1,0.65
0.44325406336676315,0.2657366933114743,0.0,0.2,0.15,0.65
0.4431861988857772,0.26569229953898116,0.0,0.15,0.2,0.65
0.4431224397220593,0.2656493776248317,0.0,0.1,0.25,0.65
0.4430628167906054,0.2656079275690258,0.0,0.05,0.3,0.65
0.4430073835420938,0.26556794937156347,0.0,0.0,0.35,0.65
0.4435278074116221,0.26589686218759345,0.0,0.3,0.0,0.7
0.4434491481785219,0.2658485310417208,0.0,0.25,0.05,0.7
0.4433746730187294,0.2658016717541918,0.0,0.2,0.1,0.7
0.44330435486621367,0.26575628432500636,0.0,0.15,0.15,0.7
0.4432381917540671,0.26571236875416454,0.0,0.1,0.2,0.7
0.4431762054621544,0.2656699250416663,0.0,0.05,0.25,0.7
0.4431184422589237,0.2656289531875117,0.0,0.0,0.3,0.7
0.4435767484570678,0.265915938969345,0.0,0.25,0.0,0.75
0.4434996761713675,0.2658680860251237,0.0,0.2,0.05,0.75
0.44342684221254464,0.2658217049392459,0.0,0.15,0.1,0.75
0.4433582288657884,0.26577679571171176,0.0,0.1,0.15,0.75
0.44329384623147955,0.2657333583425212,0.0,0.05,0.2,0.75
0.4432337318410053,0.2656913928316743,0.0,0.0,0.25,0.75
0.44362922057226734,0.2659359361242699,0.0,0.2,0.0,0.8
0.4435537842762259,0.26588856138169986,0.0,0.15,0.05,0.8
0.44348265588842106,0.2658426584974734,0.0,0.1,0.1,0.8
0.4434158294002698,0.2657982274715906,0.0,0.05,0.15,0.8
0.4433533309271025,0.26575526830405133,0.0,0.0,0.2,0.8
0.44368535327046354,0.2659568536523684,0.0,0.15,0.0,0.85
0.4436116180196258,0.26590995711144955,0.0,0.1,0.05,0.85
0.4435422800610067,0.2658645324288743,0.0,0.05,0.1,0.85
0.44347734918984283,0.26582057960464284,0.0,0.0,0.15,0.85
0.4437453176063944,0.26597869155364007,0.0,0.1,0.0,0.9
0.44367337025808046,0.2659322732143726,0.0,0.05,0.05,0.9
0.4436059367251596,0.26588732673344867,0.0,0.0,0.1,0.9
0.44380934099085084,0.2660014498280852,0.0,0.05,0.0,0.95
0.44373930009368784,0.2659555096904691,0.0,0.0,0.05,0.95
0.44387773247979795,0.2660251284757038,0.0,0.0,0.0,1.0
0.4433428611630608,0.2658503980116204,0.05,0.95,0.0,0.0
0.4432394375554664,0.2657936598239972,0.05,0.9,0.05,0.0
0.4431404520743724,0.26573839349471773,0.05,0.85,0.1,0.0
0.44304573323389995,0.2656845990237818,0.05,0.8,0.15,0.0
0.44295515367972127,0.2656322764111895,0.05,0.75,0.2,0.0
0.44286861829884766,0.2655814256569408,0.05,0.7,0.25,0.0
0.4427860568008817,0.2655320467610357,0.05,0.65,0.3,0.0
0.44270741889094634,0.26548413972347423,0.05,0.6,0.35,0.0
0.44263267106349835,0.26543770454425636,0.05,0.55,0.4,0.0
0.4425617944808224,0.26539274122338213,0.05,0.5,0.45,0.0
0.4424947836284791,0.26534924976085145,0.05,0.45,0.5,0.0
0.44243164557102715,0.2653072301566644,0.05,0.4,0.55,0.0
0.44237239971428616,0.26526668241082096,0.05,0.35,0.6,0.0
0.44231707804035403,0.26522760652332106,0.05,0.3,0.65,0.0
0.44226572583368295,0.2651900024941649,0.05,0.25,0.7,0.0
0.4422184029727864,0.26515387032335225,0.05,0.2,0.75,0.0
0.44217518593669203,0.2651192100108833,0.05,0.15,0.8,0.0
0.44213617079072914,0.2650860215567579,0.05,0.1,0.85,0.0
0.4421014776176852,0.2650543049609761,0.05,0.05,0.9,0.0
0.4420712572504131,0.2650240602235379,0.05,0.0,0.95,0.0
0.4433420722003687,0.2658566210331477,0.05,0.9,0.0,0.05
0.4432405171239667,0.2658003610471758,0.05,0.85,0.05,0.05
0.44314330341495634,0.2657455729195476,0.05,0.8,0.1,0.05
0.4430502822026658,0.265692256650263,0.05,0.75,0.15,0.05
0.4429613426610237,0.265640412239322,0.05,0.7,0.2,0.05
0.4428764023918392,0.26559003968672457,0.05,0.65,0.25,0.05
0.4427954013184057,0.2655411389924708,0.05,0.6,0.3,0.05
0.44271829767784493,0.26549371015656054,0.05,0.55,0.35,0.05
0.44264506536272935,0.26544775317899394,0.05,0.5,0.4,0.05
0.44257569219131476,0.26540326805977105,0.05,0.45,0.45,0.05
0.44251017886460436,0.26536025479889164,0.05,0.4,0.5,0.05
0.4424485384751311,0.26531871339635593,0.05,0.35,0.55,0.05
0.44239079650362495,0.2652786438521638,0.05,0.3,0.6,0.05
0.44233699129558907,0.2652400461663152,0.05,0.25,0.65,0.05
0.4422871750637833,0.26520292033881027,0.05,0.2,0.7,0.05
0.4422414155276358,0.26516726636964894,0.05,0.15,0.75,0.05
0.44219979839483875,0.26513308425883125,0.05,0.1,0.8,0.05
0.44216243104699293,0.26510037400635716,0.05,0.05,0.85,0.05
0.44212944808186594,0.26506913561222667,0.05,0.0,0.9,0.05
0.443345846996698,0.2658637644278484,0.05,0.85,0.0,0.1
0.4432460561429375,0.2658079826435279,0.05,0.8,0.05,0.1
0.44315053135494953,0.26575367271755096,0.05,0.75,0.1,0.1
0.4430591417399599,0.2657008346499176,0.05,0.7,0.15,0.1
0.44297178996946956,0.26564946844062787,0.05,0.65,0.2,0.1
0.44288840430363213,0.2655995740896817,0.05,0.6,0.25,0.1
0.44280893346218675,0.26555115159707926,0.05,0.55,0.3,0.1
0.4427333432462309,0.26550420096282035,0.05,0.5,0.35,0.1
0.44266161431607776,0.265458722186905,0.05,0.45,0.4,0.1
0.44259374078820696,0.26541471526933336,0.05,0.4,0.45,0.1
0.4425297294596089,0.26537218021010534,0.05,0.35,0.5,0.1
0.44246959955844295,0.26533111700922085,0.05,0.3,0.55,0.1
0.4424133829847328,0.26529152566667996,0.05,0.25,0.6,0.1
0.4423611250608989,0.2652534061824827,0.05,0.2,0.65,0.1
0.44231288587284356,0.2652167585566291,0.05,0.15,0.7,0.1
0.4422687423640664,0.2651815827891191,0.05,0.1,0.75,0.1
0.4422287914743801,0.2651478788799526,0.05,0.05,0.8,0.1
0.44219315484518046,0.2651156468291298,0.05,0.0,0.85,0.1
0.44335379663220187,0.2658718281957225,0.05,0.8,0.0,0.15
0.4432556923425495,0.26581652461305333,0.05,0.75,0.05,0.15
0.4431617953049817,0.26576269288872767,0.05,0.7,0.1,0.15
0.4430719893605386,0.2657103330227456,0.05,0.65,0.15,0.15
0.4429861885464319,0.2656594450151072,0.05,0.6,0.2,0.15
0.44290433034464477,0.26561002886581236,0.05,0.55,0.25,0.15
0.44282637130577684,0.26556208457486113,0.05,0.5,0.3,0.15
0.44275228417299684,0.2655156121422535,0.05,0.45,0.35,0.15
0.4426820560234191,0.2654706115679895,0.05,0.4,0.4,0.15
0.44261568715322624,0.2654270828520691,0.05,0.35,0.45,0.15
0.44255319055528636,0.2653850259944924,0.05,0.3,0.5,0.15
0.44249459191874674,0.26534444099525917,0.05,0.25,0.55,0.15
0.4424399301430278,0.26530532785436955,0.05,0.2,0.6,0.15
0.4423892584198963,0.26526768657182365,0.05,0.15,0.65,0.15
0.44234264601256673,0.2652315171476213,0.05,0.1,0.7,0.15
0.4423001809728947,0.26519681958176256,0.05,0.05,0.75,0.15
0.4422619742301822,0.26516359387424737,0.05,0.0,0.8,0.15
0.44336565259485594,0.26588081233677013,0.05,0.75,0.0,0.2
0.4432691759472596,0.26582598695575216,0.05,0.7,0.05,0.2
0.4431768610838277,0.2657726334330778,0.05,0.65,0.1,0.2
0.4430886042217998,0.265720751768747,0.05,0.6,0.15,0.2
0.44300432921959326,0.2656703419627599,0.05,0.55,0.2,0.2
0.44292398176244285,0.26562140401511636,0.05,0.5,0.25,0.2
0.4428475255833201,0.2655739379258164,0.05,0.45,0.3,0.2
0.44277494000221745,0.2655279436948601,0.05,0.4,0.35,0.2
0.44270621838494845,0.2654834213222474,0.05,0.35,0.4,0.2
0.44264136729798265,0.2654403708079783,0.05,0.3,0.45,0.2
0.44258040624332384,0.2653987921520528,0.05,0.25,0.5,0.2
0.44252336793360153,0.2653586853544709,0.05,0.2,0.55,0.2
0.4424702991337926,0.2653200504152326,0.05,0.15,0.6,0.2
0.44242126216960337,0.2652828873343379,0.05,0.1,0.65,0.2
0.44237633730493686,0.2652471961117869,0.05,0.05,0.7,0.2
0.4423356263594587,0.2652129767475794,0.05,0.0,0.75,0.2
0.44338122180307754,0.2658907168509911,0.05,0.7,0.0,0.25
0.4432863280192283,0.2658363696716244,0.05,0.65,0.05,0.25
0.4431955618146327,0.26578349435060133,0.05,0.6,0.1,0.25
0.4431088300322385,0.2657320908879218,0.05,0.55,0.15,0.25
0.44302606522363264,0.265682159283586,0.05,0.5,0.2,0.25
0.44294722056796293,0.26563369953759375,0.05,0.45,0.25,0.25
0.44287226658008616,0.2655867116499451,0.05,0.4,0.3,0.25
0.442801189007161,0.26554119562064005,0.05,0.35,0.35,0.25
0.44273398757977084,0.2654971514496786,0.05,0.3,0.4,0.25
0.4426706754364147,0.26545457913706083,0.05,0.25,0.45,0.25
0.44261127913938014,0.26541347868278664,0.05,0.2,0.5,0.25
0.44255583927728176,0.26537385008685604,0.05,0.15,0.55,0.25
0.44250441172636457,0.265335693349269,0.05,0.1,0.6,0.25
0.44245706974108073,0.26529900847002563,0.05,0.05,0.65,0.25
0.4424139071989322,0.26526379544912587,0.05,0.0,0.7,0.25
0.44340036319981335,0.2659015417383854,0.05,0.65,0.0,0.3
0.4433070187833391,0.26584767276067,0.05,0.6,0.05,0.3
0.44321777760611053,0.2657952756412983,0.05,0.55,0.1,0.3
0.44313255582651523,0.26574435038027006,0.05,0.5,0.15,0.3
0.44305129387760445,0.2656948969775855,0.05,0.45,0.2,0.3
0.4429739519720642,0.26564691543324453,0.05,0.4,0.25,0.3
0.4429005072209283,0.2656004057472472,0.05,0.35,0.3,0.3
0.4428309518524342,0.26555536791959344,0.05,0.3,0.35,0.3
0.44276529224978267,0.26551180195028334,0.05,0.25,0.4,0.3
0.44270354866563416,0.26546970783931684,0.05,0.2,0.45,0.3
0.4426457555686923,0.2654290855866939,0.05,0.15,0.5,0.3
0.4425919626638072,0.26538993519241455,0.05,0.1,0.55,0.3
0.442542236726943,0.2653522566564789,0.05,0.05,0.6,0.3
0.44249666454435743,0.2653160499788868,0.05,0.0,0.65,0.3
0.44342297432329053,0.2659132869989532,0.05,0.6,0.0,0.35
0.4433311552184302,0.2658598962228891,0.05,0.55,0.05,0.35
0.4432434239628264,0.26580797730516864,0.05,0.5,0.1,0.35
0.44315970505684316,0.26575753024579174,0.05,0.45,0.15,0.35
0.44307994626098635,0.26570855504475843,0.05,0.4,0.2,0.35
0.4430041145800797,0.2656610517020688,0.05,0.35,0.25,0.35
0.4429321937420797,0.2656150202177227,0.05,0.3,0.3,0.35
0.44286418272522365,0.26557046059172024,0.05,0.25,0.35,0.35
0.4428000950982321,0.2655273728240614,0.05,0.2,0.4,0.35
0.44273995907213437,0.2654857569147462,0.05,0.15,0.45,0.35
0.44268381826674197,0.26544561286377455,0.05,0.1,0.5,0.35
0.4426317333027681,0.26540694067114656,0.05,0.05,0.55,0.35
0.44258378447908503,0.26536974033686217,0.05,0.0,0.6,0.35
0.44344898315386466,0.26592595263269436,0.05,0.55,0.0,0.4
0.44335867356909303,0.2658730400582816,0.05,0.5,0.05,0.4
0.4432724448500221,0.26582159934221233,0.05,0.45,0.1,0.4
0.44319022913887607,0.26577163048448676,0.05,0.4,0.15,0.4
0.44311198119688544,0.2657231334851048,0.05,0.35,0.2,0.4
0.44303767479178346,0.2656761083440664,0.05,0.3,0.25,0.4
0.4429673005097136,0.2656305550613716,0.05,0.25,0.3,0.4
0.44290086459971323,0.2655864736370205,0.05,0.2,0.35,0.4
0.44283838866054276,0.265543864071013,0.05,0.15,0.4,0.4
0.4427799101184948,0.26550272636334893,0.05,0.1,0.45,0.4
0.44272548357042557,0.2654630605140287,0.05,0.05,0.5,0.4
0.44267518322313953,0.2654248665230519,0.05,0.0,0.55,0.4
0.4434783430618849,0.26593953863960895,0.05,0.5,0.0,0.45
0.44338953477052073,0.2658871042668475,0.05,0.45,0.05,0.45
0.4433048085367913,0.26583614175242953,0.05,0.4,0.1,0.45
0.4432241036829059,0.2657866510963552,0.05,0.35,0.15,0.45
0.44314738186387853,0.26573863229862454,0.05,0.3,0.2,0.45
0.4430746238088908,0.26569208535923744,0.05,0.25,0.25,0.45
0.4430058274641823,0.265647010278194,0.05,0.2,0.3,0.45
0.44294100719407914,0.26560340705549407,0.05,0.15,0.35,0.45
0.4428801939024168,0.2655612756911378,0.05,0.1,0.4,0.45
0.442823436096749,0.2655206161851252,0.05,0.05,0.45,0.45
0.44277080209407876,0.26548142853745604,0.05,0.0,0.5,0.45
0.44351102976370704,0.26595404501969694,0.05,0.45,0.0,0.5
0.4434237217844828,0.2659020888485867,0.05,0.4,0.05,0.5
0.443340505290678,0.26585160453582013,0.05,0.35,0.1,0.5
0.4432613265493364,0.2658025920813971,0.05,0.3,0.15,0.5
0.44318615423771657,0.2657550514853177,0.05,0.25,0.2,0.5
0.4431149765156888,0.26570898274758187,0.05,0.2,0.25,0.5
0.44304779952960915,0.2656643858681897,0.05,0.15,0.3,0.5
0.4429846470558593,0.26562126084714116,0.05,0.1,0.35,0.5
0.4429255612220587,0.26557960768443617,0.05,0.05,0.4,0.5
0.4428706044589568,0.2655394263800748,0.05,0.0,0.45,0.5
0.4435470397198978,0.2659694717729583,0.05,0.4,0.0,0.55
0.4434612383384952,0.26591799380349945,0.05,0.35,0.05,0.55
0.4433795464686792,0.26586798769238407,0.05,0.3,0.1,0.55
0.44330191732647795,0.26581945343961233,0.05,0.25,0.15,0.55
0.4432283270199444,0.26577239104518424,0.05,0.2,0.2,0.55
0.4431587719629464,0.26572680050909975,0.05,0.15,0.25,0.55
0.4430932678199135,0.2656826818313589,0.05,0.1,0.3,0.55
0.4430318497617259,0.26564003501196154,0.05,0.05,0.35,0.55
0.44297457410727714,0.2655988600509079,0.05,0.0,0.4,0.55
0.4435863897023667,0.26598581889939316,0.05,0.35,0.0,0.6
0.4435021088410293,0.2659348191315855,0.05,0.3,0.05,0.6
0.4434219648265737,0.2658852912221215,0.05,0.25,0.1,0.6
0.44334591811076024,0.26583723517100105,0.05,0.2,0.15,0.6
0.443273953009816,0.2657906509782242,0.05,0.15,0.2,0.6
0.44320607552152474,0.265745538643791,0.05,0.1,0.25,0.6
0.44314231288196787,0.2657018981677014,0.05,0.05,0.3,0.6
0.44308271477693806,0.2656597295499554,0.05,0.0,0.35,0.6
0.44362911745126427,0.2660030863990014,0.05,0.3,0.0,0.65
0.44354637944151937,0.2659525648328451,0.05,0.25,0.05,0.65
0.4434678160757115,0.26590351512503224,0.05,0.2,0.1,0.65
0.443393395701403,0.26585593727556306,0.05,0.15,0.15,0.65
0.4433231121550805,0.26580983128443764,0.05,0.1,0.2,0.65
0.44325698314139306,0.2657651971516557,0.05,0.05,0.25,0.65
0.4431950507676315,0.26572203487721735,0.05,0.0,0.3,0.65
0.44367528350859153,0.26602127427178307,0.05,0.25,0.0,0.7
0.4435941203862903,0.2659712309072779,0.05,0.2,0.05,0.7
0.44351718193086975,0.2659226594011165,0.05,0.15,0.1,0.7
0.4434444455949347,0.2658755597532987,0.05,0.1,0.15,0.7
0.44337591690103106,0.2658299319638244,0.05,0.05,0.2,0.7
0.4433116287581357,0.26578577603269377,0.05,0.0,0.25,0.7
0.44372497450733894,0.26604038251773804,0.05,0.2,0.0,0.75
0.4436454300529377,0.2659908173548843,0.05,0.15,0.05,0.75
0.4435701751968302,0.2659427240503741,0.05,0.1,0.1,0.75
0.4434991986051695,0.26589610260420754,0.05,0.05,0.15,0.75
0.44343252117301035,0.26585095301638456,0.05,0.0,0.2,0.75
0.44377830848111266,0.2660604111368665,0.05,0.15,0.0,0.8
0.44370044142014187,0.26601132417566403,0.05,0.1,0.05,0.8
0.4436269479847802,0.26596370907280514,0.05,0.05,0.1,0.8
0.4435578318234685,0.2659175658282899,0.05,0.0,0.15,0.8
0.4438354432696148,0.2660813601291684,0.05,0.1,0.0,0.85
0.4437593324492285,0.2660327513696171,0.05,0.05,0.05,0.85
0.4436877053084121,0.26598561446840957,0.05,0.0,0.1,0.85
0.44389659013935673,0.2661032294946436,0.05,0.05,0.0,0.9
0.4438223434574382,0.26605509893674373,0.05,0.0,0.05,0.9
0.4439620371930456,0.2661260192332923,0.05,0.0,0.0,0.95
0.4435211443983131,0.26599461460856494,0.1,0.9,0.0,0.0
0.44341508730527274,0.26593616420230937,0.1,0.85,0.05,0.0
0.4433134891632834,0.26587918565439744,0.1,0.8,0.1,0.0
0.4432161754255665,0.2658236789648291,0.1,0.75,0.15,0.0
0.44312301714489544,0.2657696441336044,0.1,0.7,0.2,0.0
0.4430339186790019,0.26571708116072335,0.1,0.65,0.25,0.0
0.44294881003998726,0.2656659900461858,0.1,0.6,0.3,0.0
0.44286764194485695,0.26561637078999184,0.1,0.55,0.35,0.0
0.4427903825606981,0.26556822339214153,0.1,0.5,0.4,0.0
0.44271701539009206,0.2655215478526349,0.1,0.45,0.45,0.0
0.4426475379819809,0.2654763441714718,0.1,0.4,0.5,0.0
0.44258196129250604,0.2654326123486524,0.1,0.35,0.55,0.0
0.44252030961104893,0.26539035238417646,0.1,0.3,0.6,0.0
0.4424626210361809,0.2653495642780442,0.1,0.25,0.65,0.0
0.44240894855251484,0.2653102480302556,0.1,0.2,0.7,0.0
0.4423593618398194,0.2652724036408106,0.1,0.15,0.75,0.0
0.44231395006503066,0.2652360311097091,0.1,0.1,0.8,0.0
0.44227282611379665,0.2652011304369513,0.1,0.05,0.85,0.0
0.44223613312125476,0.2651677016225371,0.1,0.0,0.9,0.0
0.44352045861028633,0.26600086909429577,0.1,0.85,0.0,0.05
0.44341627541175793,0.26594289688969147,0.1,0.8,0.05,0.05
0.4433164534021988,0.2658863965434309,0.1,0.75,0.1,0.05
0.44322084135904116,0.2658313680555138,0.1,0.7,0.15,0.05
0.44312932736331584,0.26577781142594037,0.1,0.65,0.2,0.05
0.4430418288721812,0.2657257266547105,0.1,0.6,0.25,0.05
0.4429582864383838,0.26567511374182434,0.1,0.55,0.3,0.05
0.44287865961839107,0.2656259726872817,0.1,0.5,0.35,0.05
0.44280292429396034,0.26557830349108275,0.1,0.45,0.4,0.05
0.4427310709744119,0.2655321061532273,0.1,0.4,0.45,0.05
0.4426631038352688,0.2654873806737155,0.1,0.35,0.5,0.05
0.44259904036359843,0.2654441270525474,0.1,0.3,0.55,0.05
0.44253891156044906,0.26540234528972284,0.1,0.25,0.6,0.05
0.44248276271880627,0.26536203538524183,0.1,0.2,0.65,0.05
0.44243065486916755,0.2653231973391044,0.1,0.15,0.7,0.05
0.4423826670852911,0.2652858311513107,0.1,0.1,0.75,0.05
0.44233890000632053,0.26524993682186054,0.1,0.05,0.8,0.05
0.44229948123689866,0.2652155143507541,0.1,0.0,0.85,0.05
0.44352438903646996,0.2660080439532,0.1,0.8,0.0,0.1
0.4434219748783931,0.26595054995024703,0.1,0.75,0.05,0.1
0.44332384643817263,0.26589452780563766,0.1,0.7,0.1,0.1
0.44322987097891847,0.2658399775193719,0.1,0.65,0.15,0.1
0.4431399504710812,0.26578689909144976,0.1,0.6,0.2,0.1
0.4430540133638906,0.2657352925218712,0.1,0.55,0.25,0.1
0.4429720093212259,0.26568515781063634,0.1,0.5,0.3,0.1
0.44289390578834115,0.265636494957745,0.1,0.45,0.35,0.1
0.44281968577502356,0.26558930396319724,0.1,0.4,0.4,0.1
0.44274934651065323,0.2655435848269932,0.1,0.35,0.45,0.1
0.44268289878107864,0.26549933754913274,0.1,0.3,0.5,0.1
0.44262036685667827,0.2654565621296158,0.1,0.25,0.55,0.1
0.4425617889968773,0.2654152585684425,0.1,0.2,0.6,0.1
0.44250721858942604,0.26537542686561283,0.1,0.15,0.65,0.1
0.4424567260730936,0.26533706702112675,0.1,0.1,0.7,0.1
0.44241040193018866,0.2653001790349843,0.1,0.05,0.75,0.1
0.4423683612806698,0.2652647629071854,0.1,0.0,0.8,0.1
0.44353253858017483,0.26601613918527767,0.1,0.75,0.0,0.15
0.4434318159669641,0.2659591233839759,0.1,0.7,0.05,0.15
0.44333532070344944,0.26590357944101783,0.1,0.65,0.1,0.15
0.44324293518028646,0.26584950735640345,0.1,0.6,0.15,0.15
0.44315457307006717,0.26579690713013254,0.1,0.55,0.2,0.15
0.4430701723614188,0.2657457787622053,0.1,0.5,0.25,0.15
0.44298969087711054,0.2656961222526217,0.1,0.45,0.3,0.15
0.4429131033683643,0.26564793760138167,0.1,0.4,0.35,0.15
0.4428403996873852,0.2656012248084852,0.1,0.35,0.4,0.15
0.4427715837609585,0.2655559838739324,0.1,0.3,0.45,0.15
0.44270667322027185,0.2655122147977232,0.1,0.25,0.5,0.15
0.4426456996337476,0.2654699175798576,0.1,0.2,0.55,0.15
0.44258870936801087,0.2654290922203356,0.1,0.15,0.6,0.15
0.44253576518893667,0.2653897387191572,0.1,0.1,0.65,0.15
0.44248694883729345,0.2653518570763224,0.1,0.05,0.7,0.15
0.44244236502127754,0.2653154472918313,0.1,0.0,0.75,0.15
0.4435446352936568,0.2660251547905287,0.1,0.7,0.0,0.2
0.4434455459102346,0.26596861719087833,0.1,0.65,0.05,0.2
0.4433506393691363,0.2659135514495715,0.1,0.6,0.1,0.2
0.44325981076535276,0.26585995756660835,0.1,0.55,0.15,0.2
0.44317298390614157,0.2658078355419887,0.1,0.5,0.2,0.2
0.4430901053094062,0.26575718537571286,0.1,0.45,0.25,0.2
0.44301114034343597,0.2657080070677804,0.1,0.4,0.3,0.2
0.44293607076179026,0.26566030061819174,0.1,0.35,0.35,0.2
0.44286489322290484,0.2656140660269466,0.1,0.3,0.4,0.2
0.4427976185720044,0.2655693032940451,0.1,0.25,0.45,0.2
0.4427342717822304,0.26552601241948715,0.1,0.2,0.5,0.2
0.44267489254293557,0.26548419340327284,0.1,0.15,0.55,0.2
0.4426195365726222,0.2654438462454021,0.1,0.1,0.6,0.2
0.4425682778493705,0.26540497094587506,0.1,0.05,0.65,0.2
0.44252121213664025,0.2653675675046916,0.1,0.0,0.7,0.2
0.4435604852970494,0.26603509076895315,0.1,0.65,0.0,0.25
0.44346298531635037,0.265979031370954,0.1,0.6,0.05,0.25
0.4433696354113323,0.26592444383129854,0.1,0.55,0.1,0.25
0.443280341596374,0.2658713281499867,0.1,0.5,0.15,0.25
0.44319503668657717,0.26581968432701836,0.1,0.45,0.2,0.25
0.4431136750501358,0.2657695123623937,0.1,0.4,0.25,0.25
0.4430362292586167,0.26572081225611266,0.1,0.35,0.3,0.25
0.44296268800753613,0.2656735840081752,0.1,0.3,0.35,0.25
0.4428930549657275,0.26562782761858134,0.1,0.25,0.4,0.25
0.4428273483794979,0.2655835430873311,0.1,0.2,0.45,0.25
0.44276560137246296,0.2655407304144245,0.1,0.15,0.5,0.25
0.4427078629816029,0.26549938959986147,0.1,0.1,0.55,0.25
0.4426542000854397,0.26545952064364203,0.1,0.05,0.6,0.25
0.44260470055344303,0.26542112354576625,0.1,0.0,0.65,0.25
0.44357994851261745,0.266045947120551,0.1,0.6,0.0,0.3
0.44348400570318564,0.2659903659242032,0.1,0.55,0.05,0.3
0.44339219054958406,0.265936256586199,0.1,0.5,0.1,0.3
0.44330441866404685,0.2658836191065384,0.1,0.45,0.15,0.3
0.4432206310807918,0.2658324534852214,0.1,0.4,0.2,0.3
0.44314078961180065,0.265782759722248,0.1,0.35,0.25,0.3
0.4430648739329789,0.2657345378176183,0.1,0.3,0.3,0.3
0.44299287986255576,0.2656877877713321,0.1,0.25,0.35,0.3
0.44292481854820703,0.2656425095833896,0.1,0.2,0.4,0.3
0.44286071643735975,0.2655987032537906,0.1,0.15,0.45,0.3
0.4428006160258521,0.26555636878253525,0.1,0.1,0.5,0.3
0.4427445775035485,0.26551550616962355,0.1,0.05,0.55,0.3
0.4426926815862715,0.2654761154150554,0.1,0.0,0.6,0.3
0.44360292486677316,0.2660577238453223,0.1,0.55,0.0,0.35
0.44350851676066083,0.26600262085062576,0.1,0.5,0.05,0.35
0.44341822336042236,0.26594898971427283,0.1,0.45,0.1,0.35
0.44333196891189514,0.26589683043626355,0.1,0.4,0.15,0.35
0.44324970216078113,0.2658461430165978,0.1,0.35,0.2,0.35
0.44317139220449214,0.2657969274552757,0.1,0.3,0.25,0.35
0.44309702596971257,0.2657491837522973,0.1,0.25,0.3,0.35
0.4430266068478806,0.26570291190766243,0.1,0.2,0.35,0.35
0.44296015425951196,0.2656581119213712,0.1,0.15,0.4,0.35
0.4428977040790748,0.26561478379342346,0.1,0.1,0.45,0.35
0.4428393099950811,0.26557292752381945,0.1,0.05,0.5,0.35
0.4427850460582943,0.26553254311255897,0.1,0.0,0.55,0.35
0.44362934601304,0.26607042094326694,0.1,0.5,0.0,0.4
0.44353645876938275,0.2660157961502217,0.1,0.45,0.05,0.4
0.44344768227951614,0.2659626432155201,0.1,0.4,0.1,0.4
0.443362948753618,0.26591096213916204,0.1,0.35,0.15,0.4
0.443282214397657,0.26586075292114764,0.1,0.3,0.2,0.4
0.44320545568840214,0.2658120155614769,0.1,0.25,0.25,0.4
0.4431326672274566,0.26576475006014966,0.1,0.2,0.3,0.4
0.4430638607665157,0.2657189564171661,0.1,0.15,0.35,0.4
0.4429990652353616,0.2656746346325261,0.1,0.1,0.4,0.4
0.4429383277865117,0.2656317847062298,0.1,0.05,0.45,0.4
0.4428817160694516,0.26559040663827704,0.1,0.0,0.5,0.4
0.4436591703102135,0.266084038414385,0.1,0.45,0.0,0.45
0.44356779808656616,0.2660298918229911,0.1,0.4,0.05,0.45
0.44348054154230154,0.26597721708994077,0.1,0.35,0.1,0.45
0.4433973404477832,0.265926014215234,0.1,0.3,0.15,0.45
0.44331815847827916,0.2658762831988709,0.1,0.25,0.2,0.45
0.4432429798712098,0.26582802404085143,0.1,0.2,0.25,0.45
0.44317180767740677,0.2657812367411755,0.1,0.15,0.3,0.45
0.44310466325900344,0.26573592129984325,0.1,0.1,0.35,0.45
0.44304158695001206,0.26569207771685455,0.1,0.05,0.4,0.45
0.442982640038089,0.26564970599220944,0.1,0.0,0.45,0.45
0.4436923799343185,0.2660985762586765,0.1,0.4,0.0,0.5
0.4436025246753851,0.26604490786893387,0.1,0.35,0.05,0.5
0.4435167991216204,0.2659927113375348,0.1,0.3,0.1,0.5
0.44343515046391824,0.26594198666447944,0.1,0.25,0.15,0.5
0.4433575501523469,0.2658927338497676,0.1,0.2,0.2,0.5
0.4432839909317034,0.2658449528933994,0.1,0.15,0.25,0.5
0.4432144855642399,0.26579864379537477,0.1,0.1,0.3,0.5
0.44314906697247375,0.26575380655569375,0.1,0.05,0.35,0.5
0.44308778986901204,0.2657104411743563,0.1,0.0,0.4,0.5
0.4437289795639029,0.2661140344761414,0.1,0.35,0.0,0.55
0.44364065118286194,0.26606084428805005,0.1,0.3,0.05,0.55
0.44355647623100497,0.2660091259583023,0.1,0.25,0.1,0.55
0.44347640947780737,0.26595887948689817,0.1,0.2,0.15,0.55
0.44340043083276137,0.26591010487383765,0.1,0.15,0.2,0.55
0.44332854281032885,0.2658628021191207,0.1,0.1,0.25,0.55
0.44326076989555974,0.2658169712227474,0.1,0.05,0.3,0.55
0.44319715969143986,0.26577261218471765,0.1,0.0,0.35,0.55
0.4437689963995567,0.2661304130667797,0.1,0.3,0.0,0.6
0.44368221338482455,0.26607770108033973,0.1,0.25,0.05,0.6
0.44359961827967603,0.26602646095224325,0.1,0.2,0.1,0.6
0.44352117397063523,0.2659766926824904,0.1,0.15,0.15,0.6
0.443446870053076,0.2659283962710811,0.1,0.1,0.2,0.6
0.4433767208794164,0.26588157171801546,0.1,0.05,0.25,0.6
0.4433107659496686,0.26583621902329346,0.1,0.0,0.3,0.6
0.4438124815091858,0.2661477120305915,0.1,0.25,0.0,0.65
0.4437272720580168,0.2660954782458027,0.1,0.2,0.05,0.65
0.4436462974353131,0.2660447163193575,0.1,0.15,0.1,0.65
0.44356952973395364,0.26599542625125594,0.1,0.1,0.15,0.65
0.4434969703265816,0.265947608041498,0.1,0.05,0.2,0.65
0.44342864888469297,0.2659012616900836,0.1,0.0,0.25,0.65
0.4438595127170111,0.2661659313675766,0.1,0.2,0.0,0.7
0.44377591660229954,0.2661141757844391,0.1,0.15,0.05,0.7
0.4436966172854175,0.2660638920596452,0.1,0.1,0.1,0.7
0.44362159805803003,0.2660150801931949,0.1,0.05,0.15,0.7
0.4435508757234319,0.2659677401850883,0.1,0.0,0.2,0.7
0.44391019956103595,0.2661850710777352,0.1,0.15,0.0,0.75
0.44382827113007967,0.26613379369624895,0.1,0.1,0.05,0.75
0.4437507206574594,0.26608398817310636,0.1,0.05,0.1,0.75
0.4436775463233889,0.26603565450830735,0.1,0.0,0.15,0.75
0.4439646913732264,0.2662051311610671,0.1,0.1,0.0,0.8
0.4438845044850193,0.26615433198123223,0.1,0.05,0.05,0.8
0.4438088028773849,0.2661050046597409,0.1,0.0,0.1,0.8
0.4440231906235897,0.2662261116175724,0.1,0.05,0.0,0.85
0.44394484734086537,0.26617579063938884,0.1,0.0,0.05,0.85
0.4440859762894653,0.2662480124472512,0.1,0.0,0.0,0.9
0.44373468295316315,0.26615907621711354,0.15,0.85,0.0,0.0
0.4436259531339971,0.26609891359222554,0.15,0.8,0.05,0.0
0.4435217247139802,0.2660402228256812,0.15,0.75,0.1,0.0
0.4434218171396415,0.2659830039174804,0.15,0.7,0.15,0.0
0.44332609805785794,0.2659272568676233,0.15,0.65,0.2,0.0
0.4432344701889006,0.2658729816761098,0.15,0.6,0.25,0.0
0.4431468632333636,0.2658201783429398,0.15,0.55,0.3,0.0
0.4430632286924257,0.2657688468681135,0.15,0.5,0.35,0.0
0.4429835365132577,0.2657189872516308,0.15,0.45,0.4,0.0
0.44290777296739775,0.2656705994934917,0.15,0.4,0.45,0.0
0.442835939433042,0.2656236835936962,0.15,0.35,0.5,0.0
0.4427680519071961,0.2655782395522443,0.15,0.3,0.55,0.0
0.44270414117872503,0.26553426736913605,0.15,0.25,0.6,0.0
0.44264425368095395,0.26549176704437133,0.15,0.2,0.65,0.0
0.4425884531374831,0.2654507385779503,0.15,0.15,0.7,0.0
0.4425368232476839,0.2654111819698728,0.15,0.1,0.75,0.0
0.4424894718841332,0.26537309722013896,0.15,0.05,0.8,0.0
0.4424465377212657,0.26533648432874873,0.15,0.0,0.85,0.0
0.44373403715480797,0.26616536216704784,0.15,0.8,0.0,0.05
0.44362719758789915,0.2661056777438112,0.15,0.75,0.05,0.05
0.4435247591544575,0.2660474651789181,0.15,0.7,0.1,0.05
0.44342656587808715,0.26599072447236866,0.15,0.65,0.15,0.05
0.44333250327341067,0.26593545562416276,0.15,0.6,0.2,0.05
0.44324248778545433,0.2658816586343005,0.15,0.55,0.25,0.05
0.4431564601732946,0.26582933350278193,0.15,0.5,0.3,0.05
0.4430743812531236,0.2657784802296069,0.15,0.45,0.35,0.05
0.4429962291666929,0.2657290988147754,0.15,0.4,0.4,0.05
0.4429219977167887,0.2656811892582876,0.15,0.35,0.45,0.05
0.4428516955193446,0.26563475156014343,0.15,0.3,0.5,0.05
0.44278534585170576,0.2655897857203428,0.15,0.25,0.55,0.05
0.44272298717326464,0.26554629173888583,0.15,0.2,0.6,0.05
0.4426646743868952,0.2655042696157725,0.15,0.15,0.65,0.05
0.44261048102519657,0.26546371935100266,0.15,0.1,0.7,0.05
0.4425605027278736,0.26542464094457646,0.15,0.05,0.75,0.05
0.4425148627176586,0.2653870343964939,0.15,0.0,0.8,0.05
0.44373808819849375,0.26617256849015564,0.15,0.75,0.0,0.1
0.4436330318622234,0.2661133622685702,0.15,0.7,0.05,0.1
0.4435323000376059,0.2660556279053284,0.15,0.65,0.1,0.1
0.4434357561335911,0.26599936540043023,0.15,0.6,0.15,0.1
0.44334330020739865,0.2659445747538757,0.15,0.55,0.2,0.1
0.4432548602295624,0.26589125596566465,0.15,0.5,0.25,0.1
0.44317038655735386,0.2658394090357974,0.15,0.45,0.3,0.1
0.4430898483865483,0.26578903396427367,0.15,0.4,0.35,0.1
0.44301323152305455,0.2657401307510935,0.15,0.35,0.4,0.1
0.44294053711340475,0.26569269939625695,0.15,0.3,0.45,0.1
0.4428717811458386,0.265646739899764,0.15,0.25,0.5,0.1
0.44280699465007306,0.2656022522616147,0.15,0.2,0.55,0.1
0.44274622462153,0.26555923648180907,0.15,0.15,0.6,0.1
0.4426895358042459,0.26551769256034696,0.15,0.1,0.65,0.1
0.44263701362345326,0.26547762049722845,0.15,0.05,0.7,0.1
0.4425887688353365,0.2654390202924536,0.15,0.0,0.75,0.1
0.44374642562453526,0.2661806951864367,0.15,0.7,0.0,0.15
0.4436430741767975,0.2661219671665026,0.15,0.65,0.05,0.15
0.44354398870511297,0.26606471100491214,0.15,0.6,0.1,0.15
0.4434490484383515,0.2660089267016652,0.15,0.55,0.15,0.15
0.4433581656879779,0.265954614256762,0.15,0.5,0.2,0.15
0.44327127846132647,0.2659017736702023,0.15,0.45,0.25,0.15
0.4431883457723757,0.26585040494198625,0.15,0.4,0.3,0.15
0.4431093446646683,0.2658005080721138,0.15,0.35,0.35,0.15
0.4430342684149598,0.26575208306058495,0.15,0.3,0.4,0.15
0.4429631256322539,0.2657051299073997,0.15,0.25,0.45,0.15
0.4428959401185206,0.26565964861255803,0.15,0.2,0.5,0.15
0.44283275147033757,0.26561563917606007,0.15,0.15,0.55,0.15
0.44277361651070724,0.26557310159790565,0.15,0.1,0.6,0.15
0.44271861178389094,0.2655320358780949,0.15,0.05,0.65,0.15
0.4426678375834318,0.2654924420166276,0.15,0.0,0.7,0.15
0.44375877125458457,0.26618974225589126,0.15,0.65,0.0,0.2
0.4436570663513402,0.2661314924376085,0.15,0.6,0.05,0.2
0.4435595835562162,0.2660747144776692,0.15,0.55,0.1,0.2
0.4434662153695734,0.2660194083760737,0.15,0.5,0.15,0.2
0.4433768847410142,0.2659655741328217,0.15,0.45,0.2,0.2
0.44329153870777016,0.26591321174791327,0.15,0.4,0.25,0.2
0.44321014437277917,0.2658623212213485,0.15,0.35,0.3,0.2
0.44313268641130155,0.2658129025531274,0.15,0.3,0.35,0.2
0.4430591656711168,0.2657649557432498,0.15,0.25,0.4,0.2
0.44298959864497955,0.26571848079171584,0.15,0.2,0.45,0.2
0.4429240177365331,0.2656734776985255,0.15,0.15,0.5,0.2
0.442862472362262,0.2656299464636788,0.15,0.1,0.55,0.2
0.4428050310726988,0.2655878870871757,0.15,0.05,0.6,0.2
0.44275178509167085,0.2655472995690161,0.15,0.0,0.65,0.2
0.44377492889005643,0.26619970969851925,0.15,0.6,0.0,0.25
0.4436748272864391,0.2661419380818877,0.15,0.55,0.05,0.25
0.4435789163952237,0.2660856383235998,0.15,0.5,0.1,0.25
0.44348710013126014,0.26603081042365545,0.15,0.45,0.15,0.25
0.4433993109460361,0.2659774543820547,0.15,0.4,0.2,0.25
0.44331550426593913,0.2659255701987977,0.15,0.35,0.25,0.25
0.4432356550235321,0.2658751578738842,0.15,0.3,0.3,0.25
0.44315975559848914,0.2658262174073143,0.15,0.25,0.35,0.25
0.44308781481133647,0.265778748799088,0.15,0.2,0.4,0.25
0.44301985780985337,0.26573275204920543,0.15,0.15,0.45,0.25
0.44295592683464835,0.2656882271576664,0.15,0.1,0.5,0.25
0.44289608299887523,0.2656451741244709,0.15,0.05,0.55,0.25
0.4428404094246598,0.2656035929496191,0.15,0.0,0.6,0.25
0.44379475874246305,0.2662105975143206,0.15,0.55,0.0,0.3
0.4436962293190123,0.26615330409934035,0.15,0.5,0.05,0.3
0.44360187028147413,0.26609748254270377,0.15,0.45,0.1,0.3
0.4435115956051869,0.26604313284441067,0.15,0.4,0.15,0.3
0.4434253464807904,0.26599025500446133,0.15,0.35,0.2,0.3
0.44334308639368175,0.26593884902285553,0.15,0.3,0.25,0.3
0.44326479813699626,0.2658889148995934,0.15,0.25,0.3,0.3
0.4431904821722381,0.2658404526346747,0.15,0.2,0.35,0.3
0.4431201560507929,0.26579346222809974,0.15,0.15,0.4,0.3
0.4430538548054346,0.26574794367986837,0.15,0.1,0.45,0.3
0.44299163239178113,0.2657038969899806,0.15,0.05,0.5,0.3
0.44293356447274107,0.26566132215843646,0.15,0.0,0.55,0.3
0.4438181630741543,0.26622240570329536,0.15,0.5,0.0,0.35
0.44372118499406477,0.2661655904899664,0.15,0.45,0.05,0.35
0.44362836721061,0.2661102471349811,0.15,0.4,0.1,0.35
0.443539632797664,0.2660563756383393,0.15,0.35,0.15,0.35
0.4434549312418966,0.2660039760000413,0.15,0.3,0.2,0.35
0.4433742340541135,0.2659530482200867,0.15,0.25,0.25,0.35
0.4432975322305893,0.2659035922984758,0.15,0.2,0.3,0.35
0.4432248350583668,0.26585560823520854,0.15,0.15,0.35,0.35
0.44315617005205005,0.26580909603028485,0.15,0.1,0.4,0.35
0.4430915840276894,0.26576405568370476,0.15,0.05,0.45,0.35
0.44303114555494433,0.2657204871954683,0.15,0.0,0.5,0.35
0.4438450777272911,0.26623513426544354,0.15,0.45,0.0,0.4
0.4437496393422719,0.26617879725376586,0.15,0.4,0.05,0.4
0.44365836102844913,0.26612393210043184,0.15,0.35,0.1,0.4
0.44357117432801774,0.2660705388054414,0.15,0.3,0.15,0.4
0.4434880368860007,0.26601861736879456,0.15,0.25,0.2,0.4
0.4434089285262192,0.26596816779049137,0.15,0.2,0.25,0.4
0.4433338491701214,0.2659191900705317,0.15,0.15,0.3,0.4
0.443262818168488,0.2658716842089157,0.15,0.1,0.35,0.4
0.44319587493316603,0.26582565020564336,0.15,0.05,0.4,0.4
0.4431330810421899,0.26578108806071454,0.15,0.0,0.45,0.4
0.44387546714054466,0.2662487832007651,0.15,0.4,0.0,0.45
0.4437815654562197,0.2661929243907387,0.15,0.35,0.05,0.45
0.4436918335236592,0.26613853743905597,0.15,0.3,0.1,0.45
0.44360621103457293,0.26608562234571687,0.15,0.25,0.15,0.45
0.44352466398547635,0.26603417911072136,0.15,0.2,0.2,0.45
0.4434471811955848,0.26598420773406933,0.15,0.15,0.25,0.45
0.44337377275286005,0.26593570821576107,0.15,0.1,0.3,0.45
0.4433044700536687,0.2658886805557964,0.15,0.05,0.35,0.45
0.4432393274979954,0.26584312475417526,0.15,0.0,0.4,0.45
0.4439093216934502,0.2662633525092601,0.15,0.35,0.0,0.5
0.44381696231495776,0.266207971900885,0.15,0.3,0.05,0.5
0.4437287927456165,0.26615406315085355,0.15,0.25,0.1,0.5
0.4436447608397005,0.26610162625916567,0.15,0.2,0.15,0.5
0.4435648415467964,0.2660506612258215,0.15,0.15,0.2,0.5
0.4434890339112501,0.2660011680508208,0.15,0.1,0.25,0.5
0.4434173602235441,0.2659531467341638,0.15,0.05,0.3,0.5
0.4433498671603747,0.26590659727585036,0.15,0.0,0.35,0.5
0.4439466568341543,0.26627884219092857,0.15,0.3,0.0,0.55
0.44385585439268116,0.2662239397842048,0.15,0.25,0.05,0.55
0.4437692731684613,0.2661705092358246,0.15,0.2,0.1,0.55
0.44368686959888476,0.26611855054578804,0.15,0.15,0.15,0.55
0.44360862876165724,0.266068063714095,0.15,0.1,0.2,0.55
0.44353456200966307,0.26601904874074567,0.15,0.05,0.25,0.55
0.44346470724314957,0.26597150562573996,0.15,0.0,0.3,0.55
0.4439875138185903,0.26629525224577033,0.15,0.25,0.0,0.6
0.4438982929608997,0.2662408280406978,0.15,0.2,0.05,0.6
0.443813337718604,0.26618787569396896,0.15,0.15,0.1,0.6
0.4437326141111099,0.2661363952055837,0.15,0.1,0.15,0.6
0.4436561194334753,0.26608638657554207,0.15,0.05,0.2,0.6
0.44358388094394097,0.26603784980384393,0.15,0.0,0.25,0.6
0.44403196219235297,0.2663125826737856,0.15,0.2,0.0,0.65
0.4439443593297723,0.26625863667036437,0.15,0.15,0.05,0.65
0.443861082092785,0.2662061625252867,0.15,0.1,0.1,0.65
0.44378210802966855,0.26615516023855273,0.15,0.05,0.15,0.65
0.4437074504159649,0.2661056298101624,0.15,0.0,0.2,0.65
0.4440801045055749,0.26633083347497416,0.15,0.15,0.0,0.7
0.4439941707240018,0.26627736567320426,0.15,0.1,0.05,0.7
0.44391264243425876,0.26622536972977795,0.15,0.05,0.1,0.7
0.44383551247398695,0.26617484564469523,0.15,0.0,0.15,0.7
0.44413208433805185,0.2663500046493362,0.15,0.1,0.0,0.75
0.444047890310501,0.2662970150492176,0.15,0.05,0.05,0.75
0.44396820879511467,0.26624549730744257,0.15,0.0,0.1,0.75
0.44418809991409164,0.26637009619687163,0.15,0.05,0.0,0.8
0.44410574478161474,0.26631758479840434,0.15,0.0,0.05,0.8
0.44424842855762514,0.2663911081175805,0.15,0.0,0.0,0.85
0.4439830359828388,0.2663437828372661,0.2,0.8,0.0,0.0
0.443871607673118,0.2662819079937457,0.2,0.75,0.05,0.0
0.4437647439486784,0.2662215050085689,0.2,0.7,0.1,0.0
0.4436622555326135,0.2661625738817358,0.2,0.65,0.15,0.0
0.44356400507859184,0.2661051146132462,0.2,0.6,0.2,0.0
0.44346989279083115,0.2660491272031002,0.2,0.55,0.25,0.0
0.44337984768593425,0.2659946116512979,0.2,0.5,0.3,0.0
0.44329382208566137,0.26594156795783913,0.2,0.45,0.35,0.0
0.44321178812577927,0.265889996122724,0.2,0.4,0.4,0.0
0.4431337356332301,0.26583989614595255,0.2,0.35,0.45,0.0
0.4430596710241449,0.26579126802752456,0.2,0.3,0.5,0.0
0.4429896170557341,0.2657441117674403,0.2,0.25,0.55,0.0
0.44292361339557446,0.2656984273656996,0.2,0.2,0.6,0.0
0.4428617180951098,0.26565421482230245,0.2,0.15,0.65,0.0
0.44280401021197174,0.265611474137249,0.2,0.1,0.7,0.0
0.442750594086055,0.2655702053105391,0.2,0.05,0.75,0.0
0.44270160629374145,0.2655304083421729,0.2,0.0,0.8,0.0
0.44398238535080486,0.26635010025140393,0.2,0.75,0.0,0.05
0.443872873814901,0.2662887036095348,0.2,0.7,0.05,0.05
0.44376782274394205,0.2662287788260093,0.2,0.65,0.1,0.05
0.4436670692315239,0.2661703259008275,0.2,0.6,0.15,0.05
0.4435704949778838,0.2661133448339892,0.2,0.55,0.2,0.05
0.4434780147822607,0.2660578356254945,0.2,0.5,0.25,0.05
0.44338956943881735,0.2660037982753435,0.2,0.45,0.3,0.05
0.44330512124661725,0.265951232783536,0.2,0.4,0.35,0.05
0.4432246512093603,0.26590013915007216,0.2,0.35,0.4,0.05
0.44314815742993224,0.2658505173749519,0.2,0.3,0.45,0.05
0.44307565444429214,0.2658023674581753,0.2,0.25,0.5,0.05
0.44300717339510276,0.26575568939974226,0.2,0.2,0.55,0.05
0.44294276307373864,0.26571048319965285,0.2,0.15,0.6,0.05
0.4428824920024952,0.26566674885790703,0.2,0.1,0.65,0.05
0.4428264519426962,0.26562448637450486,0.2,0.05,0.7,0.05
0.44277476361208573,0.26558369574944624,0.2,0.0,0.75,0.05
0.4439865398485629,0.26635733803871514,0.2,0.7,0.0,0.1
0.4438788344521937,0.26629641959849737,0.2,0.65,0.05,0.1
0.44377551093285417,0.26623697301662314,0.2,0.6,0.1,0.1
0.4436764270550763,0.26617899829309255,0.2,0.55,0.15,0.1
0.4435814799781872,0.26612249542790556,0.2,0.5,0.2,0.1
0.44349059676970837,0.2660674644210622,0.2,0.45,0.25,0.1
0.44340372850013404,0.2660139052725624,0.2,0.4,0.3,0.1
0.44332084653541726,0.26596181798240626,0.2,0.35,0.35,0.1
0.44324194030234454,0.2659112025505937,0.2,0.3,0.4,0.1
0.4431670161441346,0.2658620589771247,0.2,0.25,0.45,0.1
0.44309609708677467,0.2658143872619994,0.2,0.2,0.5,0.1
0.44302922348368046,0.2657681874052177,0.2,0.15,0.55,0.1
0.4429664546483365,0.26572345940677955,0.2,0.1,0.6,0.1
0.4429078717735379,0.26568020326668507,0.2,0.05,0.65,0.1
0.4428535827612606,0.2656384189849341,0.2,0.0,0.7,0.1
0.44399507063546856,0.2663654961991998,0.2,0.65,0.0,0.15
0.44388909135334953,0.2663050559606333,0.2,0.6,0.05,0.15
0.4437874348110113,0.2662460875804104,0.2,0.55,0.1,0.15
0.4436899755800266,0.2661885910585311,0.2,0.5,0.15,0.15
0.4435966238487406,0.2661325663949954,0.2,0.45,0.2,0.15
0.44350731741618854,0.2660780135898033,0.2,0.4,0.25,0.15
0.4434220167071206,0.26602493264295485,0.2,0.35,0.3,0.15
0.44334070170152373,0.2659733235544499,0.2,0.3,0.35,0.15
0.44326337019864437,0.26592318632428863,0.2,0.25,0.4,0.15
0.4431900371230285,0.265874520952471,0.2,0.2,0.45,0.15
0.443120734765575,0.265827327438997,0.2,0.15,0.5,0.15
0.4430555140073797,0.2657816057838665,0.2,0.1,0.55,0.15
0.442994446754284,0.26573735598707965,0.2,0.05,0.6,0.15
0.44293763009417536,0.26569457804863644,0.2,0.0,0.65,0.15
0.44400769079319286,0.2663745747328579,0.2,0.6,0.0,0.2
0.4439033787842482,0.26631461269594264,0.2,0.55,0.05,0.2
0.4438033461617527,0.266256122517371,0.2,0.5,0.1,0.2
0.44370748157522766,0.266199104197143,0.2,0.45,0.15,0.2
0.4436157065588831,0.2661435577352586,0.2,0.4,0.2,0.2
0.4435279686451524,0.26608948313171776,0.2,0.35,0.25,0.2
0.4434442371170905,0.2660368803865206,0.2,0.3,0.3,0.2
0.4433645004892379,0.26598574949966697,0.2,0.25,0.35,0.2
0.44328876524916033,0.265936090471157,0.2,0.2,0.4,0.2
0.44321705564898367,0.26588790330099066,0.2,0.15,0.45,0.2
0.44314941452249434,0.2658411879891679,0.2,0.1,0.5,0.2
0.443085905290082,0.2657959445356888,0.2,0.05,0.55,0.2
0.44302661557904005,0.2657521729405532,0.2,0.0,0.6,0.2
0.4440242006185002,0.2663845736396893,0.2,0.55,0.0,0.25
0.4439215130211501,0.2663250898044254,0.2,0.5,0.05,0.25
0.443823074940507,0.266267077827505,0.2,0.45,0.1,0.25
0.44372878714334113,0.26621053770892833,0.2,0.4,0.15,0.25
0.4436385813635665,0.2661554694486952,0.2,0.35,0.2,0.25
0.4435524142878336,0.2661018730468057,0.2,0.3,0.25,0.25
0.4434702639287864,0.2660497485032598,0.2,0.25,0.3,0.25
0.44339212762021396,0.2659990958180575,0.2,0.2,0.35,0.25
0.44331802126219605,0.2659499149911988,0.2,0.15,0.4,0.25
0.44324797969372887,0.2659022060226837,0.2,0.1,0.45,0.25
0.443182058283189,0.26585596891251223,0.2,0.05,0.5,0.25
0.44312033609310897,0.26581120366068445,0.2,0.0,0.55,0.25
0.44404446030507866,0.26639549291969417,0.2,0.5,0.0,0.3
0.4439433671410926,0.2663364872860815,0.2,0.45,0.05,0.3
0.4438465056950819,0.2662789535108125,0.2,0.4,0.1,0.3
0.44375378745177574,0.266222891593887,0.2,0.35,0.15,0.3
0.44366515362588316,0.2661683015353052,0.2,0.3,0.2,0.3
0.4435805698501256,0.266115183335067,0.2,0.25,0.25,0.3
0.4435000231065643,0.26606353699317237,0.2,0.2,0.3,0.3
0.44342352024916765,0.2660133625096214,0.2,0.15,0.35,0.3
0.4433510878420025,0.265964659884414,0.2,0.1,0.4,0.3
0.44328277330886884,0.26591742911755023,0.2,0.05,0.45,0.3
0.4432186476802571,0.26587167020903,0.2,0.0,0.5,0.3
0.4440683748507833,0.26640733257287247,0.2,0.45,0.0,0.35
0.4439688571646553,0.266348805140911,0.2,0.4,0.05,0.35
0.4438735647068805,0.26629174956729335,0.2,0.35,0.1,0.35
0.44378241872603047,0.26623616585201915,0.2,0.3,0.15,0.35
0.4436953695798751,0.2661820539950886,0.2,0.25,0.2,0.35
0.44361239201689423,0.26612941399650175,0.2,0.2,0.25,0.35
0.44353348265716896,0.2660782458562584,0.2,0.15,0.3,0.35
0.44345865912288823,0.2660285495743587,0.2,0.1,0.35,0.35
0.4433879606658574,0.2659803251508026,0.2,0.05,0.4,0.35
0.44332145048984306,0.2659335725855901,0.2,0.0,0.45,0.35
0.44409588535725103,0.2664200925992241,0.2,0.4,0.0,0.4
0.44399793418426314,0.2663620433689141,0.2,0.35,0.05,0.4
0.44390421283880666,0.2663054659969476,0.2,0.3,0.1,0.4
0.4438146517700973,0.2662503604833247,0.2,0.25,0.15,0.4
0.44372921052996284,0.26619672682804546,0.2,0.2,0.2,0.4
0.4436478735968875,0.26614456503110984,0.2,0.15,0.25,0.4
0.4435706484700831,0.2660938750925178,0.2,0.1,0.3,0.4
0.44349756560389225,0.26604465701226937,0.2,0.05,0.35,0.4
0.44342868024005494,0.2659969107903646,0.2,0.0,0.4,0.4
0.4441269641464985,0.2664337729987492,0.2,0.35,0.0,0.45
0.44403058012186336,0.26637620197009043,0.2,0.3,0.05,0.45
0.4439384419114231,0.2663201027997752,0.2,0.25,0.1,0.45
0.4438504889929226,0.2662654754878037,0.2,0.2,0.15,0.45
0.44376669062240376,0.2662123200341757,0.2,0.15,0.2,0.45
0.44368704222452177,0.2661606364388914,0.2,0.1,0.25,0.45
0.443611564288711,0.2661104247019506,0.2,0.05,0.3,0.45
0.4435403035478937,0.2660616848233535,0.2,0.0,0.35,0.45
0.4441616124966455,0.2664483737714477,0.2,0.3,0.0,0.5
0.4440668060489782,0.26639128094444026,0.2,0.25,0.05,0.5
0.4439762736647063,0.2663356599757763,0.2,0.2,0.1,0.5
0.443889964135007,0.26628151086545604,0.2,0.15,0.15,0.5
0.44380785755948954,0.2662288336134794,0.2,0.1,0.2,0.5
0.4437299624584187,0.2661776282198463,0.2,0.05,0.25,0.5
0.44365631593507265,0.2661278946845569,0.2,0.0,0.3,0.5
0.44419986050124444,0.26646389491731964,0.2,0.25,0.0,0.55
0.4441066526823924,0.26640728029196337,0.2,0.2,0.05,0.55
0.4440177610509481,0.2663521375249508,0.2,0.15,0.1,0.55
0.44393314462722006,0.2662984666162818,0.2,0.1,0.15,0.55
0.44385279649165804,0.26624626756595643,0.2,0.05,0.2,0.55
0.4437767420798546,0.2661955403739747,0.2,0.0,0.25,0.55
0.4442417690239435,0.26648033643636493,0.2,0.2,0.0,0.6
0.44415019316123844,0.26642420001266,0.2,0.15,0.05,0.6
0.4440629921708704,0.2663695354472987,0.2,0.1,0.1,0.6
0.44398013724686247,0.26631634274028104,0.2,0.05,0.15,0.6
0.44390163843668184,0.2662646218916069,0.2,0.0,0.2,0.6
0.44428743418129696,0.26649769832858367,0.2,0.15,0.0,0.65
0.44419753876746865,0.26644204010653005,0.2,0.1,0.05,0.65
0.4441120979341641,0.26638785374282,0.2,0.05,0.1,0.65
0.4440310989928476,0.2663351392374536,0.2,0.0,0.15,0.65
0.4443369954739334,0.26651598059397574,0.2,0.1,0.0,0.7
0.4442488492030115,0.26646080057357346,0.2,0.05,0.05,0.7
0.44416526610576323,0.2664070924115147,0.2,0.0,0.1,0.7
0.444390650070677,0.26653518323254133,0.2,0.05,0.0,0.75
0.44430435122349143,0.26648048141379027,0.2,0.0,0.05,0.75
0.4444486792423019,0.26655530624428025,0.2,0.0,0.0,0.8
0.44426598149222857,0.2665487344690227,0.25,0.75,0.0,0.0
0.4441518362329223,0.2664851474068699,0.25,0.7,0.05,0.0
0.4440423400671876,0.2664230322030607,0.25,0.65,0.1,0.0
0.4439372922411043,0.2663623888575951,0.25,0.6,0.15,0.0
0.4438365489052245,0.26630321737047313,0.25,0.55,0.2,0.0
0.443740007020387,0.26624551774169475,0.25,0.5,0.25,0.0
0.4436475947611025,0.26618928997125996,0.25,0.45,0.3,0.0
0.4435592655881972,0.26613453405916887,0.25,0.4,0.35,0.0
0.44347499460049045,0.26608125000542127,0.25,0.35,0.4,0.0
0.44339477644555936,0.2660294378100173,0.25,0.3,0.45,0.0
0.44331862442486564,0.26597909747295695,0.25,0.25,0.5,0.0
0.44324657065025447,0.26593022899424024,0.25,0.2,0.55,0.0
0.44317866728695654,0.2658828323738671,0.25,0.15,0.6,0.0
0.4431149891191547,0.26583690761183765,0.25,0.1,0.65,0.0
0.44305563798796976,0.2657924547081517,0.25,0.05,0.7,0.0
0.44300075027742475,0.2657494736628094,0.25,0.0,0.75,0.0
0.44426529316340024,0.26655508334736405,0.25,0.7,0.0,0.05
0.4441531013587502,0.2664919744868625,0.25,0.65,0.05,0.05
0.4440454493406018,0.26643033748470457,0.25,0.6,0.1,0.05
0.4439421651112399,0.26637017234089033,0.25,0.55,0.15,0.05
0.4438431254191215,0.26631147905541963,0.25,0.5,0.2,0.05
0.44374824296494997,0.2662542576282925,0.25,0.45,0.25,0.05
0.44365745865489165,0.26619850805950906,0.25,0.4,0.3,0.05
0.4435707368200803,0.26614423034906914,0.25,0.35,0.35,0.05
0.44348806235531724,0.26609142449697293,0.25,0.3,0.4,0.05
0.4434094392379199,0.26604009050322025,0.25,0.25,0.45,0.05
0.44333489017584843,0.26599022836781117,0.25,0.2,0.5,0.05
0.44326445733583963,0.26594183809074573,0.25,0.15,0.55,0.05
0.44319820429546375,0.2658949196720239,0.25,0.1,0.6,0.05
0.44313621962715966,0.2658494731116457,0.25,0.05,0.65,0.05
0.44307862300292805,0.2658054984096111,0.25,0.0,0.7,0.05
0.4442695473130452,0.2665623525988788,0.25,0.65,0.0,0.1
0.4441591933001949,0.2664997219400286,0.25,0.6,0.05,0.1
0.4440532977950382,0.2664385631395219,0.25,0.55,0.1,0.1
0.4439517111743757,0.2663788761973589,0.25,0.5,0.15,0.1
0.4438543268543227,0.26632066111353947,0.25,0.45,0.2,0.1
0.443761070789522,0.2662639178880637,0.25,0.4,0.25,0.1
0.4436718950759624,0.2662086465209315,0.25,0.35,0.3,0.1
0.44358677405731417,0.2661548470121429,0.25,0.3,0.35,0.1
0.44350570212246654,0.26610251936169793,0.25,0.25,0.4,0.1
0.44342869279135705,0.26605166356959653,0.25,0.2,0.45,0.1
0.44335577893978984,0.26600227963583883,0.25,0.15,0.5,0.1
0.4432870142207278,0.2659543675604246,0.25,0.1,0.55,0.1
0.4432224759823834,0.26590792734335417,0.25,0.05,0.6,0.1
0.4431622703818924,0.2658629589846272,0.25,0.0,0.65,0.1
0.44427829147958153,0.2665705422235669,0.25,0.6,0.0,0.15
0.4441696928002334,0.2665083897663679,0.25,0.55,0.05,0.15
0.44406549259873546,0.2664477091675126,0.25,0.5,0.1,0.15
0.44396555936603466,0.2663885004270009,0.25,0.45,0.15,0.15
0.4438698005763162,0.26633076354483276,0.25,0.4,0.2,0.15
0.44377815385105385,0.26627449852100826,0.25,0.35,0.25,0.15
0.44369058159905606,0.26621970535552736,0.25,0.3,0.3,0.15
0.4436070678574014,0.2661663840483901,0.25,0.25,0.35,0.15
0.4435276166935231,0.2661145345995964,0.25,0.2,0.4,0.15
0.44345225188169957,0.2660641570091463,0.25,0.15,0.45,0.15
0.44338101781440814,0.2660152512770398,0.25,0.1,0.5,0.15
0.4433139818545512,0.26596781740327696,0.25,0.05,0.55,0.15
0.4432512386914194,0.2659218553878578,0.25,0.0,0.6,0.15
0.44429122759539597,0.26657965222142843,0.25,0.55,0.0,0.2
0.4441843245633857,0.26651797796588084,0.25,0.5,0.05,0.2
0.44408177724060394,0.2664577755686768,0.25,0.45,0.1,0.2
0.443983469266807,0.2663990450298164,0.25,0.4,0.15,0.2
0.44388932041401524,0.2663417863492995,0.25,0.35,0.2,0.2
0.44379927900305227,0.2662859995271263,0.25,0.3,0.25,0.2
0.443713317383909,0.26623168456329666,0.25,0.25,0.3,0.2
0.4436314294347393,0.2661788414578107,0.25,0.2,0.35,0.2
0.4435536295793555,0.26612747021066824,0.25,0.15,0.4,0.2
0.4434799531546628,0.2660775708218695,0.25,0.1,0.45,0.2
0.4434104582356982,0.2660291432914143,0.25,0.05,0.5,0.2
0.4433452293730771,0.2659821876193027,0.25,0.0,0.55,0.2
0.44430815152913533,0.2665896825924634,0.25,0.5,0.0,0.25
0.44420290161957404,0.26652848653856703,0.25,0.45,0.05,0.25
0.44410197948584756,0.2664687623430143,0.25,0.4,0.1,0.25
0.4440052818256124,0.2664105100058052,0.25,0.35,0.15,0.25
0.44391273956717237,0.2663537295269396,0.25,0.3,0.2,0.25
0.44382431126242944,0.26629842090641764,0.25,0.25,0.25,0.25
0.4437399792941132,0.26624458414423935,0.25,0.2,0.3,0.25
0.44365974802508007,0.26619221924040465,0.25,0.15,0.35,0.25
0.44358364352146584,0.26614132619491354,0.25,0.1,0.4,0.25
0.4435117148325777,0.266091905007766,0.25,0.05,0.45,0.25
0.443444037181232,0.26604395567896216,0.25,0.0,0.5,0.25
0.4443289235469503,0.2666006333366718,0.25,0.45,0.0,0.3
0.44422529814506384,0.26653991548442674,0.25,0.4,0.05,0.3
0.4441259860158343,0.26648066949052523,0.25,0.35,0.1,0.3
0.44403089546868046,0.2664228953549674,0.25,0.3,0.15,0.3
0.44393996795595136,0.2663665930777531,0.25,0.25,0.2,0.3
0.443853172262692,0.2663117626588825,0.25,0.2,0.25,0.3
0.44377050140230906,0.26625840409835544,0.25,0.15,0.3,0.3
0.4436919714926599,0.266206517396172,0.25,0.1,0.35,0.3
0.4436176224032776,0.26615610255233224,0.25,0.05,0.4,0.3
0.4435475204083287,0.26610715956683606,0.25,0.0,0.45,0.3
0.4443534523320136,0.2666125044540535,0.25,0.4,0.0,0.35
0.44425143486395163,0.2665522648034597,0.25,0.35,0.05,0.35
0.44415372895858446,0.2664934970112096,0.25,0.3,0.1,0.35
0.4440602536169695,0.26643620107730304,0.25,0.25,0.15,0.35
0.44397096066637437,0.26638037700174005,0.25,0.2,0.2,0.35
0.4438858296496214,0.26632602478452067,0.25,0.15,0.25,0.35
0.44380486546133857,0.266273144425645,0.25,0.1,0.3,0.35
0.4437280981653274,0.2662217359251128,0.25,0.05,0.35,0.35
0.4436555850450731,0.2661717992829243,0.25,0.0,0.4,0.35
0.44438168606926376,0.2666252959446087,0.25,0.35,0.0,0.4
0.44428127108012455,0.26656553449566617,0.25,0.3,0.05,0.4
0.44418517877228364,0.2665072449050674,0.25,0.25,0.1,0.4
0.44409333840756876,0.26645042717281203,0.25,0.2,0.15,0.4
0.44400571257818267,0.26639508129890044,0.25,0.15,0.2,0.4
0.44392229279347006,0.2663412072833323,0.25,0.1,0.25,0.4
0.44384309805866606,0.2662888051261079,0.25,0.05,0.3,0.4
0.44376817613810277,0.26623787482722705,0.25,0.0,0.35,0.4
0.44441360781204553,0.26663900780833727,0.25,0.3,0.0,0.45
0.4443148008153235,0.2665797245610461,0.25,0.25,0.05,0.45
0.44422034117717685,0.2665219131720985,0.25,0.2,0.1,0.45
0.44413016852670906,0.26646557364149454,0.25,0.15,0.15,0.45
0.44404425732494823,0.2664107059692341,0.25,0.1,0.2,0.45
0.4439626133047507,0.26635731015531733,0.25,0.05,0.25,0.45
0.44388527352030777,0.2663053861997442,0.25,0.0,0.3,0.45
0.44444923391919366,0.26665364004523934,0.25,0.25,0.0,0.5
0.44435205201146405,0.2665948349995994,0.25,0.2,0.05,0.5
0.4442592572763536,0.26653750181230307,0.25,0.15,0.1,0.5
0.44417080052981833,0.2664816404833504,0.25,0.1,0.15,0.5
0.4440866703249876,0.2664272510127413,0.25,0.05,0.2,0.5
0.44400689076275507,0.2663743334004758,0.25,0.0,0.25,0.5
0.4444886151986676,0.2666691926553147,0.25,0.2,0.0,0.55
0.4443930886049534,0.26661086581132604,0.25,0.15,0.05,0.55
0.44430200692110483,0.2665540108256811,0.25,0.1,0.1,0.55
0.444215334118125,0.2664986276983796,0.25,0.05,0.15,0.55
0.44413307715552647,0.26644471642942186,0.25,0.0,0.2,0.55
0.4445318410595921,0.26668566563856355,0.25,0.15,0.0,0.6
0.44443801604267746,0.26662781699622623,0.25,0.1,0.05,0.6
0.4443487163772706,0.26657144021223245,0.25,0.05,0.1,0.6
0.44426392341462284,0.26651653528658237,0.25,0.0,0.15,0.6
0.4445790478291458,0.2667030589949857,0.25,0.1,0.0,0.65
0.44448699196452496,0.2666456885542997,0.25,0.05,0.05,0.65
0.44439957325049895,0.26658978997195726,0.25,0.0,0.1,0.65
0.44463043403815616,0.26672137272458135,0.25,0.05,0.0,0.7
0.44454024638243844,0.26666448048554664,0.25,0.0,0.05,0.7
0.4446862896885521,0.2667406068273504,0.25,0.0,0.0,0.75
0.4445834779750963,0.26677393111238334,0.3,0.7,0.0,0.0
0.4444666011125531,0.26670863183159815,0.3,0.65,0.05,0.0
0.44435448094256413,0.26664480440915644,0.3,0.6,0.1,0.0
0.4442469022492733,0.26658244884505844,0.3,0.55,0.15,0.0
0.4441437131629429,0.2665215651393041,0.3,0.5,0.2,0.0
0.4440448068071401,0.26646215329189327,0.3,0.45,0.25,0.0
0.4439501106057789,0.26640421330282604,0.3,0.4,0.3,0.0
0.4438595798476095,0.26634774517210247,0.3,0.35,0.35,0.0
0.44377319388667025,0.2662927488997225,0.3,0.3,0.4,0.0
0.44369095417293436,0.26623922448568615,0.3,0.25,0.45,0.0
0.4436128837445008,0.26618717192999336,0.3,0.2,0.5,0.0
0.44353902810606477,0.2661365912326442,0.3,0.15,0.55,0.0
0.4434694576974835,0.26608748239363866,0.3,0.1,0.6,0.0
0.44340427255302467,0.26603984541297676,0.3,0.05,0.65,0.0
0.44334361053035654,0.2659936802906584,0.3,0.0,0.7,0.0
0.4445827277369289,0.26678031145492814,0.3,0.65,0.0,0.05
0.4444678517642526,0.2667154903757942,0.3,0.6,0.05,0.05
0.444357616591504,0.2666521411550039,0.3,0.55,0.1,0.05
0.44425183883908004,0.2665902637925572,0.3,0.5,0.15,0.05
0.4441503892234922,0.266529858288454,0.3,0.45,0.2,0.05
0.44405317808352796,0.26647092464269456,0.3,0.4,0.25,0.05
0.44396014682555496,0.2664134628552786,0.3,0.35,0.3,0.05
0.4438712628112175,0.2663574729262064,0.3,0.3,0.35,0.05
0.44378651648321,0.2663029548554776,0.3,0.25,0.4,0.05
0.44370592014655147,0.26624990864309256,0.3,0.2,0.45,0.05
0.4436295081893617,0.2661983342890511,0.3,0.15,0.5,0.05
0.4435573388181475,0.26614823179335323,0.3,0.1,0.55,0.05
0.44348949772965596,0.266099601155999,0.3,0.05,0.6,0.05
0.4434261047433719,0.2660524423769884,0.3,0.0,0.65,0.05
0.4445870893313918,0.2667876121706464,0.3,0.6,0.0,0.1
0.44447409207597544,0.2667232692931637,0.3,0.55,0.05,0.1
0.4443656509859524,0.26666039827402466,0.3,0.5,0.1,0.1
0.4442616072443347,0.2665989991132292,0.3,0.45,0.15,0.1
0.4441618497918167,0.2665390718107774,0.3,0.4,0.2,0.1
0.44406630351146414,0.2664806163666692,0.3,0.35,0.25,0.1
0.44397492222773155,0.2664236327809046,0.3,0.3,0.3,0.1
0.44388768462930805,0.2663681210534836,0.3,0.25,0.35,0.1
0.44380459219802176,0.2663140811844062,0.3,0.2,0.4,0.1
0.44372566873776526,0.2662615131736724,0.3,0.15,0.45,0.1
0.44365096144165705,0.26621041702128223,0.3,0.1,0.5,0.1
0.44358054377490547,0.26616079272723564,0.3,0.05,0.55,0.1
0.44351452096080474,0.2661126402915327,0.3,0.0,0.6,0.1
0.44459608093290076,0.266795833259538,0.3,0.55,0.0,0.15
0.4444848768014332,0.2667319685837067,0.3,0.5,0.05,0.15
0.4443781677755119,0.26666957576621886,0.3,0.45,0.1,0.15
0.44427581483232265,0.2666086548070748,0.3,0.4,0.15,0.15
0.44417772231381775,0.2665492057062742,0.3,0.35,0.2,0.15
0.44408382802416824,0.26649122846381723,0.3,0.3,0.25,0.15
0.44399409743000146,0.26643472307970395,0.3,0.25,0.3,0.15
0.44390852046652357,0.26637968955393426,0.3,0.2,0.35,0.15
0.4438271102492036,0.26632612788650817,0.3,0.15,0.4,0.15
0.44374990345259685,0.26627403807742567,0.3,0.1,0.45,0.15
0.4436769624922913,0.26622342012668676,0.3,0.05,0.5,0.15
0.44360838012152526,0.2661742740342915,0.3,0.0,0.55,0.15
0.4446093909361853,0.2668049747216031,0.3,0.5,0.0,0.2
0.44449991916497267,0.266741588247423,0.3,0.45,0.05,0.2
0.44439490062965487,0.26667967363158657,0.3,0.4,0.1,0.2
0.4442942128428084,0.26661923087409367,0.3,0.35,0.15,0.2
0.4441977737145501,0.2665602599749444,0.3,0.3,0.2,0.2
0.4441055330844995,0.26650276093413877,0.3,0.25,0.25,0.2
0.44401746791628977,0.2664467337516767,0.3,0.2,0.3,0.2
0.44393357993935756,0.2663921784275583,0.3,0.15,0.35,0.2
0.4438538952295022,0.2663390949617835,0.3,0.1,0.4,0.2
0.4437784656926701,0.2662874833543523,0.3,0.05,0.45,0.2
0.4437073729102305,0.2662373436052647,0.3,0.0,0.5,0.2
0.44462681015387306,0.2668150365568415,0.3,0.45,0.0,0.25
0.4445190286867734,0.2667521282843127,0.3,0.4,0.05,0.25
0.444415675217651,0.26669069187012756,0.3,0.35,0.1,0.25
0.44431664155527445,0.266630727314286,0.3,0.3,0.15,0.25
0.4442218580828858,0.26657223461678803,0.3,0.25,0.2,0.25
0.44413128641720145,0.26651521377763365,0.3,0.2,0.25,0.25
0.44404491550426967,0.266459664796823,0.3,0.15,0.3,0.25
0.44396276016152125,0.26640558767435585,0.3,0.1,0.35,0.25
0.4438848617730474,0.26635298241023225,0.3,0.05,0.4,0.25
0.44381129142766634,0.26630184900445236,0.3,0.0,0.45,0.25
0.4446481995422408,0.2668260187652534,0.3,0.4,0.0,0.3
0.4445420816042962,0.2667635886943759,0.3,0.35,0.05,0.3
0.444440381708652,0.266702630481842,0.3,0.3,0.1,0.3
0.44434300448665315,0.2666431441276517,0.3,0.25,0.15,0.3
0.4442498923405735,0.2665851296318051,0.3,0.2,0.2,0.3
0.4441610190512144,0.266528586994302,0.3,0.15,0.25,0.3
0.4440763868035333,0.26647351621514254,0.3,0.1,0.3,0.3
0.44399602586463927,0.26641991729432674,0.3,0.05,0.35,0.3
0.44391999695772383,0.2663677902318545,0.3,0.0,0.4,0.3
0.4446734732112988,0.26683792134683865,0.3,0.35,0.0,0.35
0.4445690054686873,0.26677596947761245,0.3,0.3,0.05,0.35
0.44446896069188596,0.26671548946672985,0.3,0.25,0.1,0.35
0.4443732555162337,0.26665648131419084,0.3,0.2,0.15,0.35
0.4442818445738104,0.2665989450199955,0.3,0.15,0.2,0.35
0.4441947150014044,0.26654288058414366,0.3,0.1,0.25,0.35
0.4441118846100253,0.26648828800663554,0.3,0.05,0.3,0.35
0.4440334032865895,0.266435167287471,0.3,0.0,0.35,0.35
0.4447025894002019,0.26685074430159733,0.3,0.3,0.0,0.4
0.44459977124771966,0.2667892706340224,0.3,0.25,0.05,0.4
0.4445013963509916,0.2667292688247911,0.3,0.2,0.1,0.4
0.4444073931970731,0.2666707388739034,0.3,0.15,0.15,0.4
0.4443177296973126,0.2666136807813593,0.3,0.1,0.2,0.4
0.444232408744205,0.26655809454715884,0.3,0.05,0.25,0.4
0.4441514681343327,0.266503980171302,0.3,0.0,0.3,0.4
0.4447355464136336,0.2668644876295294,0.3,0.25,0.0,0.45
0.44463439025453816,0.2668034921636058,0.3,0.2,0.05,0.45
0.4445377145119643,0.2667439685560258,0.3,0.15,0.1,0.45
0.4444454602093751,0.2666859168067894,0.3,0.1,0.15,0.45
0.4443576108748475,0.2666293369158965,0.3,0.05,0.2,0.45
0.444274189733596,0.26657422888334736,0.3,0.0,0.25,0.45
0.44477238237544336,0.2668791513306349,0.3,0.2,0.0,0.5
0.44467291500840816,0.2668186340663626,0.3,0.15,0.05,0.5
0.44457798499362566,0.26675958866043387,0.3,0.1,0.1,0.5
0.4444875478922082,0.26670201511284874,0.3,0.05,0.15,0.5
0.44440160759944713,0.2666459134236072,0.3,0.0,0.2,0.5
0.44481317878100435,0.2668947354049138,0.3,0.15,0.0,0.55
0.44471544434003435,0.2668346963422928,0.3,0.1,0.05,0.55
0.444622329156482,0.26677612913801535,0.3,0.05,0.1,0.55
0.44453380793048275,0.2667190337920815,0.3,0.0,0.15,0.55
0.4448580689829055,0.2669112398523661,0.3,0.1,0.0,0.6
0.4447621345484394,0.26685167899139633,0.3,0.05,0.05,0.6
0.4446709359341403,0.26679358998877023,0.3,0.0,0.1,0.6
0.44490725477415255,0.26692866467299187,0.3,0.05,0.0,0.65
0.4448132216028726,0.26686958201367333,0.3,0.0,0.05,0.65
0.44496103941586534,0.266947009866791,0.3,0.0,0.0,0.7
0.4449356492606166,0.26701937276734794,0.35,0.65,0.0,0.0
0.44481602785007307,0.2669523612679303,0.35,0.6,0.05,0.0
0.4447012967806149,0.2668868216268563,0.35,0.55,0.1,0.0
0.4445912229795863,0.2668227538441258,0.35,0.5,0.15,0.0
0.44448564498335674,0.26676015791973895,0.35,0.45,0.2,0.0
0.444384451650047,0.26669903385369575,0.35,0.4,0.25,0.0
0.4442875700968536,0.26663938164599615,0.35,0.35,0.3,0.0
0.444194958681245,0.26658120129664015,0.35,0.3,0.35,0.0
0.4441066031083128,0.26652449280562773,0.35,0.25,0.4,0.0
0.44402251476920324,0.266469256172959,0.35,0.2,0.45,0.0
0.44394273098277004,0.2664154913986338,0.35,0.15,0.5,0.0
0.443867317248913,0.2663631984826522,0.35,0.1,0.55,0.0
0.44379637215567325,0.26631237742501424,0.35,0.05,0.6,0.0
0.44373003658413507,0.2662630282257199,0.35,0.0,0.65,0.0
0.44493481979880334,0.26702578457409626,0.35,0.6,0.0,0.05
0.4448172586204762,0.2669592512763299,0.35,0.55,0.05,0.05
0.4447044637711331,0.26689418983690716,0.35,0.5,0.1,0.05
0.4445962379493468,0.266830600255828,0.35,0.45,0.15,0.05
0.44449244480572875,0.2667684825330925,0.35,0.4,0.2,0.05
0.4443929923109816,0.26670783666870057,0.35,0.35,0.25,0.05
0.44429782321639244,0.2666486626626522,0.35,0.3,0.3,0.05
0.4442069096020988,0.2665909605149475,0.35,0.25,0.35,0.05
0.44412025011824763,0.26653473022558644,0.35,0.2,0.4,0.05
0.444037869315578,0.2664799717945689,0.35,0.15,0.45,0.05
0.4439598189691572,0.266426685221895,0.35,0.1,0.5,0.05
0.4438861817960668,0.2663748705075647,0.35,0.05,0.55,0.05
0.44381707875433035,0.26632452765157805,0.35,0.0,0.6,0.05
0.4449393080858987,0.267033116754018,0.35,0.55,0.0,0.1
0.44482367683433555,0.26696706165790296,0.35,0.5,0.05,0.1
0.44471272331746686,0.2669024784201315,0.35,0.45,0.1,0.1
0.4446062775757786,0.2668393670407036,0.35,0.4,0.15,0.1
0.4445042234803398,0.2667777275196193,0.35,0.35,0.2,0.1
0.4444064852456281,0.26671755985687867,0.35,0.3,0.25,0.1
0.444313019722379,0.2666588640524817,0.35,0.25,0.3,0.1
0.4442238122003109,0.2666016401064283,0.35,0.2,0.35,0.1
0.44413887469206004,0.2665458880187184,0.35,0.15,0.4,0.1
0.44405824634879887,0.2664916077893522,0.35,0.1,0.45,0.1
0.4439819961917165,0.2664387994183296,0.35,0.05,0.5,0.1
0.4439102290354608,0.2663874629056506,0.35,0.0,0.55,0.1
0.4449485964225653,0.26704136930711314,0.35,0.5,0.0,0.15
0.4448348057039705,0.26697579241264935,0.35,0.45,0.05,0.15
0.4447256307008507,0.26691168737652915,0.35,0.4,0.1,0.15
0.4446209233881879,0.2668490541987526,0.35,0.35,0.15,0.15
0.4445205847973245,0.26678789287931964,0.35,0.3,0.2,0.15
0.44442455377388246,0.2667282034182303,0.35,0.25,0.25,0.15
0.4443328007086965,0.26666998581548457,0.35,0.2,0.3,0.15
0.4442453244658028,0.26661324007108245,0.35,0.15,0.35,0.15
0.4441621517771569,0.26655796618502386,0.35,0.1,0.4,0.15
0.44408333904106306,0.266504164157309,0.35,0.05,0.45,0.15
0.44400897715142595,0.26645183398793765,0.35,0.0,0.5,0.15
0.44496235728557165,0.2670505422333817,0.35,0.45,0.0,0.2
0.4448503451728896,0.26698544354056913,0.35,0.4,0.05,0.2
0.4447429084736205,0.2669218167061003,0.35,0.35,0.1,0.2
0.4446399174883416,0.266859661729975,0.35,0.3,0.15,0.2
0.44454128853577896,0.2667989786121933,0.35,0.25,0.2,0.2
0.44444697439837094,0.2667397673527553,0.35,0.2,0.25,0.2
0.44435695929238733,0.26668202795166085,0.35,0.15,0.3,0.2
0.4442712569551677,0.26662576040891,0.35,0.1,0.35,0.2
0.44418991142805014,0.26657096472450276,0.35,0.05,0.4,0.2
0.4441130009098881,0.26651764089843916,0.35,0.0,0.45,0.2
0.44498037623200953,0.2670606355328236,0.35,0.4,0.0,0.25
0.44487010152192696,0.2669960150416624,0.35,0.35,0.05,0.25
0.4447643809704944,0.2669328664088448,0.35,0.3,0.1,0.25
0.44466310081741095,0.26687118963437084,0.35,0.25,0.15,0.25
0.44456619171804385,0.26681098471824044,0.35,0.2,0.2,0.25
0.44447362054581074,0.2667522516604537,0.35,0.15,0.25,0.25
0.4443853865795959,0.26669499046101053,0.35,0.1,0.3,0.25
0.44430152100641,0.26663920111991096,0.35,0.05,0.35,0.25
0.4442220897691077,0.26658488363715505,0.35,0.0,0.4,0.25
0.44500251632776405,0.26707164920543897,0.35,0.35,0.0,0.3
0.4448939549436153,0.26700750691592906,0.35,0.3,0.05,0.3
0.4447899443242609,0.26694483648476275,0.35,0.25,0.1,0.3
0.4446903852120858,0.26688363791194003,0.35,0.2,0.15,0.3
0.4445952225187448,0.266823911197461,0.35,0.15,0.2,0.3
0.4445044383491259,0.26676565634132554,0.35,0.1,0.25,0.3
0.44441804962537534,0.26670887334353366,0.35,0.05,0.3,0.3
0.444336109699399,0.26665356220408537,0.35,0.0,0.35,0.3
0.4450287001008224,0.2670835832512278,0.35,0.3,0.0,0.35
0.4449218433751042,0.2670199191633691,0.35,0.25,0.05,0.35
0.44481955192975925,0.2669577269338541,0.35,0.2,0.1,0.35
0.4447217404536777,0.2668970065626827,0.35,0.15,0.15,0.35
0.44462836906021636,0.26683775804985493,0.35,0.1,0.2,0.35
0.44453943765583054,0.2667799813953707,0.35,0.05,0.25,0.35
0.4444549857107033,0.26672367659923013,0.35,0.0,0.3,0.35
0.4450589006975,0.26709643767019,0.35,0.25,0.0,0.4
0.44495375507456475,0.2670332517839826,0.35,0.2,0.05,0.4
0.4448532084911914,0.2669715377561189,0.35,0.15,0.1,0.4
0.4447571900527545,0.2669112955865988,0.35,0.1,0.15,0.4
0.44466567754157255,0.2668525252754222,0.35,0.05,0.2,0.4
0.4445786937971102,0.2667952268225894,0.35,0.0,0.25,0.4
0.44509313906167547,0.2671102124623255,0.35,0.2,0.0,0.45
0.44498972720421076,0.2670475047777695,0.35,0.15,0.05,0.45
0.4448909703986492,0.266986268951557,0.35,0.1,0.1,0.45
0.44479681418821776,0.26692650498368825,0.35,0.05,0.15,0.45
0.4447072593295911,0.266868212874163,0.35,0.0,0.2,0.45
0.44513148629763066,0.2671249076276345,0.35,0.15,0.0,0.5
0.44502985002818285,0.26706267814472984,0.35,0.1,0.05,0.5
0.444932952773425,0.26700192052016863,0.35,0.05,0.1,0.5
0.4448407615883695,0.2669426347539511,0.35,0.0,0.15,0.5
0.44517407214460697,0.2671405231661169,0.35,0.1,0.0,0.55
0.44507427847387543,0.26707877188486345,0.35,0.05,0.05,0.55
0.4449793467325442,0.2670184924619536,0.35,0.0,0.1,0.55
0.4452211031126401,0.26715705907777276,0.35,0.05,0.0,0.6
0.4451232568337082,0.2670957859981706,0.35,0.0,0.05,0.6
0.4452729003496843,0.26717451536260195,0.35,0.0,0.0,0.65
0.4453227831696023,0.2672850594339166,0.4,0.6,0.0,0.0
0.4452004047455332,0.2672163357158665,0.4,0.55,0.05,0.0
0.4450830807204579,0.26714908385616004,0.4,0.5,0.1,0.0
0.4449705561675875,0.26708330385479717,0.4,0.45,0.15,0.0
0.4448626583823401,0.2670189957117779,0.4,0.4,0.2,0.0
0.4447592717929373,0.2669561594271023,0.4,0.35,0.25,0.0
0.4446603242128945,0.2668947950007703,0.4,0.3,0.3,0.0
0.44456577920175383,0.26683490243278185,0.4,0.25,0.35,0.0
0.4444756322492148,0.26677648172313706,0.4,0.2,0.4,0.0
0.4443899098276424,0.2667195328718358,0.4,0.15,0.45,0.0
0.4443086711605552,0.2666640558788782,0.4,0.1,0.5,0.0
0.44423201334031315,0.2666100507442642,0.4,0.05,0.55,0.0
0.4441600817721502,0.26655751746799383,0.4,0.0,0.6,0.0
0.4453218633276273,0.2672915027048684,0.4,0.55,0.0,0.05
0.44520161816061016,0.2672232571884696,0.4,0.5,0.05,0.05
0.44508629353102397,0.26715648353041443,0.4,0.45,0.1,0.05
0.44497567531225624,0.2670911817307029,0.4,0.4,0.15,0.05
0.44486961913861617,0.2670273517893349,0.4,0.35,0.2,0.05
0.4447680310180282,0.26696499370631055,0.4,0.3,0.25,0.05
0.4446708566287659,0.26690410748162985,0.4,0.25,0.3,0.05
0.44457807559879176,0.2668446931152927,0.4,0.2,0.35,0.05
0.44448969916384595,0.2667867506072992,0.4,0.15,0.4,0.05
0.4444057706675014,0.2667302799576492,0.4,0.1,0.45,0.05
0.4443263691759127,0.2666752811663429,0.4,0.05,0.5,0.05
0.4442516175690437,0.2666217542333802,0.4,0.0,0.55,0.05
0.4453265102302537,0.2672988663489936,0.4,0.5,0.0,0.1
0.44520825804475644,0.2672310990342462,0.4,0.45,0.05,0.1
0.4450948333371217,0.2671648035778423,0.4,0.4,0.1,0.1
0.444986052854811,0.26709997997978197,0.4,0.35,0.15,0.1
0.44488179503641356,0.2670366282400653,0.4,0.3,0.2,0.1
0.4447819844208682,0.2669747483586922,0.4,0.25,0.25,0.1
0.44468658316960474,0.2669143403356628,0.4,0.2,0.3,0.1
0.4445955869489715,0.2668554041709769,0.4,0.15,0.35,0.1
0.4445090240721409,0.2667979398646347,0.4,0.1,0.4,0.1
0.4444269577953132,0.2667419474166361,0.4,0.05,0.45,0.1
0.44434949268838975,0.26668742682698104,0.4,0.0,0.5,0.1
0.44533616274665255,0.26730715036629227,0.4,0.45,0.0,0.15
0.4452198097363373,0.26723986125319604,0.4,0.4,0.05,0.15
0.4451082216221115,0.26717404399844347,0.4,0.35,0.1,0.15
0.44500123982513523,0.26710969860203443,0.4,0.3,0.15,0.15
0.4448987622928243,0.2670468250639691,0.4,0.25,0.2,0.15
0.4448007306077689,0.2669854233842473,0.4,0.2,0.25,0.15
0.44470712331321305,0.26692549356286915,0.4,0.15,0.3,0.15
0.44461795335678067,0.2668670355998346,0.4,0.1,0.35,0.15
0.44453326902464163,0.26681004949514364,0.4,0.05,0.4,0.15
0.44445315888278913,0.26675453524879633,0.4,0.0,0.45,0.15
0.4453504751299201,0.26731635475676435,0.4,0.4,0.0,0.2
0.44523595834337454,0.2672495438453194,0.4,0.35,0.05,0.2
0.44512616895010026,0.26718420479221805,0.4,0.3,0.1,0.2
0.4450209690397619,0.26712033759746034,0.4,0.25,0.15,0.2
0.4449202742521635,0.2670579422610463,0.4,0.2,0.2,0.2
0.4448240429456527,0.2669970187829758,0.4,0.15,0.25,0.2
0.4447322711943179,0.26693756716324896,0.4,0.1,0.3,0.2
0.4446449920601013,0.2668795874018657,0.4,0.05,0.35,0.2
0.4445622791479563,0.266823079498826,0.4,0.0,0.4,0.2
0.44536922819422364,0.2673264795204098,0.4,0.35,0.0,0.25
0.445256508064098,0.2672601468106161,0.4,0.3,0.05,0.25
0.4451485002032255,0.2671952859591661,0.4,0.25,0.1,0.25
0.4450450848841734,0.2671318969660597,0.4,0.2,0.15,0.25
0.44494619485451836,0.26706997983129693,0.4,0.15,0.2,0.25
0.44485180625525894,0.2670095345548777,0.4,0.1,0.25,0.25
0.4447619354927891,0.2669505611368021,0.4,0.05,0.3,0.25
0.44467664117018385,0.2668930595770701,0.4,0.0,0.35,0.25
0.4453922898571993,0.2673375246572286,0.4,0.3,0.0,0.3
0.44528134649127993,0.26727167014908626,0.4,0.25,0.05,0.3
0.44517512185815755,0.26720728749928757,0.4,0.2,0.1,0.3
0.4450735131862199,0.2671443767078324,0.4,0.15,0.15,0.3
0.44497647106629395,0.2670829377747209,0.4,0.1,0.2,0.3
0.4448839921755603,0.267022970699953,0.4,0.05,0.25,0.3
0.4447961188551775,0.26696447548352875,0.4,0.0,0.3,0.3
0.44541959616598775,0.26734949016722087,0.4,0.25,0.0,0.35
0.44531042796505443,0.26728411386072987,0.4,0.2,0.05,0.35
0.4452060075022599,0.2672202094125824,0.4,0.15,0.1,0.35
0.445106249063582,0.2671577768227786,0.4,0.1,0.15,0.35
0.44501112367304113,0.26709681609131836,0.4,0.05,0.2,0.35
0.4449206543740824,0.2670373272182018,0.4,0.0,0.25,0.35
0.445451143327962,0.2673623760503866,0.4,0.2,0.0,0.4
0.4453437675497337,0.2672974779455468,0.4,0.15,0.05,0.4
0.4452411941017217,0.2672340516990507,0.4,0.1,0.1,0.4
0.44514335631775975,0.2671720973108981,0.4,0.05,0.15,0.4
0.4450502516501759,0.26711161478108925,0.4,0.0,0.2,0.4
0.4454869876131387,0.26737618230672566,0.4,0.15,0.0,0.45
0.44538144321301365,0.26731176240353716,0.4,0.1,0.05,0.45
0.4452807875988621,0.26724881435869235,0.4,0.05,0.1,0.45
0.44518497879764773,0.2671873381721911,0.4,0.0,0.15,0.45
0.44552725330751175,0.2673909089362382,0.4,0.1,0.0,0.5
0.44542360743939036,0.267326967234701,0.4,0.05,0.05,0.5
0.44532498132042647,0.2672644973915074,0.4,0.0,0.1,0.5
0.44557215256137356,0.26740655593892404,0.4,0.05,0.0,0.55
0.4454705148823222,0.2673430924390382,0.4,0.0,0.05,0.55
0.44562202939928874,0.2674231233147834,0.4,0.0,0.0,0.6
0.4457453408972991,0.2675709911120892,0.45,0.55,0.0,0.0
0.4456201929026966,0.2675005551754067,0.45,0.5,0.05,0.0
0.4455002999643501,0.2674315910970678,0.45,0.45,0.1,0.0
0.4453853804739194,0.2673640988770726,0.45,0.4,0.15,0.0
0.44527524879714225,0.26729807851542087,0.45,0.35,0.2,0.0
0.44516978524260936,0.26723353001211286,0.45,0.3,0.25,0.0
0.4450689202795302,0.26717045336714834,0.45,0.25,0.3,0.0
0.44497262634452345,0.2671088485805276,0.45,0.2,0.35,0.0
0.44488091452925216,0.2670487156522503,0.45,0.15,0.4,0.0
0.4447938352710474,0.26699005458231667,0.45,0.1,0.45,0.0
0.4447114835011337,0.26693286537072664,0.45,0.05,0.5,0.0
0.4446340106157046,0.2668771480174803,0.45,0.0,0.55,0.0
0.44574432580816414,0.26757746584724457,0.45,0.5,0.0,0.05
0.44562140033997666,0.26750750811221335,0.45,0.45,0.05,0.05
0.44550358423705827,0.2674390222355257,0.45,0.4,0.1,0.05
0.44539064316816135,0.26737200821718177,0.45,0.35,0.15,0.05
0.4452824240023887,0.2673064660571814,0.45,0.3,0.2,0.05
0.44517883191180724,0.2672423957555246,0.45,0.25,0.25,0.05
0.4450798183612079,0.2671797973122114,0.45,0.2,0.3,0.05
0.44498537537839633,0.2671186707272419,0.45,0.15,0.35,0.05
0.4448955343392803,0.26705901600061593,0.45,0.1,0.4,0.05
0.4448103690968344,0.2670008331323336,0.45,0.05,0.45,0.05
0.4447300049358389,0.2669441221223949,0.45,0.0,0.5,0.05
0.4457491786704847,0.2675848609555732,0.45,0.45,0.0,0.1
0.4456283233598498,0.26751538142219333,0.45,0.4,0.05,0.1
0.4455124795807586,0.26744737374715705,0.45,0.35,0.1,0.1
0.44540144840688217,0.2673808379304643,0.45,0.3,0.15,0.1
0.44529510292863056,0.2673157739721152,0.45,0.25,0.2,0.1
0.44519337004514054,0.26725218187210975,0.45,0.2,0.25,0.1
0.44509622126973936,0.26719006163044795,0.45,0.15,0.3,0.1
0.4450036692224794,0.26712941324712963,0.45,0.1,0.35,0.1
0.44491576883098793,0.26707023672215496,0.45,0.05,0.4,0.1
0.4448326240154014,0.26701253205552394,0.45,0.0,0.45,0.1
0.4457592860033739,0.26759317643707536,0.45,0.4,0.0,0.15
0.44564040213364103,0.26752417510534676,0.45,0.35,0.05,0.15
0.445526467604086,0.26745664563196175,0.45,0.3,0.1,0.15
0.4454173117254909,0.26739058801692034,0.45,0.25,0.15,0.15
0.44531283034720054,0.2673260022602226,0.45,0.2,0.2,0.15
0.44521297100175183,0.26726288836186834,0.45,0.15,0.25,0.15
0.4451177261411849,0.26720124632185777,0.45,0.1,0.3,0.15
0.4450271320949736,0.26714107614019084,0.45,0.05,0.35,0.15
0.4449412737267192,0.2670823778168674,0.45,0.0,0.4,0.15
0.44577428181027545,0.2676024122917509,0.45,0.35,0.0,0.2
0.4456573059298061,0.2675338891616736,0.45,0.3,0.05,0.2
0.4455452468717198,0.26746683788993986,0.45,0.25,0.1,0.2
0.4454379577769437,0.2674012584765498,0.45,0.2,0.15,0.2
0.44533535573790756,0.2673371509215033,0.45,0.15,0.2,0.2
0.44523740961083136,0.2672745152248004,0.45,0.1,0.25,0.2
0.4451441358118948,0.26721335138644103,0.45,0.05,0.3,0.2
0.44505560074488215,0.2671536594064254,0.45,0.0,0.35,0.2
0.4457939439489409,0.2676125685195999,0.45,0.3,0.0,0.25
0.4456788395937011,0.2675445235911738,0.45,0.25,0.05,0.25
0.44556864670305774,0.2674779505210914,0.45,0.2,0.1,0.25
0.4454632398333396,0.2674128493093526,0.45,0.15,0.15,0.25
0.4453625576262045,0.26734921995595734,0.45,0.1,0.2,0.25
0.44526659317760375,0.2672870624609058,0.45,0.05,0.25,0.25
0.445175393362623,0.2672263768241977,0.45,0.0,0.3,0.25
0.44581815025389454,0.2676236451206223,0.45,0.25,0.0,0.3
0.44570490431283616,0.2675560783938475,0.45,0.2,0.05,0.3
0.445596591755562,0.2674899835254163,0.45,0.15,0.1,0.3
0.44549310798964337,0.26742536051532884,0.45,0.1,0.15,0.3
0.44539441586363643,0.26736220936358485,0.45,0.05,0.2,0.3
0.44530053941632913,0.26730053007018456,0.45,0.0,0.25,0.3
0.44584685919602524,0.26763564209481805,0.45,0.2,0.0,0.35
0.4457354813568802,0.26756855356969456,0.45,0.15,0.05,0.35
0.4456290889834666,0.26750293690291466,0.45,0.1,0.1,0.35
0.44552760016816506,0.26743879209447846,0.45,0.05,0.15,0.35
0.445431008804706,0.2673761191443858,0.45,0.0,0.2,0.35
0.4458801044417756,0.26764855944218724,0.45,0.15,0.0,0.4
0.44577062967391434,0.267581949118715,0.45,0.1,0.05,0.4
0.4456662295110355,0.26751681065358646,0.45,0.05,0.1,0.4
0.44556685104148286,0.2674531440468015,0.45,0.0,0.15,0.4
0.4459180010322805,0.26766239716272977,0.45,0.1,0.0,0.45
0.44581049655734145,0.2675962650409089,0.45,0.05,0.05,0.45
0.44570820756333684,0.26753160477743165,0.45,0.0,0.1,0.45
0.44596076684840347,0.26767715525644575,0.45,0.05,0.0,0.5
0.44585534855751113,0.2676115013362762,0.45,0.0,0.05,0.5
0.4460087743494078,0.26769283372333524,0.45,0.0,0.0,0.55
0.446203977021506,0.2678771678018658,0.5,0.5,0.0,0.0
0.44607604689753627,0.26780501964655096,0.5,0.45,0.05,0.0
0.44595361784383414,0.26773434334957963,0.5,0.4,0.1,0.0
0.44583637563403505,0.26766513891095195,0.5,0.35,0.15,0.0
0.44572412010369655,0.26759740633066786,0.5,0.3,0.2,0.0
0.4456167286598548,0.26753114560872737,0.5,0.25,0.25,0.0
0.4455141381267324,0.26746635674513053,0.5,0.2,0.3,0.0
0.4454163363433644,0.2674030397398773,0.5,0.15,0.35,0.0
0.44532336042747983,0.2673411945929675,0.5,0.1,0.4,0.0
0.44523530143287665,0.26728082130440145,0.5,0.05,0.45,0.0
0.44515231811476946,0.26722191987417904,0.5,0.0,0.5,0.0
0.446202869243611,0.26788367400122465,0.5,0.45,0.0,0.05
0.4460772708035148,0.267812004047561,0.5,0.4,0.05,0.05
0.4459570136484815,0.267741805952241,0.5,0.35,0.1,0.05
0.4458418392882557,0.26767307971526466,0.5,0.3,0.15,0.05
0.4457315855586884,0.26760582533663185,0.5,0.25,0.2,0.05
0.4456261592701355,0.26754004281634264,0.5,0.2,0.25,0.05
0.4455255228991909,0.267475732154397,0.5,0.15,0.3,0.05
0.4454296895979992,0.2674128933507951,0.5,0.1,0.35,0.05
0.4453387248991352,0.2673515264055367,0.5,0.05,0.4,0.05
0.44525275642780204,0.26729163131862194,0.5,0.0,0.45,0.05
0.4462079956806571,0.2678911005737569,0.5,0.4,0.0,0.1
0.4460845619868293,0.26781990882174456,0.5,0.35,0.05,0.1
0.44596636707242904,0.2677501889280759,0.5,0.3,0.1,0.1
0.4458531937690756,0.2676819408927507,0.5,0.25,0.15,0.1
0.44574491081898093,0.2676151647157692,0.5,0.2,0.2,0.1
0.44564145148788903,0.2675498603971313,0.5,0.15,0.25,0.1
0.4455428040576706,0.267486027936837,0.5,0.1,0.3,0.1
0.4454490103441158,0.2674236673348863,0.5,0.05,0.35,0.1
0.44536017218415713,0.26736277859127927,0.5,0.0,0.4,0.1
0.44621867988872216,0.26789944751946254,0.5,0.35,0.0,0.15
0.4460973070765,0.2678287339691015,0.5,0.3,0.05,0.15
0.44598111319974126,0.26775949227708407,0.5,0.25,0.1,0.15
0.4458699141051678,0.2676917224434103,0.5,0.2,0.15,0.15
0.44576360605229026,0.26762542446808,0.5,0.15,0.2,0.15
0.4456621487087655,0.2675605983510934,0.5,0.1,0.25,0.15
0.4455655593396919,0.2674972440924504,0.5,0.05,0.3,0.15
0.44547391605340847,0.267435361692151,0.5,0.0,0.35,0.15
0.44623453436235583,0.2679087148383416,0.5,0.3,0.0,0.2
0.4461151597120057,0.26783847948963185,0.5,0.25,0.05,0.2
0.44600094036481897,0.26776971599926563,0.5,0.2,0.1,0.2
0.4458917204970294,0.2677024243672431,0.5,0.15,0.15,0.2
0.4457874232911671,0.2676366045935642,0.5,0.1,0.2,0.2
0.44568803778910066,0.26757225667822887,0.5,0.05,0.25,0.2
0.4455936178815395,0.2675093806212372,0.5,0.0,0.3,0.2
0.44625533819119906,0.267918902530394,0.5,0.25,0.0,0.25
0.44613793106743305,0.2678491453833356,0.5,0.2,0.05,0.25
0.4460256900425566,0.2677808600946207,0.5,0.15,0.1,0.25
0.4459184857869093,0.26771404666424947,0.5,0.1,0.15,0.25
0.44581627096777665,0.26764870509222183,0.5,0.05,0.2,0.25
0.44571907178760756,0.26758483537853783,0.5,0.0,0.25,0.25
0.4462809885381315,0.2679300105956199,0.5,0.2,0.0,0.3
0.44616554733462777,0.2678607316502127,0.5,0.15,0.05,0.3
0.44605531969403495,0.2677929245631491,0.5,0.1,0.1,0.3
0.44595020417529546,0.2677265893344292,0.5,0.05,0.15,0.3
0.44585019077824084,0.26766172596405285,0.5,0.0,0.2,0.3
0.44631148260402453,0.2679420390340192,0.5,0.15,0.0,0.35
0.4461980362461941,0.26787323829026327,0.5,0.1,0.05,0.35
0.44608989502339846,0.267805909404851,0.5,0.05,0.1,0.35
0.44598699242677387,0.2677400523777823,0.5,0.0,0.15,0.35
0.4463469189332307,0.26795498784559185,0.5,0.1,0.0,0.4
0.44623553417019723,0.26788666530348726,0.5,0.05,0.05,0.4
0.4461296073992487,0.26781981461972626,0.5,0.0,0.1,0.4
0.44638751970579066,0.2679688570303379,0.5,0.05,0.0,0.45
0.4462783200978064,0.26790101268988464,0.5,0.0,0.05,0.45
0.4464336920745609,0.26798364658825746,0.5,0.0,0.0,0.5
0.44669957228340645,0.2682035895032465,0.55,0.45,0.0,0.0
0.4465688484348808,0.26812972912929917,0.55,0.4,0.05,0.0
0.44644392959386253,0.26805734061369546,0.55,0.35,0.1,0.0
0.4463244615355576,0.26798642395643535,0.55,0.3,0.15,0.0
0.44621022840348457,0.26791697915751883,0.55,0.25,0.2,0.0
0.44610110773937117,0.2678490062169459,0.55,0.2,0.25,0.0
0.44599704980572574,0.26778250513471663,0.55,0.15,0.3,0.0
0.44589807010058163,0.2677174759108309,0.55,0.1,0.35,0.0
0.44580425212875996,0.2676539185452888,0.55,0.05,0.4,0.0
0.44571576304290955,0.2675918330380904,0.55,0.0,0.45,0.0
0.4466983843887198,0.26821012716680886,0.55,0.4,0.0,0.05
0.44657012649883315,0.2681367449945128,0.55,0.35,0.05,0.05
0.44644749721023563,0.26806483468056036,0.55,0.3,0.1,0.05
0.4463302093111627,0.2679943962249515,0.55,0.25,0.15,0.05
0.4462180924527776,0.26792542962768634,0.55,0.2,0.2,0.05
0.44611106023099206,0.26785793488876464,0.55,0.15,0.25,0.05
0.4460090960989989,0.26779191200818664,0.55,0.1,0.3,0.05
0.44591225126025397,0.2677273609859523,0.55,0.05,0.35,0.05
0.44582065449995517,0.2676642818220615,0.55,0.0,0.4,0.05
0.4467038804342234,0.2682175852035446,0.55,0.35,0.0,0.1
0.44657790413415144,0.2681446812328998,0.55,0.3,0.05,0.1
0.4464574502297135,0.2680732491205986,0.55,0.25,0.1,0.1
0.44634228078520205,0.2680032888666411,0.55,0.2,0.15,0.1
0.4462322631533895,0.26793480047102713,0.55,0.15,0.2,0.1
0.4461273449886352,0.26786778393375693,0.55,0.1,0.25,0.1
0.44602754590345794,0.26780223925483015,0.55,0.05,0.3,0.1
0.4459329621820663,0.267738166434247,0.55,0.0,0.35,0.1
0.4467153084221551,0.26822596361345363,0.55,0.3,0.0,0.15
0.44659150504941825,0.2681535378444602,0.55,0.25,0.05,0.15
0.44647317044481044,0.26808258393381035,0.55,0.2,0.1,0.15
0.44636010642605967,0.2680131018815041,0.55,0.15,0.15,0.15
0.44625221544313814,0.26794509168754144,0.55,0.1,0.2,0.15
0.4461494818924133,0.26787855335192245,0.55,0.05,0.25,0.15
0.4460519706695191,0.26781348687464707,0.55,0.0,0.3,0.15
0.4467322599537182,0.2682352623965363,0.55,0.25,0.0,0.2
0.44661057013726707,0.26816331482919403,0.55,0.2,0.05,0.2
0.4464943415346654,0.26809283912019555,0.55,0.15,0.1,0.2
0.44638341127632547,0.26802383526954054,0.55,0.1,0.15,0.2
0.4462777189446484,0.2679563032772292,0.55,0.05,0.2,0.2
0.4461772947863054,0.26789024314326143,0.55,0.0,0.25,0.2
0.4467545243234373,0.26824548155279215,0.55,0.2,0.0,0.25
0.44663492848208464,0.2681740121871013,0.55,0.15,0.05,0.25
0.44652083272237314,0.26810401467975403,0.55,0.1,0.1,0.25
0.4464121098019105,0.26803548903075036,0.55,0.05,0.15,0.25
0.4463087454406112,0.2679684352400903,0.55,0.0,0.2,0.25
0.4467820362135429,0.26825662108222154,0.55,0.15,0.0,0.3
0.44666455346910944,0.26818562991818196,0.55,0.1,0.05,0.3
0.4465526637013219,0.26811611061248597,0.55,0.05,0.1,0.3
0.4464462830405651,0.2680480631651336,0.55,0.0,0.15,0.3
0.44681486379239815,0.2682686809848243,0.55,0.1,0.0,0.35
0.4466995590439214,0.26819816802243607,0.55,0.05,0.05,0.35
0.4465900143662325,0.2681291269183913,0.55,0.0,0.1,0.35
0.44685322908821845,0.26828166126060055,0.55,0.05,0.0,0.4
0.44674023503642,0.26821162649986346,0.55,0.0,0.05,0.4
0.4468975808598078,0.26829556190955006,0.55,0.0,0.0,0.45
0.4472332839732532,0.26855025621623113,0.6,0.4,0.0,0.0
0.4470997581584365,0.2684746836236514,0.6,0.35,0.05,0.0
0.44697241773380286,0.2684005828894153,0.6,0.3,0.1,0.0
0.4468508592995375,0.2683279540135227,0.6,0.25,0.15,0.0
0.44673485146516095,0.2682567969959738,0.6,0.2,0.2,0.0
0.44662427879409816,0.2681871118367685,0.6,0.15,0.25,0.0
0.4465191192398765,0.26811889853590676,0.6,0.1,0.3,0.0
0.44641944116498694,0.26805215709338864,0.6,0.05,0.35,0.0
0.4463254202029427,0.2679868875092141,0.6,0.0,0.4,0.0
0.4472320435719939,0.268556825343997,0.6,0.35,0.0,0.05
0.4471011508021179,0.2684817309530686,0.6,0.3,0.05,0.05
0.4469762477944893,0.2684081084204837,0.6,0.25,0.1,0.05
0.4468570136401557,0.2683359577462424,0.6,0.2,0.15,0.05
0.4467432732627363,0.2682652789303448,0.6,0.15,0.2,0.05
0.44663495791613117,0.2681960719727907,0.6,0.1,0.25,0.05
0.4465320925534677,0.2681283368735803,0.6,0.05,0.3,0.05
0.44643480350567377,0.26806207363271356,0.6,0.0,0.35,0.05
0.44723804747355267,0.2685643148449362,0.6,0.3,0.0,0.1
0.4471095827751752,0.268489698655659,0.6,0.25,0.05,0.1
0.446987000783883,0.2684165543247255,0.6,0.2,0.1,0.1
0.4468700410645668,0.2683448818521355,0.6,0.15,0.15,0.1
0.4467585769875229,0.2682746812378892,0.6,0.1,0.2,0.1
0.4466525876633768,0.2682059524819864,0.6,0.05,0.25,0.1
0.44655215598265063,0.26813869558442727,0.6,0.0,0.3,0.1
0.4472504535692755,0.2685727247190488,0.6,0.25,0.0,0.15
0.4471243051713985,0.26849858673142296,0.6,0.2,0.05,0.15
0.4470039998179727,0.26842592060214066,0.6,0.15,0.1,0.15
0.44688932715693663,0.26835472633120205,0.6,0.1,0.15,0.15
0.4467802093388999,0.26828500391860693,0.6,0.05,0.2,0.15
0.4466766839533243,0.2682167533643555,0.6,0.0,0.25,0.15
0.4472688376399317,0.2685820549663349,0.6,0.2,0.0,0.2
0.44714495504799484,0.2685083951803603,0.6,0.15,0.05,0.2
0.44702693809669963,0.2684362072527293,0.6,0.1,0.1,0.2
0.4469146242003641,0.26836549118344194,0.6,0.05,0.15,0.2
0.4468079944638115,0.26829624697249815,0.6,0.0,0.2,0.2
0.4472930183975608,0.26859230558679437,0.6,0.15,0.0,0.25
0.44717140380262876,0.2685191240024711,0.6,0.1,0.05,0.25
0.44705574618713084,0.2684474142764913,0.6,0.05,0.1,0.25
0.44694593885128414,0.2683771764088552,0.6,0.0,0.15,0.25
0.4473230059004072,0.2686034765804272,0.6,0.1,0.0,0.3
0.4472037193321634,0.2685307731977552,0.6,0.05,0.05,0.3
0.4470905733630181,0.2684595416734268,0.6,0.0,0.1,0.3
0.4473590111834791,0.2686155679472335,0.6,0.05,0.0,0.35
0.44724219584089603,0.2685433427662128,0.6,0.0,0.05,0.35
0.44740153162284335,0.2686285796872132,0.6,0.0,0.0,0.4
0.4478066230699803,0.2689171679408198,0.65,0.35,0.0,0.0
0.4476702954219397,0.26883988312960766,0.65,0.3,0.05,0.0
0.44754063837289476,0.2687640701767391,0.65,0.25,0.1,0.0
0.44741718819923304,0.2686897290822141,0.65,0.2,0.15,0.0
0.44729970171651035,0.26861685984603284,0.65,0.15,0.2,0.0
0.4471880862379937,0.26854546246819505,0.65,0.1,0.25,0.0
0.44708237883611507,0.2684755369487009,0.65,0.05,0.3,0.0
0.4469827611072098,0.26840708328755036,0.65,0.0,0.35,0.0
0.447805382350653,0.26892376853278915,0.65,0.3,0.0,0.05
0.4476718994208961,0.2688469619232283,0.65,0.25,0.05,0.05
0.44754487022188644,0.26877162717201103,0.65,0.2,0.1,0.05
0.4474239356878588,0.26869776427913733,0.65,0.15,0.15,0.05
0.44730892585348087,0.2686253732446073,0.65,0.1,0.2,0.05
0.44719981417746574,0.2685544540684208,0.65,0.05,0.25,0.05
0.4470967152440948,0.26848500675057796,0.65,0.0,0.3,0.05
0.4478120987935654,0.2689312894979319,0.65,0.25,0.0,0.1
0.4476812319477096,0.26885496109002227,0.65,0.2,0.05,0.1
0.447556718017456,0.2687801045404563,0.65,0.15,0.1,0.1
0.44743827542629827,0.26870671984923394,0.65,0.1,0.15,0.1
0.4473258020713079,0.2686348070163551,0.65,0.05,0.2,0.1
0.4472193492611677,0.26856436604182,0.65,0.0,0.25,0.1
0.4478258247451731,0.26893973083624795,0.65,0.2,0.0,0.15
0.4476974639644008,0.2688638806299897,0.65,0.15,0.05,0.15
0.4475754467193247,0.268789502282075,0.65,0.1,0.1,0.15
0.44745955971664464,0.26871659579250395,0.65,0.05,0.15,0.15
0.4473497794780843,0.26864516116127646,0.65,0.0,0.2,0.15
0.44784613612618984,0.2689490925477375,0.65,0.15,0.0,0.2
0.447720252074262,0.2688737205431306,0.65,0.1,0.05,0.2
0.4476007945834387,0.2687998203968671,0.65,0.05,0.1,0.2
0.44748762587974833,0.2687273921089473,0.65,0.0,0.15,0.2
0.44787292455616823,0.26895937463240055,0.65,0.1,0.0,0.25
0.44774956586218534,0.2688844808294448,0.65,0.05,0.05,0.25
0.4476328356564759,0.2688110588848327,0.65,0.0,0.1,0.25
0.44790636463500183,0.2689705770902369,0.65,0.05,0.0,0.3
0.44778568576876115,0.2688961614889324,0.65,0.0,0.05,0.3
0.4479470074301558,0.2689826999212466,0.65,0.0,0.0,0.35
0.44842157544461775,0.26930432467701254,0.7,0.3,0.0,0.0
0.44828246482099465,0.2692253276471679,0.7,0.25,0.05,0.0
0.44815066068884896,0.26914780247566694,0.7,0.2,0.1,0.0
0.4480256266426854,0.2690717491625096,0.7,0.15,0.15,0.0
0.4479071212945213,0.26899716770769583,0.7,0.1,0.2,0.0
0.4477951134421887,0.2689240581112256,0.7,0.05,0.25,0.0
0.4476897809696177,0.26885242037309903,0.7,0.0,0.3,0.0
0.4484204298096728,0.26931095673318534,0.7,0.25,0.0,0.05
0.44828443923373273,0.269232437904992,0.7,0.2,0.05,0.05
0.44815551763869177,0.26915539093514235,0.7,0.15,0.1,0.05
0.44803326722294406,0.2690798158236362,0.7,0.1,0.15,0.05
0.4479175501538779,0.2690057125704738,0.7,0.05,0.2,0.05
0.4478084454330967,0.2689330811756549,0.7,0.0,0.25,0.05
0.4484281750195501,0.2693185091625315,0.7,0.2,0.0,0.1
0.4482950508030207,0.26924046853598954,0.7,0.15,0.05,0.1
0.44816891839529593,0.26916389976779115,0.7,0.1,0.1,0.1
0.4480494870288124,0.2690888028579363,0.7,0.05,0.15,0.1
0.4479367300501757,0.26901517780642514,0.7,0.0,0.2,0.1
0.4484437463326789,0.2693269819650512,0.7,0.15,0.0,0.15
0.44831339320449937,0.26924941954016046,0.7,0.1,0.05,0.15
0.44819009053192765,0.26917332897361335,0.7,0.05,0.1,0.15
0.44807365639987357,0.2690987102654098,0.7,0.0,0.15,0.15
0.44846676454880463,0.2693363751407442,0.7,0.1,0.0,0.2
0.44833920477218414,0.2692592909175048,0.7,0.05,0.05,0.2
0.448218915296083,0.26918367855260894,0.7,0.0,0.1,0.2
0.44849730508208185,0.2693466886896107,0.7,0.05,0.0,0.25
0.4483727031728279,0.26927008266802255,0.7,0.0,0.05,0.25
0.4485359691928481,0.26935792261165054,0.7,0.0,0.0,0.3
0.44908080169649456,0.2697117264248092,0.75,0.25,0.0,0.0
0.4489389678178675,0.2696310171763322,0.75,0.2,0.05,0.0
0.4488053067225955,0.2695517797861988,0.75,0.15,0.1,0.0
0.4486792005042671,0.2694740142544089,0.75,0.1,0.15,0.0
0.4485604530112687,0.2693977205809628,0.75,0.05,0.2,0.0
0.4484492075618867,0.2693228987658602,0.75,0.0,0.25,0.0
0.44907992842716615,0.2697183899451855,0.75,0.2,0.0,0.05
0.4489415870651385,0.2696381588983598,0.75,0.15,0.05,0.05
0.44881117003367016,0.26955939970987763,0.75,0.1,0.1,0.05
0.4486882565155667,0.2694821123797392,0.75,0.05,0.15,0.05
0.44857282302071444,0.26940629690794426,0.75,0.0,0.2,0.05
0.4490892214473409,0.26972597383873526,0.75,0.15,0.0,0.1
0.44895409952745385,0.2696462209935608,0.75,0.1,0.05,0.1
0.44882689420701366,0.26956794000673,0.75,0.05,0.1,0.1
0.4487073571775869,0.2694911308782428,0.75,0.0,0.15,0.1
0.4491075093874204,0.2697344781054584,0.75,0.1,0.0,0.15
0.4489755633934015,0.2696552034619352,0.75,0.05,0.05,0.15
0.44885176384296416,0.26957740067675573,0.75,0.0,0.1,0.15
0.44913459106202896,0.2697439027453549,0.75,0.05,0.0,0.2
0.449005987770389,0.26966510630348306,0.75,0.0,0.05,0.2
0.44917108314327925,0.2697542477584249,0.75,0.0,0.0,0.25
0.4497879910242368,0.2701393731842099,0.8,0.2,0.0,0.0
0.44964358565488655,0.2700569517171004,0.8,0.15,0.05,0.0
0.4495086036660594,0.2699760021083346,0.8,0.1,0.1,0.0
0.44938236309294294,0.26989652435791245,0.8,0.05,0.15,0.0
0.44926486894904544,0.2698185184658338,0.8,0.0,0.2,0.0
0.44978773725416615,0.2701460681687898,0.8,0.15,0.0,0.05
0.44964736034268343,0.2700641249033316,0.8,0.1,0.05,0.05
0.4495161895820996,0.26998365349621706,0.8,0.05,0.1,0.05
0.44939386783398577,0.2699046539474461,0.8,0.0,0.15,0.05
0.449799508116151,0.2701536835265429,0.8,0.1,0.0,0.1
0.4496629009581455,0.27007221846273605,0.8,0.05,0.05,0.1
0.449535704200085,0.26999222525727284,0.8,0.0,0.1,0.1
0.44982213355834294,0.2701622192574696,0.8,0.05,0.0,0.15
0.4496894328397097,0.270081232395314,0.8,0.0,0.05,0.15
0.449856087056167,0.27017167536156966,0.8,0.0,0.0,0.2
0.4505485555850454,0.2705872649552146,0.85,0.15,0.0,0.0
0.45040195672027183,0.27050313126947273,0.85,0.1,0.05,0.0
0.4502667659593876,0.2704204694420745,0.85,0.05,0.1,0.0
0.45014240888964263,0.27033927947301983,0.85,0.0,0.15,0.0
0.4505496680375532,0.2705939914039979,0.85,0.1,0.0,0.05
0.4504079565030088,0.27051033591990736,0.85,0.05,0.05,0.05
0.45027765013480914,0.2704281522941604,0.85,0.0,0.1,0.05
0.45056582868371503,0.2706016382259546,0.85,0.05,0.0,0.1
0.4504289293868982,0.27051846094351534,0.85,0.0,0.05,0.1
0.45059650282079056,0.2706102054210848,0.85,0.0,0.0,0.15
0.4513712190846482,0.2710554017378233,0.9,0.1,0.0,0.0
0.4512234634408487,0.270969555833449,0.9,0.05,0.05,0.0
0.45109090444801947,0.2708851817874184,0.9,0.0,0.1,0.0
0.4513755930926231,0.27106215965081015,0.9,0.05,0.0,0.05
0.45123445210633795,0.27097679194808716,0.9,0.0,0.05,0.05
0.4514012406136466,0.2710698379369703,0.9,0.0,0.0,0.1
0.4522727175339749,0.27154378353203606,0.95,0.05,0.0,0.0
0.4521275770070709,0.27145622540902936,0.95,0.0,0.05,0.0
0.45228720660495214,0.27155057290922635,0.95,0.0,0.0,0.05
0.45330325395511545,0.27205241033785277,1.0,0.0,0.0,0.0
