airport,joint_log_loss,joint_log_loss_delta_vs_flare24,method,multiclass_brier,multiclass_brier_delta_vs_flare24,n,role
ABQ,0.4547391485759835,0.0,flare24,0.2659949173690749,0.0,24880,origin
ALB,0.541450832230202,0.0,flare24,0.3222984582808111,0.0,11939,origin
ANC,0.471305431029489,0.0,flare24,0.2777806669360271,0.0,12629,origin
ATL,0.5689937035841213,0.0,flare24,0.34801442437158026,0.0,266525,origin
AUS,0.5248681937482254,0.0,flare24,0.32264224045578616,0.0,82370,origin
BDL,0.5266984560190713,0.0,flare24,0.31728859813061694,0.0,22764,origin
BHM,0.5213088651089082,0.0,flare24,0.30464198125246794,0.0,16638,origin
BNA,0.5317166176376346,0.0,flare24,0.3248059993925378,0.0,99747,origin
BOI,0.42327072064309584,0.0,flare24,0.25163568585941315,0.0,23112,origin
BOS,0.5624038262771728,0.0,flare24,0.3435720568009672,0.0,138336,origin
BUF,0.5395307247617599,0.0,flare24,0.3227528180218682,0.0,20374,origin
BUR,0.4838082725737332,0.0,flare24,0.27898613835526426,0.0,29719,origin
BWI,0.5326638890471528,0.0,flare24,0.3219904269132631,0.0,90284,origin
CHS,0.5556672876002355,0.0,flare24,0.32667146793006474,0.0,24294,origin
CLE,0.5218569340266922,0.0,flare24,0.3088654322168313,0.0,39356,origin
CLT,0.5774936511455094,0.0,flare24,0.3539407900400347,0.0,158932,origin
CMH,0.513881216776915,0.0,flare24,0.3071722388428028,0.0,43587,origin
COS,0.5489520464219498,0.0,flare24,0.3318286939063941,0.0,13037,origin
CVG,0.5427690994430655,0.0,flare24,0.3268931812797868,0.0,30824,origin
DAL,0.5576852080957126,0.0,flare24,0.3402445748085432,0.0,65842,origin
DAY,0.5531692866625081,0.0,flare24,0.3229868400781443,0.0,7562,origin
DCA,0.6589368491263597,0.0,flare24,0.394162464100915,0.0,127289,origin
DEN,0.543582136911025,0.0,flare24,0.3432494709109842,0.0,243152,origin
DFW,0.6691422083084011,0.0,flare24,0.4093063299765661,0.0,221410,origin
DSM,0.5430514998276239,0.0,flare24,0.31823022346445573,0.0,13622,origin
DTW,0.5244095012350772,0.0,flare24,0.3198644831531802,0.0,108498,origin
ELP,0.47536331824781514,0.0,flare24,0.2786077623407923,0.0,16763,origin
EWR,0.6136315584439139,0.0,flare24,0.3696137050749509,0.0,113771,origin
FAT,0.4775796321228269,0.0,flare24,0.28601574123663137,0.0,13175,origin
FLL,0.5539263645684004,0.0,flare24,0.3402306430632451,0.0,81633,origin
GEG,0.427151412252974,0.0,flare24,0.2532232614470042,0.0,17884,origin
GRR,0.5431526828676023,0.0,flare24,0.32802477919644407,0.0,16731,origin
GSO,0.535649969240551,0.0,flare24,0.3049985592796159,0.0,10163,origin
GSP,0.5113681395772559,0.0,flare24,0.29613942077920996,0.0,13691,origin
HNL,0.432655145362015,0.0,flare24,0.24788051865582184,0.0,51232,origin
HOU,0.519095993072616,0.0,flare24,0.3143295317085838,0.0,50539,origin
HPN,0.5824049354166818,0.0,flare24,0.3446744739109619,0.0,10381,origin
IAD,0.5098765579816444,0.0,flare24,0.3101843041909997,0.0,54506,origin
IAH,0.545921558188833,0.0,flare24,0.333253220345704,0.0,107923,origin
ICT,0.5841715424647606,0.0,flare24,0.3476986349267584,0.0,10780,origin
IND,0.507265534457869,0.0,flare24,0.3003649659468296,0.0,45448,origin
JAX,0.5206420278236358,0.0,flare24,0.3057585610779898,0.0,27657,origin
JFK,0.5857958858058293,0.0,flare24,0.35683693771259556,0.0,100462,origin
KOA,0.4063333812057879,0.0,flare24,0.2232163255765569,0.0,15585,origin
LAS,0.5079750901522856,0.0,flare24,0.3110730968580762,0.0,173080,origin
LAX,0.4689016860233041,0.0,flare24,0.27992445693005386,0.0,178888,origin
LGA,0.630617954664279,0.0,flare24,0.3822700389919737,0.0,129295,origin
LGB,0.39818217923698906,0.0,flare24,0.22907641654319355,0.0,16513,origin
LIH,0.42749609105561287,0.0,flare24,0.2397257849519865,0.0,15466,origin
LIT,0.5610003181308105,0.0,flare24,0.33489169182962164,0.0,12520,origin
MAF,0.5047440626453433,0.0,flare24,0.29414418709214446,0.0,9750,origin
MCI,0.5244089559215455,0.0,flare24,0.3153959477090536,0.0,47217,origin
MCO,0.5395574390607691,0.0,flare24,0.3329011199387227,0.0,150588,origin
MDW,0.5230642382669278,0.0,flare24,0.31998152873120045,0.0,71497,origin
MEM,0.5273197435670853,0.0,flare24,0.3130702604534867,0.0,23500,origin
MIA,0.5856235011621921,0.0,flare24,0.3659705150044233,0.0,104569,origin
MKE,0.5272296374888354,0.0,flare24,0.3148383940623176,0.0,27310,origin
MSN,0.5332153532028651,0.0,flare24,0.3166181370733312,0.0,12612,origin
MSP,0.5013844453460171,0.0,flare24,0.3064898800137322,0.0,91402,origin
MSY,0.5489042597709803,0.0,flare24,0.32808512263910666,0.0,50424,origin
MYR,0.5581467813385593,0.0,flare24,0.3268540428931823,0.0,12929,origin
OAK,0.4429411760620028,0.0,flare24,0.26388415844482627,0.0,33273,origin
OGG,0.4292713799207625,0.0,flare24,0.24234552681527996,0.0,24858,origin
OKC,0.5271372170785775,0.0,flare24,0.31576635230631817,0.0,23776,origin
OMA,0.49563043289380593,0.0,flare24,0.29310353063554717,0.0,23836,origin
ONT,0.4569323270688507,0.0,flare24,0.2682762687914452,0.0,25833,origin
ORD,0.5818815622975493,0.0,flare24,0.35904125402067105,0.0,257943,origin
ORF,0.5610732829635092,0.0,flare24,0.3313159867185573,0.0,19573,origin
PBI,0.5712066011153233,0.0,flare24,0.3497879291222942,0.0,28349,origin
PDX,0.47632454931865914,0.0,flare24,0.2843333313423985,0.0,58871,origin
PHL,0.6067626565191887,0.0,flare24,0.3721822830653425,0.0,92497,origin
PHX,0.5019223558490893,0.0,flare24,0.3060362694923316,0.0,175652,origin
PIT,0.4940496552935511,0.0,flare24,0.29147148924717964,0.0,41531,origin
PNS,0.5485633237956008,0.0,flare24,0.3161851472603354,0.0,13723,origin
PSP,0.481098535146501,0.0,flare24,0.29138032562037086,0.0,14520,origin
PVD,0.5453741248894629,0.0,flare24,0.324949547593434,0.0,15164,origin
PWM,0.5526377802752377,0.0,flare24,0.32775150456538654,0.0,10630,origin
RDU,0.5264903167147137,0.0,flare24,0.3129808259291479,0.0,54711,origin
RIC,0.5520792823898417,0.0,flare24,0.3292918146375077,0.0,17525,origin
RNO,0.48625823720512823,0.0,flare24,0.2858139577736309,0.0,20662,origin
ROC,0.5642235097056145,0.0,flare24,0.3385994829700264,0.0,9914,origin
RSW,0.5158146150540829,0.0,flare24,0.30963696588066597,0.0,33899,origin
SAN,0.5368487596829172,0.0,flare24,0.3264659505786397,0.0,92521,origin
SAT,0.4768653204581201,0.0,flare24,0.28027508345833546,0.0,41253,origin
SAV,0.5539793560852211,0.0,flare24,0.3246695313962724,0.0,18659,origin
SDF,0.5239422080367908,0.0,flare24,0.30458642327882307,0.0,22203,origin
SEA,0.5345771276124484,0.0,flare24,0.3308885232307811,0.0,145024,origin
SFO,0.49754262871762917,0.0,flare24,0.3029534837549573,0.0,130201,origin
SJC,0.4334654276032315,0.0,flare24,0.2550945876549718,0.0,45114,origin
SJU,0.5295936135656099,0.0,flare24,0.32540760980598415,0.0,34352,origin
SLC,0.4570842477427758,0.0,flare24,0.2737914502085928,0.0,95416,origin
SMF,0.45178012083924995,0.0,flare24,0.26927320279256034,0.0,56514,origin
SNA,0.4901425011695279,0.0,flare24,0.2900671859570848,0.0,42958,origin
STL,0.5195461024873285,0.0,flare24,0.3141125731453776,0.0,62551,origin
SYR,0.5863346807059772,0.0,flare24,0.3503450954926907,0.0,9782,origin
TPA,0.5267219897895116,0.0,flare24,0.3205914526841755,0.0,77003,origin
TUL,0.5256626359728642,0.0,flare24,0.3079823425667503,0.0,18006,origin
TUS,0.44277149518518844,0.0,flare24,0.2556835392529028,0.0,19884,origin
TYS,0.5861770286629611,0.0,flare24,0.352775096560051,0.0,11396,origin
XNA,0.5666833558273796,0.0,flare24,0.3370547203866318,0.0,12083,origin
ABQ,0.4549965049830969,0.0002573564071133849,raw_demand,0.26681425632718125,0.0008193389581063748,24880,origin
ALB,0.5395018549628822,-0.0019489772673197958,raw_demand,0.3229195218011852,0.0006210635203741099,11939,origin
ANC,0.4710731390283062,-0.0002322920011827989,raw_demand,0.27763133109942706,-0.00014933583660003968,12629,origin
ATL,0.5684356430569674,-0.000558060527153903,raw_demand,0.348869759045335,0.0008553346737547596,266525,origin
AUS,0.5248261925327464,-4.200121547892621e-05,raw_demand,0.32286700054786305,0.00022476009207689218,82370,origin
BDL,0.5259315297180801,-0.0007669263009911775,raw_demand,0.31724062060899894,-4.7977521618003394e-05,22764,origin
BHM,0.5199675673100332,-0.0013412977988749297,raw_demand,0.3048874955222876,0.00024551426981966884,16638,origin
BNA,0.5308615857617044,-0.0008550318759301678,raw_demand,0.3250427404164774,0.00023674102393961283,99747,origin
BOI,0.4243188196758786,0.0010480990327827455,raw_demand,0.25210856685473254,0.0004728809953193913,23112,origin
BOS,0.5620233002534699,-0.00038052602370286515,raw_demand,0.3437599707689142,0.00018791396794698434,138336,origin
BUF,0.5391669940712821,-0.0003637306904777926,raw_demand,0.3227034708297723,-4.934719209592764e-05,20374,origin
BUR,0.48508393507390085,0.0012756625001676403,raw_demand,0.2798523040097931,0.0008661656545288499,29719,origin
BWI,0.5335752040615434,0.0009113150143905679,raw_demand,0.3229333917142227,0.0009429648009596225,90284,origin
CHS,0.552695491608826,-0.0029717959914095093,raw_demand,0.32619837066046886,-0.00047309726959587906,24294,origin
CLE,0.5208091898104363,-0.0010477442162558637,raw_demand,0.30881882754259027,-4.660467424105752e-05,39356,origin
CLT,0.5760887115788202,-0.0014049395666891895,raw_demand,0.35443267974670095,0.0004918897066662486,158932,origin
CMH,0.5131357162368823,-0.0007455005400327508,raw_demand,0.307234102925589,6.186408278618938e-05,43587,origin
COS,0.5474056900687799,-0.0015463563531699087,raw_demand,0.33275316919623976,0.0009244752898456832,13037,origin
CVG,0.5418758032045207,-0.0008932962385448384,raw_demand,0.3269502074006536,5.702612086683212e-05,30824,origin
DAL,0.5579269721187065,0.00024176402299380673,raw_demand,0.34109390145410723,0.0008493266455640303,65842,origin
DAY,0.550128784403329,-0.0030405022591790676,raw_demand,0.3228457445040551,-0.0001410955740892006,7562,origin
DCA,0.6534374680388761,-0.005499381087483601,raw_demand,0.39301170067527025,-0.0011507634256447408,127289,origin
DEN,0.545208942872766,0.001626805961741029,raw_demand,0.3450689684183294,0.0018194975073452246,243152,origin
DFW,0.6686144669717762,-0.0005277413366249206,raw_demand,0.4100571250963602,0.0007507951197941454,221410,origin
DSM,0.5408055237237789,-0.0022459761038450266,raw_demand,0.31821076656202857,-1.9456902427161804e-05,13622,origin
DTW,0.5234043469826339,-0.0010051542524432966,raw_demand,0.3196949027278971,-0.00016958042528314454,108498,origin
ELP,0.47517130699166454,-0.00019201125615059267,raw_demand,0.2791066596814838,0.0004988973406914732,16763,origin
EWR,0.6110550631545795,-0.0025764952893344573,raw_demand,0.3699074236337765,0.0002937185588255953,113771,origin
FAT,0.4771745496121258,-0.0004050825107010936,raw_demand,0.28605772882318814,4.198758655676871e-05,13175,origin
FLL,0.5534532288423984,-0.00047313572600193865,raw_demand,0.34074013528775055,0.00050949222450547,81633,origin
GEG,0.4274892207013439,0.00033780844836989177,raw_demand,0.2533884781674077,0.00016521672040353819,17884,origin
GRR,0.5416485586035696,-0.0015041242640326802,raw_demand,0.32793244462322796,-9.233457321611294e-05,16731,origin
GSO,0.5312595743909168,-0.004390394849634216,raw_demand,0.3045149403637706,-0.0004836189158453075,10163,origin
GSP,0.5083946340186781,-0.0029735055585777825,raw_demand,0.29616656359026017,2.7142811050206994e-05,13691,origin
HNL,0.43162920618736905,-0.00102593917464594,raw_demand,0.247481331158856,-0.0003991874969658249,51232,origin
HOU,0.5196334705452772,0.0005374774726611964,raw_demand,0.31487823299697776,0.0005487012883939602,50539,origin
HPN,0.5821369372258948,-0.00026799819078704434,raw_demand,0.3458294212408451,0.0011549473298831936,10381,origin
IAD,0.5097026223699545,-0.0001739356116899904,raw_demand,0.31071926993224336,0.0005349657412436759,54506,origin
IAH,0.5466484857498197,0.0007269275609866899,raw_demand,0.3338132624303834,0.000560042084679413,107923,origin
ICT,0.5811616641678592,-0.0030098782969013582,raw_demand,0.34785016628887944,0.0001515313621210379,10780,origin
IND,0.5064837256018968,-0.0007818088559722325,raw_demand,0.30036096714136346,-3.998805466143285e-06,45448,origin
JAX,0.5199608661025554,-0.0006811617210803478,raw_demand,0.30608578654068835,0.0003272254626985327,27657,origin
JFK,0.5861955843990629,0.00039969859323363277,raw_demand,0.35779089218624094,0.0009539544736453798,100462,origin
KOA,0.4059223694364008,-0.00041101176938707074,raw_demand,0.223546678170784,0.0003303525942270902,15585,origin
LAS,0.5088537603327176,0.000878670180431973,raw_demand,0.3121932181658412,0.0011201213077650096,173080,origin
LAX,0.4691944101575047,0.00029272413420056154,raw_demand,0.28031686996674554,0.0003924130366916856,178888,origin
LGA,0.6273246612332276,-0.003293293431051336,raw_demand,0.38145756584769674,-0.0008124731442769595,129295,origin
LGB,0.3992812369658715,0.0010990577288824133,raw_demand,0.22954620365371403,0.00046978711052048094,16513,origin
LIH,0.4284249218147035,0.0009288307590906153,raw_demand,0.24040207573242064,0.0006762907804341578,15466,origin
LIT,0.5596125396117363,-0.0013877785190742342,raw_demand,0.33568728057315145,0.000795588743529807,12520,origin
MAF,0.5036331096230137,-0.0011109530223296638,raw_demand,0.29465644314471884,0.000512256052574378,9750,origin
MCI,0.5238477463964879,-0.0005612095250575599,raw_demand,0.3158243766750396,0.0004284289659859941,47217,origin
MCO,0.5405112655973997,0.0009538265366305643,raw_demand,0.33424144857626875,0.0013403286375460732,150588,origin
MDW,0.5230196618663913,-4.457640053656675e-05,raw_demand,0.32024958434840856,0.0002680556172081072,71497,origin
MEM,0.5259573791103986,-0.0013623644566866933,raw_demand,0.31317621124304457,0.00010595078955788484,23500,origin
MIA,0.5859551985122338,0.000331697350041682,raw_demand,0.3669597821856014,0.0009892671811780884,104569,origin
MKE,0.525633196585646,-0.0015964409031894444,raw_demand,0.3148083637849793,-3.003027733833319e-05,27310,origin
MSN,0.5315209465478887,-0.0016944066549763326,raw_demand,0.3166695953153734,5.145824204222382e-05,12612,origin
MSP,0.5018541772012067,0.0004697318551896146,raw_demand,0.30699653901827617,0.0005066590045439967,91402,origin
MSY,0.5487272002962568,-0.0001770594747235732,raw_demand,0.3284559553147415,0.0003708326756348135,50424,origin
MYR,0.5553032525482633,-0.002843528790296035,raw_demand,0.32657622943138515,-0.0002778134617971717,12929,origin
OAK,0.44433410123105566,0.0013929251690528721,raw_demand,0.2648117856957496,0.0009276272509233241,33273,origin
OGG,0.42937817795068944,0.00010679802992696885,raw_demand,0.2424620680166021,0.00011654120132215118,24858,origin
OKC,0.5264186633651038,-0.0007185537134737352,raw_demand,0.3163044835867933,0.0005381312804751404,23776,origin
OMA,0.49501756965756877,-0.00061286323623716,raw_demand,0.29334981113428044,0.0002462804987332645,23836,origin
ONT,0.45683444374037857,-9.788332847210368e-05,raw_demand,0.2686009708050669,0.0003247020136216694,25833,origin
ORD,0.5813072684894507,-0.0005742938080985915,raw_demand,0.35953494201340536,0.0004936879927343041,257943,origin
ORF,0.5561958837993575,-0.004877399164151752,raw_demand,0.3305507706282451,-0.0007652160903121596,19573,origin
PBI,0.5707967835855344,-0.00040981752978885844,raw_demand,0.3506309180917718,0.0008429889694775983,28349,origin
PDX,0.4760624881264182,-0.0002620611922409255,raw_demand,0.28436504757682735,3.171623442882465e-05,58871,origin
PHL,0.6061644936526766,-0.000598162866512153,raw_demand,0.37247996514766823,0.00029768208232572313,92497,origin
PHX,0.501747478723049,-0.00017487712604025152,raw_demand,0.30643505928450177,0.0003987897921701733,175652,origin
PIT,0.4933429484807628,-0.0007067068127882825,raw_demand,0.29138311717420196,-8.837207297768268e-05,41531,origin
PNS,0.5483498164864771,-0.00021350730912372828,raw_demand,0.3169056111362397,0.0007204638759042981,13723,origin
PSP,0.4819072953717389,0.0008087602252378479,raw_demand,0.29200182180384054,0.000621496183469683,14520,origin
PVD,0.5437143682614021,-0.0016597566280608378,raw_demand,0.32514106983293695,0.00019152223950297254,15164,origin
PWM,0.5499548792476516,-0.00268290102758606,raw_demand,0.32737641610211304,-0.00037508846327349854,10630,origin
RDU,0.524046388217379,-0.0024439284973346576,raw_demand,0.3127714409102689,-0.00020938501887896033,54711,origin
RIC,0.549657011348086,-0.0024222710417557414,raw_demand,0.3290139140438651,-0.00027790059364257713,17525,origin
RNO,0.4873650848455506,0.0011068476404223482,raw_demand,0.28659446985223763,0.0007805120786067432,20662,origin
ROC,0.5618513671648255,-0.0023721425407889907,raw_demand,0.3384518009140925,-0.00014768205593390649,9914,origin
RSW,0.5166952491225196,0.0008806340684367475,raw_demand,0.31086533700929525,0.0012283711286292798,33899,origin
SAN,0.5381853495803467,0.0013365898974294632,raw_demand,0.3278945652677304,0.0014286146890907236,92521,origin
SAT,0.47767579288340234,0.0008104724252822604,raw_demand,0.2808425186872097,0.0005674352288742579,41253,origin
SAV,0.5509273170197391,-0.003052039065482015,raw_demand,0.324346333458708,-0.0003231979375644123,18659,origin
SDF,0.5221117480932709,-0.0018304599435199354,raw_demand,0.30486304494107,0.0002766216622469564,22203,origin
SEA,0.5348013753241345,0.0002242477116861652,raw_demand,0.33122757565297306,0.0003390524221919544,145024,origin
SFO,0.4980404765603547,0.0004978478427255517,raw_demand,0.3036451889783823,0.0006917052234249876,130201,origin
SJC,0.43461591314409614,0.0011504855408646653,raw_demand,0.2558334222929028,0.0007388346379310073,45114,origin
SJU,0.5300861882852264,0.0004925747196165009,raw_demand,0.32560292143169,0.0001953116257058518,34352,origin
SLC,0.4570766597926234,-7.587950152376788e-06,raw_demand,0.2740637503407545,0.0002723001321616736,95416,origin
SMF,0.4521130462887177,0.00033292544946772473,raw_demand,0.2695880570665809,0.00031485427402055954,56514,origin
SNA,0.4907127253285738,0.0005702241590458956,raw_demand,0.29063136950387647,0.0005641835467916634,42958,origin
STL,0.5194396958389333,-0.00010640664839511871,raw_demand,0.3149457478171598,0.0008331746717821775,62551,origin
SYR,0.5832958788246065,-0.003038801881370623,raw_demand,0.35040049143834856,5.539594565784345e-05,9782,origin
TPA,0.5268355777426171,0.00011358795310556502,raw_demand,0.3211988984593364,0.0006074457751609197,77003,origin
TUL,0.5229659893195794,-0.00269664665328484,raw_demand,0.30804241657716547,6.007401041518978e-05,18006,origin
TUS,0.44218970502663213,-0.0005817901585563057,raw_demand,0.25599225449322704,0.00030871524032421993,19884,origin
TYS,0.5838932137952798,-0.0022838148676812553,raw_demand,0.3526384025315995,-0.00013669402845151168,11396,origin
XNA,0.5637871608511755,-0.0028961949762040806,raw_demand,0.33765202556597984,0.0005973051793480288,12083,origin
ABQ,0.45490454915502765,0.0001654005790441282,normalized_capacity,0.26668349958251547,0.0006885822134405917,24880,origin
ALB,0.5396662510129255,-0.0017845812172764264,normalized_capacity,0.3227947751050073,0.0004963168241962079,11939,origin
ANC,0.4713483084402052,4.287741071618001e-05,normalized_capacity,0.27793030428935467,0.00014963735332756967,12629,origin
ATL,0.5686165191556041,-0.0003771844285171966,normalized_capacity,0.3483866792198219,0.0003722548482416599,266525,origin
AUS,0.5239417902377719,-0.0009264035104534774,normalized_capacity,0.32252633811789655,-0.00011590233788960624,82370,origin
BDL,0.5258723561431586,-0.0008260998759126448,normalized_capacity,0.31734740013995333,5.880200933638946e-05,22764,origin
BHM,0.5187872457614703,-0.0025216193474378867,normalized_capacity,0.3043658588081968,-0.00027612244427116517,16638,origin
BNA,0.5305770776641292,-0.0011395399735053546,normalized_capacity,0.32466535902215077,-0.00014064037038702404,99747,origin
BOI,0.4238734977627433,0.0006027771196474574,normalized_capacity,0.2519015573920269,0.0002658715326137595,23112,origin
BOS,0.5610603589636337,-0.0013434673135390707,normalized_capacity,0.3435194239030071,-5.263289796009207e-05,138336,origin
BUF,0.538561169597011,-0.0009695551647489475,normalized_capacity,0.32290512616580447,0.0001523081439362417,20374,origin
BUR,0.48548681528177673,0.0016785427080435178,normalized_capacity,0.2796399114132516,0.0006537730579873613,29719,origin
BWI,0.5332362899394021,0.0005724008922493029,normalized_capacity,0.32292476286385796,0.0009343359505948889,90284,origin
CHS,0.5531543356609558,-0.002512951939279695,normalized_capacity,0.3262255068617698,-0.00044596106829492,24294,origin
CLE,0.5197265387210062,-0.002130395305686039,normalized_capacity,0.3083250347733692,-0.0005403974434621261,39356,origin
CLT,0.575269363551427,-0.0022242875940824414,normalized_capacity,0.3540978170153547,0.000157026975319996,158932,origin
CMH,0.5128371410858031,-0.0010440756911118676,normalized_capacity,0.3071926229099741,2.0384067171308473e-05,43587,origin
COS,0.5483049405390192,-0.0006471058829305987,normalized_capacity,0.33296586983715,0.001137175930755907,13037,origin
CVG,0.5408571964056296,-0.0019119030374359358,normalized_capacity,0.32669271643819414,-0.00020046484159264022,30824,origin
DAL,0.5578457468651107,0.00016053876939803313,normalized_capacity,0.34064753460728137,0.00040295979873816723,65842,origin
DAY,0.5501552475696301,-0.003014039092878007,normalized_capacity,0.32295678271186723,-3.005736627709199e-05,7562,origin
DCA,0.653400891499187,-0.005535957627172738,normalized_capacity,0.393313682414012,-0.0008487816869029996,127289,origin
DEN,0.5453465474009058,0.0017644104898808521,normalized_capacity,0.34502174860872104,0.001772277697736857,243152,origin
DFW,0.6689804413247566,-0.0001617669836444513,normalized_capacity,0.4101391719754588,0.0008328419988927194,221410,origin
DSM,0.5404132358268979,-0.002638264000725976,normalized_capacity,0.3180107649702484,-0.00021945849420734742,13622,origin
DTW,0.5232347382506146,-0.0011747629844626184,normalized_capacity,0.31959151192144897,-0.00027297123173125604,108498,origin
ELP,0.4748298239789113,-0.0005334942689038114,normalized_capacity,0.2789544965901181,0.00034673424932579744,16763,origin
EWR,0.6090235551775742,-0.0046080032663397,normalized_capacity,0.3693347516746371,-0.00027895340031380833,113771,origin
FAT,0.4779160711772552,0.0003364390544283169,normalized_capacity,0.2862979868151484,0.00028224557851702636,13175,origin
FLL,0.5532373749746058,-0.0006889895937945978,normalized_capacity,0.3406386746081763,0.00040803154493124216,81633,origin
GEG,0.427063600158227,-8.781209474700846e-05,normalized_capacity,0.25331989830274426,9.663685574007319e-05,17884,origin
GRR,0.5409339356704155,-0.0022187471971868433,normalized_capacity,0.3278665582296274,-0.00015822096681666897,16731,origin
GSO,0.5311471731385558,-0.004502796101995221,normalized_capacity,0.3045030916526016,-0.000495467627014301,10163,origin
GSP,0.508164339985594,-0.003203799591661949,normalized_capacity,0.2957597865050207,-0.00037963427418924445,13691,origin
HNL,0.43237725815874073,-0.00027788720327426297,normalized_capacity,0.24771560666594344,-0.00016491198987839129,51232,origin
HOU,0.5183238082292084,-0.0007721848434075751,normalized_capacity,0.3144615678818262,0.00013203617324242245,50539,origin
HPN,0.5788401119113131,-0.003564823505368686,normalized_capacity,0.3455990621352197,0.000924588224257783,10381,origin
IAD,0.5093871328154297,-0.000489425166214752,normalized_capacity,0.3106566301355087,0.0004723259445090222,54506,origin
IAH,0.5453070410053141,-0.0006145171835189034,normalized_capacity,0.333558204963461,0.00030498461775702035,107923,origin
ICT,0.5812636451824955,-0.0029078972822650373,normalized_capacity,0.3477242535345859,2.561860782751557e-05,10780,origin
IND,0.5062176529918438,-0.0010478814660251912,normalized_capacity,0.30023571465900994,-0.0001292512878196539,45448,origin
JAX,0.5196974656675831,-0.0009445621560526529,normalized_capacity,0.3061793745225032,0.0004208134445133904,27657,origin
JFK,0.5852922563488993,-0.0005036294569300548,normalized_capacity,0.35768379839154363,0.0008468606789480693,100462,origin
KOA,0.40678962425584136,0.0004562430500534842,normalized_capacity,0.2235331289530099,0.0003168033764529843,15585,origin
LAS,0.5085557275690965,0.0005806374168109141,normalized_capacity,0.3118654427603317,0.0007923459022554646,173080,origin
LAX,0.4687724017760435,-0.00012928424726060816,normalized_capacity,0.28020722666163755,0.00028276973158369856,178888,origin
LGA,0.6268735451104276,-0.0037444095538513578,normalized_capacity,0.38140959978514577,-0.0008604392068279343,129295,origin
LGB,0.39891359559778927,0.0007314163608002078,normalized_capacity,0.22927831624102482,0.00020189969783127037,16513,origin
LIH,0.4281840778936708,0.0006879868380579302,normalized_capacity,0.24030752606250205,0.0005817411105155657,15466,origin
LIT,0.5597677349966215,-0.001232583134189058,normalized_capacity,0.33580694388817417,0.0009152520585525292,12520,origin
MAF,0.5038179804712765,-0.0009260821740668668,normalized_capacity,0.29498219689017424,0.0008380097980297818,9750,origin
MCI,0.5233272381684269,-0.001081717753118605,normalized_capacity,0.31543384530187063,3.789759281702665e-05,47217,origin
MCO,0.5398486307983846,0.00029119173761549266,normalized_capacity,0.3339242861551768,0.0010231662164540967,150588,origin
MDW,0.5220628408582005,-0.0010013974087272892,normalized_capacity,0.3200730427632941,9.151403209367581e-05,71497,origin
MEM,0.5266090567360586,-0.0007106868310267078,normalized_capacity,0.31327011627420825,0.00019985582072157282,23500,origin
MIA,0.5847069158539764,-0.0009165853082157005,normalized_capacity,0.366431058023547,0.00046054301912368256,104569,origin
MKE,0.5252098656396845,-0.00201977184915092,normalized_capacity,0.31463857190418715,-0.00019982215813046933,27310,origin
MSN,0.5312445321576809,-0.001970821045184201,normalized_capacity,0.3164909481933596,-0.0001271888799715959,12612,origin
MSP,0.5010714943805188,-0.00031295096549832646,normalized_capacity,0.30678313558575887,0.00029325557202669605,91402,origin
MSY,0.5468245476730936,-0.00207971209788671,normalized_capacity,0.328150637233696,6.551459458931097e-05,50424,origin
MYR,0.5553578347257635,-0.0027889466127958285,normalized_capacity,0.32665441981153776,-0.0001996230816445621,12929,origin
OAK,0.44422193682297434,0.0012807607609715554,normalized_capacity,0.26481509155056654,0.0009309331057402725,33273,origin
OGG,0.4299690274107248,0.0006976474899623164,normalized_capacity,0.2425783990709848,0.00023287225570484127,24858,origin
OKC,0.5264266606569267,-0.0007105564216508542,normalized_capacity,0.3163976051595268,0.0006312528532086414,23776,origin
OMA,0.49471883240674536,-0.000911600487060571,normalized_capacity,0.2934640166936674,0.00036048605812022405,23836,origin
ONT,0.4568402947827754,-9.203228607529423e-05,normalized_capacity,0.2685148439026735,0.00023857511122826747,25833,origin
ORD,0.5811237310101693,-0.0007578312873799398,normalized_capacity,0.35972164396082207,0.0006803899401510161,257943,origin
ORF,0.5567615785921656,-0.00431170437134365,normalized_capacity,0.33071939908657155,-0.0005965876319857233,19573,origin
PBI,0.5704994417784544,-0.0007071593368689344,normalized_capacity,0.3506275349091501,0.0008396057868558793,28349,origin
PDX,0.47586831137395974,-0.00045623794469940027,normalized_capacity,0.2842012961802817,-0.00013203516211679478,58871,origin
PHL,0.6056284236723601,-0.0011342328468285645,normalized_capacity,0.3726021251210103,0.0004198420556678073,92497,origin
PHX,0.5015485388271957,-0.00037381702189354105,normalized_capacity,0.3062759961701052,0.00023972667777361067,175652,origin
PIT,0.4931128685278494,-0.0009367867657016915,normalized_capacity,0.2916825607372236,0.00021107149004395698,41531,origin
PNS,0.547589971686161,-0.000973352109439829,normalized_capacity,0.3166540362334769,0.00046888897314145694,13723,origin
PSP,0.48166757867084353,0.0005690435243425052,normalized_capacity,0.2919227596321356,0.0005424340117647364,14520,origin
PVD,0.5440259306020907,-0.0013481942873722064,normalized_capacity,0.32542505298050367,0.0004755053870696968,15164,origin
PWM,0.5490884829858235,-0.0035492972894142216,normalized_capacity,0.32712251731724884,-0.0006289872481377023,10630,origin
RDU,0.5239076232570093,-0.0025826934577043437,normalized_capacity,0.3126419571490323,-0.0003388687801155754,54711,origin
RIC,0.5498436902934085,-0.0022355920964332032,normalized_capacity,0.3289697874365515,-0.00032202720095619863,17525,origin
RNO,0.4881234200928556,0.0018651828877273569,normalized_capacity,0.2866324983645267,0.000818540590895811,20662,origin
ROC,0.5621635818539235,-0.002059927851691068,normalized_capacity,0.3386372599473306,3.777697730422691e-05,9914,origin
RSW,0.5163648631597021,0.000550248105619211,normalized_capacity,0.3108484014039805,0.0012114355233145413,33899,origin
SAN,0.5373514450299953,0.0005026853470780912,normalized_capacity,0.3272733912232116,0.0008074406445718885,92521,origin
SAT,0.4765647567356588,-0.00030056372246128893,normalized_capacity,0.28065798153783816,0.0003828980795027026,41253,origin
SAV,0.5524443455842737,-0.001535010500947398,normalized_capacity,0.32442739124627296,-0.0002421401499994591,18659,origin
SDF,0.5222508601344626,-0.0016913479023281663,normalized_capacity,0.3048100844867177,0.00022366120789463206,22203,origin
SEA,0.5345305692042702,-4.655840817813228e-05,normalized_capacity,0.33119598197921446,0.0003074587484333535,145024,origin
SFO,0.49764377930292086,0.00010115058529169829,normalized_capacity,0.30337976523916765,0.0004262814842103668,130201,origin
SJC,0.43422455259289516,0.0007591249896636842,normalized_capacity,0.2556061166580274,0.0005115290030556219,45114,origin
SJU,0.5297160082260683,0.00012239466045849134,normalized_capacity,0.32553281863052363,0.00012520882453948,34352,origin
SLC,0.45684779260184943,-0.00023645514092635045,normalized_capacity,0.27395324948458255,0.00016179927598974908,95416,origin
SMF,0.45186248369217386,8.236285292390066e-05,normalized_capacity,0.2694759778486887,0.0002027750561283681,56514,origin
SNA,0.4905738693097823,0.00043136814025440673,normalized_capacity,0.2905279022010238,0.0004607162439390078,42958,origin
STL,0.5196239204197345,7.78179324060213e-05,normalized_capacity,0.3148988115922471,0.0007862384468694805,62551,origin
SYR,0.5822225084466913,-0.00411217225928584,normalized_capacity,0.35037102976125045,2.593426855973524e-05,9782,origin
TPA,0.5260665923082254,-0.0006553974812861796,normalized_capacity,0.3210363300104549,0.0004448773262794026,77003,origin
TUL,0.5227371446076088,-0.0029254913652554393,normalized_capacity,0.30803317463568197,5.083206893169434e-05,18006,origin
TUS,0.4421620734069343,-0.0006094217782541267,normalized_capacity,0.2558463576932664,0.00016281844036358795,19884,origin
TYS,0.583301588575689,-0.00287544008727203,normalized_capacity,0.3525775275324596,-0.00019756902759143768,11396,origin
XNA,0.5634298647398894,-0.003253491087490179,normalized_capacity,0.3373368078908079,0.0002820875041760762,12083,origin
ABQ,0.4558998892027164,0.0011607406267328813,queue_shadow,0.2670773592083398,0.0010824418392649249,24880,origin
ALB,0.5411694485421036,-0.00028138368809838,queue_shadow,0.3227388321273846,0.0004403738465734719,11939,origin
ANC,0.4716323802833856,0.00032694925389659124,queue_shadow,0.27780727261675686,2.6605680729763215e-05,12629,origin
ATL,0.5698580053821463,0.0008643017980249912,queue_shadow,0.3485229513266557,0.0005085269550754723,266525,origin
AUS,0.5248635160043227,-4.677743902670173e-06,queue_shadow,0.32293178169046644,0.0002895412346802795,82370,origin
BDL,0.5266011985508504,-9.725746822086823e-05,queue_shadow,0.3176737976658766,0.00038519953525967265,22764,origin
BHM,0.521234340267008,-7.452484190018094e-05,queue_shadow,0.30472003626917826,7.805501671032111e-05,16638,origin
BNA,0.5308173581892889,-0.0008992594483456795,queue_shadow,0.32456589522851664,-0.00024010416402114876,99747,origin
BOI,0.42440667114462977,0.0011359505015339222,queue_shadow,0.252247492151399,0.0006118062919858724,23112,origin
BOS,0.5626113898479335,0.00020756357076068266,queue_shadow,0.3440356401214459,0.0004635833204786888,138336,origin
BUF,0.5390452128840596,-0.00048551187770029536,queue_shadow,0.3225961404176214,-0.0001566776042468132,20374,origin
BUR,0.4842547839432148,0.00044651136948159476,queue_shadow,0.2796465338194574,0.0006603954641931642,29719,origin
BWI,0.5341383434886005,0.0014744544414476701,queue_shadow,0.3231136876451194,0.0011232607318563126,90284,origin
CHS,0.5544094205031674,-0.0012578670970680994,queue_shadow,0.32649662064634977,-0.00017484728371497393,24294,origin
CLE,0.520229016879361,-0.001627917147331237,queue_shadow,0.30859814362687227,-0.00026728858995905824,39356,origin
CLT,0.5766068963451761,-0.0008867548003332892,queue_shadow,0.3543540551007403,0.0004132650607056032,158932,origin
CMH,0.5126439959814644,-0.0012372207954506331,queue_shadow,0.30721175028971415,3.951144691133335e-05,43587,origin
COS,0.5513887402546088,0.002436693832658987,queue_shadow,0.33420201124414617,0.00237331733775209,13037,origin
CVG,0.541459524844035,-0.001309574599030472,queue_shadow,0.3270107461842782,0.00011756490449144064,30824,origin
DAL,0.5592657435146021,0.0015805354188894727,queue_shadow,0.3419396457607888,0.001695070952245581,65842,origin
DAY,0.5526501744459421,-0.0005191122165659756,queue_shadow,0.3234029321526746,0.0004160920745303054,7562,origin
DCA,0.6582608454943423,-0.0006760036320174745,queue_shadow,0.3944014994159305,0.00023903531501551223,127289,origin
DEN,0.5460633503641436,0.0024812134531185803,queue_shadow,0.3453333335963828,0.0020838626853986186,243152,origin
DFW,0.6716396192843249,0.0024974109759238194,queue_shadow,0.41096345290258984,0.0016571229260237685,221410,origin
DSM,0.5408937622793267,-0.0021577375482971783,queue_shadow,0.3178189342345013,-0.00041128922995442574,13622,origin
DTW,0.5236515824040769,-0.0007579188310002927,queue_shadow,0.3198374629772881,-2.702017589212291e-05,108498,origin
ELP,0.4758927873146488,0.0005294690668336544,queue_shadow,0.2795498130548101,0.0009420507140177614,16763,origin
EWR,0.614475250390885,0.0008436919469710924,queue_shadow,0.370642896253919,0.001029191178968103,113771,origin
FAT,0.47763405748452,5.442536169308898e-05,queue_shadow,0.2863473371024868,0.00033159586585540524,13175,origin
FLL,0.552945071828695,-0.000981292739705375,queue_shadow,0.34031944841673956,8.880535349448104e-05,81633,origin
GEG,0.42752049105207807,0.00036907879910408337,queue_shadow,0.2534499351760606,0.0002266737290564369,17884,origin
GRR,0.5417854004477424,-0.0013672824198599498,queue_shadow,0.32792804215324994,-9.673704319412835e-05,16731,origin
GSO,0.5338899204805408,-0.0017600487600101244,queue_shadow,0.3050735429469786,7.498366736269357e-05,10163,origin
GSP,0.5107511109508042,-0.0006170286264517433,queue_shadow,0.29643384240479126,0.00029442162558129814,13691,origin
HNL,0.4323745244111811,-0.0002806209508338653,queue_shadow,0.24776597749038823,-0.00011454116543360704,51232,origin
HOU,0.5212542109785088,0.0021582179058927675,queue_shadow,0.31519244165310845,0.000862909944524648,50539,origin
HPN,0.580166689077381,-0.002238246339300809,queue_shadow,0.34544225788711574,0.0007677839761538463,10381,origin
IAD,0.5093768585444,-0.000499699437244483,queue_shadow,0.31016068344280956,-2.3620748190122942e-05,54506,origin
IAH,0.5463353852671754,0.00041382707834236587,queue_shadow,0.3334993044431089,0.00024608409740489723,107923,origin
ICT,0.5825828172105055,-0.001588725254255019,queue_shadow,0.3477428067184494,4.4171791691027806e-05,10780,origin
IND,0.506912601373828,-0.0003529330840410516,queue_shadow,0.300365538407737,5.724609073998188e-07,45448,origin
JAX,0.5207296328069179,8.760498328208577e-05,queue_shadow,0.3064831759068558,0.0007246148288659882,27657,origin
JFK,0.5870307892011819,0.0012349033953525934,queue_shadow,0.35825298260887367,0.0014160448962781125,100462,origin
KOA,0.40707016386242145,0.0007367826566335722,queue_shadow,0.2235196599756294,0.0003033343990724857,15585,origin
LAS,0.5088699873426856,0.0008948971904000347,queue_shadow,0.3120214809889189,0.0009483841308426944,173080,origin
LAX,0.46914824740829364,0.00024656138498951874,queue_shadow,0.2803471055342102,0.0004226486041563615,178888,origin
LGA,0.6297698528584705,-0.00084810180580841,queue_shadow,0.3831086260060402,0.000838587014066472,129295,origin
LGB,0.3990740531356926,0.0008918738987035435,queue_shadow,0.22962608342817148,0.0005496668849779285,16513,origin
LIH,0.428225898075378,0.0007298070197651052,queue_shadow,0.24030119827651633,0.0005754133245298443,15466,origin
LIT,0.5622003139144163,0.001199995783605745,queue_shadow,0.3360425459495271,0.0011508541199054534,12520,origin
MAF,0.5039610883069867,-0.0007829743383566123,queue_shadow,0.2946679111601309,0.000523724067986453,9750,origin
MCI,0.525482150095547,0.001073194174001535,queue_shadow,0.31619072595836667,0.0007947782493130662,47217,origin
MCO,0.539770759245153,0.00021332018438391387,queue_shadow,0.3336824683097416,0.0007813483710188973,150588,origin
MDW,0.5229718013772602,-9.24368896676464e-05,queue_shadow,0.3201303920873482,0.00014886335614777702,71497,origin
MEM,0.527326000386453,6.256819367722599e-06,queue_shadow,0.3131974735858839,0.0001272131323972192,23500,origin
MIA,0.5844266750087762,-0.0011968261534158753,queue_shadow,0.3659885418038272,1.8026799403936256e-05,104569,origin
MKE,0.5264783256353798,-0.0007513118534556718,queue_shadow,0.31482383895783206,-1.4555104485558523e-05,27310,origin
MSN,0.531419318077521,-0.0017960351253440976,queue_shadow,0.31621440851674704,-0.00040372855658415974,12612,origin
MSP,0.5018371334680939,0.000452688122076772,queue_shadow,0.30730315549294945,0.0008132754792172792,91402,origin
MSY,0.549633015568614,0.0007287557976336512,queue_shadow,0.3281807452188528,9.56225797461574e-05,50424,origin
MYR,0.5583594198291763,0.0002126384906169232,queue_shadow,0.32687518346718364,2.114057400132152e-05,12929,origin
OAK,0.44586131282678004,0.002920136764777259,queue_shadow,0.2658066906354562,0.001922532190629933,33273,origin
OGG,0.4295059441596143,0.00023456423885181987,queue_shadow,0.24247431842406855,0.00012879160878859208,24858,origin
OKC,0.5275704682216765,0.0004332511430990005,queue_shadow,0.31665868898834026,0.000892336682022099,23776,origin
OMA,0.49495214250541275,-0.0006782903883931768,queue_shadow,0.29321069275637424,0.00010716212082706456,23836,origin
ONT,0.45802370653277175,0.0010913794639210717,queue_shadow,0.269187607448037,0.0009113386565917647,25833,origin
ORD,0.5805199096762905,-0.0013616526212587576,queue_shadow,0.3583778576757719,-0.0006633963448991476,257943,origin
ORF,0.5597362968446276,-0.0013369861188816667,queue_shadow,0.3313897035281906,7.371680963330629e-05,19573,origin
PBI,0.5709600734815873,-0.0002465276337360045,queue_shadow,0.3508641336108033,0.0010762044885090916,28349,origin
PDX,0.4763634452289992,3.8895910340064344e-05,queue_shadow,0.28430161788779273,-3.171345460578623e-05,58871,origin
PHL,0.6071770223734368,0.0004143658542481443,queue_shadow,0.3728261728946407,0.0006438898292981943,92497,origin
PHX,0.5023272671440906,0.00040491129500130896,queue_shadow,0.30648747257269354,0.00045120308036195045,175652,origin
PIT,0.492929856753806,-0.0011197985397450871,queue_shadow,0.29153862524859225,6.713600141261544e-05,41531,origin
PNS,0.5511501154988029,0.002586791703202085,queue_shadow,0.31680022478754927,0.0006150775272138476,13723,origin
PSP,0.4824113109667083,0.0013127758202072792,queue_shadow,0.29228858242704564,0.0009082568066747787,14520,origin
PVD,0.5448314934751887,-0.0005426314142742417,queue_shadow,0.32550725305675937,0.0005577054633253975,15164,origin
PWM,0.5506020808896555,-0.0020356993855822347,queue_shadow,0.3270933215229648,-0.0006581830424217672,10630,origin
RDU,0.5253753525305407,-0.0011149641841730062,queue_shadow,0.3132909592387237,0.00031013330957579965,54711,origin
RIC,0.551858528437554,-0.0002207539522877111,queue_shadow,0.3299764595738156,0.0006846449363079321,17525,origin
RNO,0.48851045780747954,0.002252220602351307,queue_shadow,0.28698693522460605,0.0011729774509751656,20662,origin
ROC,0.5634959439503013,-0.0007275657553131865,queue_shadow,0.3387948812579066,0.00019539828788017743,9914,origin
RSW,0.5163098910022912,0.0004952759482083069,queue_shadow,0.3107518871866197,0.0011149213059537533,33899,origin
SAN,0.5378794495871819,0.0010306899042646922,queue_shadow,0.3274145342095492,0.0009485836309094942,92521,origin
SAT,0.47822905988991876,0.0013637394317986828,queue_shadow,0.2810630105914239,0.0007879271330884507,41253,origin
SAV,0.5547989553418295,0.0008195992566084609,queue_shadow,0.325031381156123,0.00036184975985059653,18659,origin
SDF,0.5236457599720515,-0.0002964480647392742,queue_shadow,0.3048063564476577,0.00021993316883461844,22203,origin
SEA,0.534991030740517,0.00041390312806866003,queue_shadow,0.33124426317765265,0.0003557399468715472,145024,origin
SFO,0.49730509360973874,-0.00023753510789042975,queue_shadow,0.30308194184987575,0.00012845809491845994,130201,origin
SJC,0.43536760964030513,0.001902182037073652,queue_shadow,0.25634584461640497,0.0012512569614331892,45114,origin
SJU,0.529217201952864,-0.00037641161274581947,queue_shadow,0.3250437171210099,-0.0003638926849742763,34352,origin
SLC,0.45718782922556966,0.00010358148279387969,queue_shadow,0.27407698629552446,0.0002855360869316592,95416,origin
SMF,0.4521926375589755,0.00041251671972553083,queue_shadow,0.2696026856953072,0.0003294829027468693,56514,origin
SNA,0.4899316170476303,-0.0002108841218976254,queue_shadow,0.29035111037320444,0.0002839244161196297,42958,origin
STL,0.5208356464030899,0.0012895439157614152,queue_shadow,0.3152024549580226,0.0010898818126450216,62551,origin
SYR,0.5831483170099463,-0.0031863636960308694,queue_shadow,0.350221756258124,-0.00012333923456669948,9782,origin
TPA,0.5260105230142996,-0.0007114667752119441,queue_shadow,0.32068939439601013,9.794171183463707e-05,77003,origin
TUL,0.5245882909994112,-0.0010743449734530452,queue_shadow,0.30826063665907827,0.00027829409232799085,18006,origin
TUS,0.4435046733971683,0.0007331782119798791,queue_shadow,0.2561741521452697,0.0004906128923668485,19884,origin
TYS,0.5862636061310901,8.657746812901213e-05,queue_shadow,0.35334422543623095,0.0005691288761799362,11396,origin
XNA,0.5652424519663508,-0.0014409038610287972,queue_shadow,0.337428207013904,0.0003734866272722126,12083,origin
ABQ,0.4560961953214218,0.001357046745438295,hypergraph,0.26711049475405246,0.001115577384977584,24880,origin
ALB,0.5407234240377413,-0.0007274081924606435,hypergraph,0.3228572404876169,0.0005587822068057746,11939,origin
ANC,0.4718854172736557,0.0005799862441666637,hypergraph,0.27803150891490125,0.00025084197887415005,12629,origin
ATL,0.571596750364791,0.0026030467806696933,hypergraph,0.3485515080327449,0.0005370836611646168,266525,origin
AUS,0.5248026723775708,-6.55213706545199e-05,hypergraph,0.3228429191605343,0.0002006787047481584,82370,origin
BDL,0.5271932083216816,0.0004947523026103129,hypergraph,0.31763413271573787,0.0003455345851209324,22764,origin
BHM,0.5213668292183271,5.796410941893981e-05,hypergraph,0.3048396805238264,0.00019769927135843135,16638,origin
BNA,0.5315820353955896,-0.00013458224204498936,hypergraph,0.32457255736903384,-0.00023344202350394916,99747,origin
BOI,0.42449309421299986,0.0012223735699040117,hypergraph,0.2523769550538498,0.0007412691944366778,23112,origin
BOS,0.5626563394916972,0.0002525132145244635,hypergraph,0.34398472728268614,0.0004126704817189464,138336,origin
BUF,0.5385299865183688,-0.001000738243391086,hypergraph,0.32260421299646175,-0.00014860502540647857,20374,origin
BUR,0.48520433545862957,0.001396062884896354,hypergraph,0.2796145895922382,0.0006284512369739703,29719,origin
BWI,0.5341007097386494,0.001436820691496643,hypergraph,0.32278516177595956,0.000794734862696489,90284,origin
CHS,0.5554472068562617,-0.00022008074397383837,hypergraph,0.32694910454673576,0.0002776366166710176,24294,origin
CLE,0.5212142047245315,-0.0006427293021606939,hypergraph,0.3088660002854352,5.68068603878924e-07,39356,origin
CLT,0.5769481745621172,-0.0005454765833922126,hypergraph,0.3544869613961432,0.0005461713561085157,158932,origin
CMH,0.5131607135219395,-0.0007205032549755241,hypergraph,0.3074098342799883,0.00023759543718548937,43587,origin
COS,0.5506543711605875,0.0017023247386376283,hypergraph,0.33404293660569045,0.002214242699296376,13037,origin
CVG,0.5421409316529338,-0.0006281677901317506,hypergraph,0.32730824190521957,0.00041506062543278377,30824,origin
DAL,0.5603982437528441,0.002713035657131435,hypergraph,0.3421432454463173,0.0018986706377741025,65842,origin
DAY,0.552972074165982,-0.00019721249652604467,hypergraph,0.323402560696578,0.00041572061843370145,7562,origin
DCA,0.6585693915435928,-0.00036745758276690577,hypergraph,0.39468614324361556,0.0005236791427005727,127289,origin
DEN,0.546065206135204,0.0024830692241790686,hypergraph,0.3454205725544777,0.002171101643493545,243152,origin
DFW,0.6749225304329082,0.005780322124507076,hypergraph,0.4118816351513054,0.0025753051747393063,221410,origin
DSM,0.5420281102171628,-0.0010233896104611118,hypergraph,0.3179598608677589,-0.00027036259669682705,13622,origin
DTW,0.5246954549808505,0.0002859537457732264,hypergraph,0.3203072633500308,0.00044278019685056735,108498,origin
ELP,0.4766019474771396,0.0012386292293244394,hypergraph,0.27972639213825784,0.0011186297974655202,16763,origin
EWR,0.6141429210035159,0.0005113625596019356,hypergraph,0.37085708528185213,0.0012433802069012345,113771,origin
FAT,0.477732674310122,0.00015304218729511598,hypergraph,0.2862537968999411,0.00023805566330975525,13175,origin
FLL,0.5540278104641198,0.00010144589571936535,hypergraph,0.34050595807178635,0.000275315008541277,81633,origin
GEG,0.4268961924972044,-0.0002552197557695868,hypergraph,0.2531796215642166,-4.3639882787605e-05,17884,origin
GRR,0.5403709111738453,-0.0027817716937570403,hypergraph,0.32717364859908954,-0.0008511305973545324,16731,origin
GSO,0.536054508834617,0.00040453959406605566,hypergraph,0.3056302904377585,0.0006317311581426344,10163,origin
GSP,0.510189399397552,-0.0011787401797038743,hypergraph,0.29653148630682125,0.000392065527611285,13691,origin
HNL,0.43240636345360917,-0.00024878190840582626,hypergraph,0.24773773043984768,-0.00014278821597416003,51232,origin
HOU,0.5203911087965616,0.0012951157239455835,hypergraph,0.31504878767830125,0.0007192559697174472,50539,origin
HPN,0.5834046492166894,0.0009997138000076289,hypergraph,0.3464798683373059,0.0018053944263439758,10381,origin
IAD,0.5094551838249597,-0.00042137415668475064,hypergraph,0.31039593310837094,0.00021162891737125378,54506,origin
IAH,0.5455122367964215,-0.00040932139241156573,hypergraph,0.3333488852302557,9.566488455170497e-05,107923,origin
ICT,0.5825483566751353,-0.001623185789625281,hypergraph,0.3477094697886051,1.0834861846720223e-05,10780,origin
IND,0.5069776387343464,-0.00028789572352261317,hypergraph,0.3004924642993576,0.00012749835252801045,45448,origin
JAX,0.5215090042800639,0.0008669764564280813,hypergraph,0.3068314215734065,0.001072860495416661,27657,origin
JFK,0.5869678583706793,0.0011719725648500212,hypergraph,0.3579663400506421,0.0011294023380465368,100462,origin
KOA,0.4060815712659024,-0.0002518099398854945,hypergraph,0.22313184031036268,-8.448526619422858e-05,15585,origin
LAS,0.5087615481237777,0.0007864579714921272,hypergraph,0.3118710027859859,0.0007979059279096812,173080,origin
LAX,0.46920613121383165,0.0003044451905275247,hypergraph,0.28033161848039817,0.0004071615503443149,178888,origin
LGA,0.6316560787223348,0.0010381240580558115,hypergraph,0.3834654898782948,0.0011954508863211144,129295,origin
LGB,0.39845818074218287,0.0002760015051938014,hypergraph,0.22927710069319196,0.0002006841499984091,16513,origin
LIH,0.4277586368716075,0.00026254581599460813,hypergraph,0.2401232496277011,0.0003974646757146094,15466,origin
LIT,0.5628567057516218,0.0018563876208113061,hypergraph,0.33601095206737025,0.0011192602377486094,12520,origin
MAF,0.5051893584772461,0.0004452958319027811,hypergraph,0.29476793479106805,0.0006237476989235935,9750,origin
MCI,0.5253903502968048,0.000981394375259348,hypergraph,0.3161218666926934,0.0007259189836397728,47217,origin
MCO,0.5399554101084003,0.00039797104763117375,hypergraph,0.3334458172191642,0.0005446972804415418,150588,origin
MDW,0.5230439655568622,-2.0272710065660782e-05,hypergraph,0.32005713119564966,7.560246444920926e-05,71497,origin
MEM,0.527962347930375,0.0006426043632896672,hypergraph,0.3132454024264732,0.00017514197298651446,23500,origin
MIA,0.585387741656726,-0.00023575950546605995,hypergraph,0.36623606974765077,0.00026555474322748074,104569,origin
MKE,0.5260146370469786,-0.0012150004418568505,hypergraph,0.314700608760826,-0.00013778530149161083,27310,origin
MSN,0.5316312369920909,-0.0015841162107741447,hypergraph,0.316286292160026,-0.0003318449133051793,12612,origin
MSP,0.5016141902063902,0.00022974486037308228,hypergraph,0.3071469779839196,0.0006570979701874258,91402,origin
MSY,0.5485813440006823,-0.00032291577029808227,hypergraph,0.328189435965914,0.00010431332680732597,50424,origin
MYR,0.5572097552214208,-0.0009370261171385286,hypergraph,0.32706161205892614,0.0002075691657438261,12929,origin
OAK,0.4448030903547081,0.0018619142927053245,hypergraph,0.26523904503036483,0.0013548865855385617,33273,origin
OGG,0.4297420946212038,0.00047071470044129926,hypergraph,0.24270483196505135,0.00035930514977139394,24858,origin
OKC,0.5278062770476547,0.0006690599690771792,hypergraph,0.31675806280672614,0.0009917105004079718,23776,origin
OMA,0.49576708376403605,0.00013665087023012612,hypergraph,0.29320189909681943,9.836846127225796e-05,23836,origin
ONT,0.45771304939699603,0.0007807223281453557,hypergraph,0.2689646593903844,0.0006883905989391592,25833,origin
ORD,0.5804751135930053,-0.0014064487045439833,hypergraph,0.35785639711496586,-0.0011848569057051894,257943,origin
ORF,0.5585935875823947,-0.0024796953811144773,hypergraph,0.3313827884469057,6.680172834844234e-05,19573,origin
PBI,0.5722979138041654,0.0010913126888421054,hypergraph,0.3515798736825957,0.0017919445603014617,28349,origin
PDX,0.47612235601338204,-0.00020219330527709856,hypergraph,0.28433086621217424,-2.465130224282852e-06,58871,origin
PHL,0.6082612393001247,0.001498582780935953,hypergraph,0.3730858819289343,0.0009035988635918146,92497,origin
PHX,0.502033684904684,0.00011132905559474437,hypergraph,0.3061797129244565,0.00014344343212491228,175652,origin
PIT,0.4939232143334319,-0.0001264409601192118,hypergraph,0.2919277604374145,0.000456271190234836,41531,origin
PNS,0.5504814505743237,0.0019181267787229395,hypergraph,0.31704399439173064,0.000858847131395224,13723,origin
PSP,0.4823120417901823,0.0012135066436812503,hypergraph,0.2920247552090708,0.0006444295886999241,14520,origin
PVD,0.5449401292026139,-0.00043399568684898693,hypergraph,0.32544020524206735,0.0004906576486333747,15164,origin
PWM,0.5508564852188451,-0.0017812950563925734,hypergraph,0.3275438214717779,-0.0002076830936086349,10630,origin
RDU,0.5254864678743583,-0.0010038488403554258,hypergraph,0.3132141078373421,0.00023328190819421613,54711,origin
RIC,0.5516059602072572,-0.00047332218258455683,hypergraph,0.3297958092487069,0.00050399461119921,17525,origin
RNO,0.4861345079293166,-0.00012372927581161264,hypergraph,0.28629613611318816,0.00048217833955727096,20662,origin
ROC,0.5633645147104956,-0.000858994995118878,hypergraph,0.3389431623582617,0.0003436793882353184,9914,origin
RSW,0.5172110507039357,0.0013964356498528119,hypergraph,0.3107951886624875,0.0011582227818215385,33899,origin
SAN,0.5381445694308632,0.001295809747945964,hypergraph,0.3273347339974596,0.0008687834188199073,92521,origin
SAT,0.4779908333005214,0.0011255128424013106,hypergraph,0.28092753072569515,0.0006524472673596904,41253,origin
SAV,0.5548535697271995,0.0008742136419783719,hypergraph,0.32536117351507426,0.0006916421188018496,18659,origin
SDF,0.5225533232027851,-0.001388884834005677,hypergraph,0.30465612534818654,6.970206936346424e-05,22203,origin
SEA,0.5355755681531177,0.000998440540669332,hypergraph,0.33152895270827654,0.00064042947749543,145024,origin
SFO,0.49798149725404733,0.0004388685364181688,hypergraph,0.3033523561522458,0.00039887239728852997,130201,origin
SJC,0.4351231306433194,0.0016577030400879433,hypergraph,0.2561275163397565,0.0010329286847847174,45114,origin
SJU,0.5289904886647492,-0.0006031249008606743,hypergraph,0.3245614842413216,-0.0008461255646625698,34352,origin
SLC,0.4573295955361487,0.0002453477933729298,hypergraph,0.2741848007918727,0.00039335058327988337,95416,origin
SMF,0.45175560698600237,-2.451385324758748e-05,hypergraph,0.26938920199296684,0.00011599920040650247,56514,origin
SNA,0.49011501868359564,-2.748248593226199e-05,hypergraph,0.2902796826385429,0.00021249668145811862,42958,origin
STL,0.5206016890016533,0.0010555865143248022,hypergraph,0.31534506507835447,0.0012324919329768647,62551,origin
SYR,0.5826270082089406,-0.0037076724970365182,hypergraph,0.35014732922899405,-0.00019776626369666372,9782,origin
TPA,0.5270491211936766,0.0003271314041650708,hypergraph,0.32091270001514977,0.0003212473309742725,77003,origin
TUL,0.5245481521947136,-0.001114483778150599,hypergraph,0.30825334239060564,0.0002709998238553668,18006,origin
TUS,0.44287887933610637,0.00010738415091793296,hypergraph,0.256009540103026,0.000326000850123187,19884,origin
TYS,0.5869968947760488,0.0008198661130877083,hypergraph,0.35346712203350084,0.0006920254734498199,11396,origin
XNA,0.5654329230691877,-0.0012504327581919217,hypergraph,0.337636567256211,0.0005818468695791834,12083,origin
ABQ,0.4547391485520762,-2.3907320567673196e-11,global_simplex,0.2659949173563371,-1.2737755294978115e-11,24880,origin
ALB,0.541450832207082,-2.3119950398609035e-11,global_simplex,0.32229845825135117,-2.945993449188222e-11,11939,origin
ANC,0.4713054309888251,-4.0663916678340684e-11,global_simplex,0.2777806669132385,-2.2788604336909657e-11,12629,origin
ATL,0.5689937035860398,1.918576408854733e-12,global_simplex,0.3480144243737927,2.212452443473012e-12,266525,origin
AUS,0.5248681937769082,2.8682833885795844e-11,global_simplex,0.3226422404764544,2.0668244893329302e-11,82370,origin
BDL,0.5266984560462329,2.7161606297454455e-11,global_simplex,0.31728859815524363,2.4626689576479066e-11,22764,origin
BHM,0.521308865136782,2.7873814367751493e-11,global_simplex,0.3046419812685812,1.611327737904844e-11,16638,origin
BNA,0.5317166176165948,-2.103972551736888e-11,global_simplex,0.3248059993756918,-1.6845969064149813e-11,99747,origin
BOI,0.4232707206521982,9.10233000084304e-12,global_simplex,0.25163568586344975,4.0366043840833754e-12,23112,origin
BOS,0.5624038262825618,5.38902256153051e-12,global_simplex,0.3435720568038273,2.860101044888097e-12,138336,origin
BUF,0.5395307247477443,-1.4015566485170439e-11,global_simplex,0.32275281801374633,-8.121892047796564e-12,20374,origin
BUR,0.48380827257540276,1.6695533844313104e-12,global_simplex,0.2789861383521689,-3.0953573038061677e-12,29719,origin
BWI,0.5326638890473109,1.580957587066223e-13,global_simplex,0.32199042691304136,-2.2171153801764376e-13,90284,origin
CHS,0.555667287584957,-1.5278556197984017e-11,global_simplex,0.32667146791995305,-1.0111689263681e-11,24294,origin
CLE,0.521856934067496,4.0803804779443453e-11,global_simplex,0.30886543224739876,3.056743747009705e-11,39356,origin
CLT,0.5774936511593729,1.3863465930796792e-11,global_simplex,0.3539407900498242,9.78950254193478e-12,158932,origin
CMH,0.5138812167721603,-4.754752147562158e-12,global_simplex,0.30717223884319345,3.9063197121436133e-13,43587,origin
COS,0.5489520464144585,-7.491340880960706e-12,global_simplex,0.33182869389339587,-1.2998213616555176e-11,13037,origin
CVG,0.5427690994320069,-1.1058598481383797e-11,global_simplex,0.3268931812702224,-9.56440482369203e-12,30824,origin
DAL,0.5576852081085695,1.2856826714369163e-11,global_simplex,0.34024457482114273,1.2599532528412283e-11,65842,origin
DAY,0.5531692867056323,4.312417090091003e-11,global_simplex,0.32298684012117557,4.3031245233748905e-11,7562,origin
DCA,0.6589368491178706,-8.489098313191334e-12,global_simplex,0.3941624640934497,-7.465306151033246e-12,127289,origin
DEN,0.5435821368969723,-1.4052647934192919e-11,global_simplex,0.34324947089931507,-1.166911012262517e-11,243152,origin
DFW,0.6691422083091456,7.4451556031363e-13,global_simplex,0.4093063299797319,3.165800954718634e-12,221410,origin
DSM,0.5430514998219217,-5.7022164767772665e-12,global_simplex,0.31823022345039764,-1.4058088027013582e-11,13622,origin
DTW,0.5244095012184029,-1.6674328584542764e-11,global_simplex,0.31986448314106575,-1.2114476088953552e-11,108498,origin
ELP,0.4753633182478611,4.596323321948148e-14,global_simplex,0.27860776233703316,-3.759159650229549e-12,16763,origin
EWR,0.613631558454157,1.0243028647494157e-11,global_simplex,0.36961370507769437,2.7434721161512243e-12,113771,origin
FAT,0.47757963214300797,2.0181079030123783e-11,global_simplex,0.28601574124606344,9.432066239156711e-12,13175,origin
FLL,0.5539263645534543,-1.4946044402108782e-11,global_simplex,0.34023064305260364,-1.0641432179880894e-11,81633,origin
GEG,0.42715141227269426,1.9720280963753112e-11,global_simplex,0.2532232614690761,2.2071899863362887e-11,17884,origin
GRR,0.5431526828487077,-1.8894663611490614e-11,global_simplex,0.3280247791792268,-1.7217283154735696e-11,16731,origin
GSO,0.5356499692625238,2.1972867969566323e-11,global_simplex,0.3049985593137581,3.414218907593636e-11,10163,origin
GSP,0.5113681395438978,-3.335809406479484e-11,global_simplex,0.29613942075755817,-2.1651791470844728e-11,13691,origin
HNL,0.43265514536466676,2.6517676943171864e-12,global_simplex,0.2478805186578144,1.9925727734459997e-12,51232,origin
HOU,0.5190959930789468,6.33082475332003e-12,global_simplex,0.31432953171030553,1.7217338665886928e-12,50539,origin
HPN,0.5824049354145441,-2.137734433915739e-12,global_simplex,0.3446744739049292,-6.032674360056944e-12,10381,origin
IAD,0.5098765579732857,-8.358758130100341e-12,global_simplex,0.3101843041834155,-7.58415552581937e-12,54506,origin
IAH,0.5459215581970606,8.227529768589648e-12,global_simplex,0.3332532203506517,4.94770890924201e-12,107923,origin
ICT,0.5841715424799324,1.517186376531754e-11,global_simplex,0.3476986349325839,5.82550674366189e-12,10780,origin
IND,0.507265534463312,5.4429794005272925e-12,global_simplex,0.3003649659517025,4.8728798773822746e-12,45448,origin
JAX,0.5206420278564712,3.283540106480132e-11,global_simplex,0.30575856109909455,2.1104729075460682e-11,27657,origin
JFK,0.5857958857992233,-6.6060490411246064e-12,global_simplex,0.3568369377099565,-2.6390556406852284e-12,100462,origin
KOA,0.40633338118367446,-2.2113422204483868e-11,global_simplex,0.22321632556030163,-1.6255274903897998e-11,15585,origin
LAS,0.507975090156806,4.520384067063787e-12,global_simplex,0.311073096860911,2.8347879599266435e-12,173080,origin
LAX,0.4689016860257743,2.470190718639742e-12,global_simplex,0.2799244569317127,1.6588397322436776e-12,178888,origin
LGA,0.6306179546563978,-7.881140184906599e-12,global_simplex,0.3822700389825935,-9.380218823906716e-12,129295,origin
LGB,0.39818217921481475,-2.2174317937384558e-11,global_simplex,0.22907641652773783,-1.5455720037138576e-11,16513,origin
LIH,0.4274960910551241,-4.887756865912252e-13,global_simplex,0.23972578495102662,-9.598710715152947e-13,15466,origin
LIT,0.5610003181180504,-1.2760126288924312e-11,global_simplex,0.3348916918362927,6.671052599216409e-12,12520,origin
MAF,0.5047440626579358,1.2592482612205913e-11,global_simplex,0.29414418710884155,1.669708815654758e-11,9750,origin
MCI,0.5244089559288492,7.303713189799055e-12,global_simplex,0.31539594771850027,9.446665671930532e-12,47217,origin
MCO,0.5395574390816215,2.0852319870812153e-11,global_simplex,0.33290111995862537,1.9902690606699025e-11,150588,origin
MDW,0.5230642382533037,-1.3624101846687608e-11,global_simplex,0.3199815287153167,-1.588373876870719e-11,71497,origin
MEM,0.5273197435923322,2.524691566918591e-11,global_simplex,0.3130702604762553,2.2768620322466404e-11,23500,origin
MIA,0.5856235011745701,1.2377987523848333e-11,global_simplex,0.36597051501239897,7.975675675453431e-12,104569,origin
MKE,0.5272296374683202,-2.0515256160535955e-11,global_simplex,0.3148383940524428,-9.874823181377224e-12,27310,origin
MSN,0.5332153532224463,1.958122552991881e-11,global_simplex,0.3166181370833906,1.0059397759221156e-11,12612,origin
MSP,0.5013844453413204,-4.696687483374262e-12,global_simplex,0.3064898800104582,-3.2739921884683554e-12,91402,origin
MSY,0.5489042597587389,-1.2241430091819439e-11,global_simplex,0.32808512263017126,-8.935407969090647e-12,50424,origin
MYR,0.5581467813516441,1.3084755501324707e-11,global_simplex,0.326854042920443,2.726069370240225e-11,12929,origin
OAK,0.44294117608141365,1.941086180679008e-11,global_simplex,0.26388415845868957,1.3863299397343098e-11,33273,origin
OGG,0.42927137991859016,-2.1723178811328125e-12,global_simplex,0.2423455268154088,1.2884138200774942e-13,24858,origin
OKC,0.5271372170765638,-2.013722522065109e-12,global_simplex,0.31576635231190076,5.582589945873906e-12,23776,origin
OMA,0.49563043290633974,1.2533807325354474e-11,global_simplex,0.29310353063695355,1.406375016443917e-12,23836,origin
ONT,0.45693232703410713,-3.4743541377224574e-11,global_simplex,0.2682762687668106,-2.4634627671105136e-11,25833,origin
ORD,0.5818815622995355,1.986188991054405e-12,global_simplex,0.359041254023636,2.964961609563943e-12,257943,origin
ORF,0.5610732829540935,-9.41569044954349e-12,global_simplex,0.3313159867100813,-8.475997681500758e-12,19573,origin
PBI,0.5712066011042236,-1.1099676733294928e-11,global_simplex,0.34978792910881007,-1.3484158234433608e-11,28349,origin
PDX,0.4763245493224944,3.835265438567603e-12,global_simplex,0.2843333313434291,1.0305645226083016e-12,58871,origin
PHL,0.6067626565107237,-8.465006473556969e-12,global_simplex,0.3721822830582493,-7.093214904330125e-12,92497,origin
PHX,0.5019223558454902,-3.5991210012298325e-12,global_simplex,0.30603626948971485,-2.6167401578902627e-12,175652,origin
PIT,0.49404965529211864,-1.4324652575226082e-12,global_simplex,0.2914714892461067,-1.0729195309977513e-12,41531,origin
PNS,0.5485633237923039,-3.296918293926865e-12,global_simplex,0.31618514725811653,-2.218891737015838e-12,13723,origin
PSP,0.48109853513719747,-9.30355792405635e-12,global_simplex,0.29138032561222876,-8.142098106844742e-12,14520,origin
PVD,0.545374124935142,4.56791271474799e-11,global_simplex,0.32494954763226797,3.883399157800227e-11,15164,origin
PWM,0.5526377802491578,-2.6079916004562165e-11,global_simplex,0.3277515045444651,-2.092143125409507e-11,10630,origin
RDU,0.5264903167112968,-3.4169334028888443e-12,global_simplex,0.3129808259230453,-6.102562899457098e-12,54711,origin
RIC,0.552079282383931,-5.910716360801871e-12,global_simplex,0.32929181463190244,-5.605238495576259e-12,17525,origin
RNO,0.4862582372174902,1.23619448011425e-11,global_simplex,0.2858139577879555,1.4324597064074851e-11,20662,origin
ROC,0.5642235096774821,-2.8132385310186692e-11,global_simplex,0.3385994829390298,-3.09965941802659e-11,9914,origin
RSW,0.5158146150519235,-2.1593837828959295e-12,global_simplex,0.3096369658757745,-4.891476113044746e-12,33899,origin
SAN,0.5368487596895037,6.586509115891204e-12,global_simplex,0.3264659505743784,-4.261313524267507e-12,92521,origin
SAT,0.4768653204505187,-7.60136398270106e-12,global_simplex,0.28027508345221586,-6.119604822885094e-12,41253,origin
SAV,0.5539793560704633,-1.4757750577132356e-11,global_simplex,0.32466953139203697,-4.235445327793741e-12,18659,origin
SDF,0.5239422080658771,2.9086288932944626e-11,global_simplex,0.3045864233045665,2.574340740579828e-11,22203,origin
SEA,0.5345771276081122,-4.336198067278474e-12,global_simplex,0.3308885232252417,-5.539402270215987e-12,145024,origin
SFO,0.49754262872011296,2.4837909506914002e-12,global_simplex,0.3029534837539852,-9.72111280361787e-13,130201,origin
SJC,0.4334654276097675,6.535993968270759e-12,global_simplex,0.25509458765594756,9.7577501634305e-13,45114,origin
SJU,0.5295936135782244,1.2614576050395954e-11,global_simplex,0.32540760981975325,1.3769096973703654e-11,34352,origin
SLC,0.45708424774261147,-1.6431300764452317e-13,global_simplex,0.27379145020787565,-7.171485627566199e-13,95416,origin
SMF,0.4517801208392938,4.3853809472693683e-14,global_simplex,0.26927320279074524,-1.8151036229596684e-12,56514,origin
SNA,0.49014250116754665,-1.981248498594823e-12,global_simplex,0.29006718595313674,-3.948064097869519e-12,42958,origin
STL,0.5195461024854361,-1.8923751454735793e-12,global_simplex,0.3141125731404934,-4.884204152233451e-12,62551,origin
SYR,0.5863346807144733,8.496092718246473e-12,global_simplex,0.35034509549641596,3.72524233682725e-12,9782,origin
TPA,0.5267219897912687,1.7571499810742353e-12,global_simplex,0.3205914526831922,-9.832690217592699e-13,77003,origin
TUL,0.5256626359926643,1.980005048807243e-11,global_simplex,0.30798234259290297,2.6152691123826344e-11,18006,origin
TUS,0.44277149518316256,-2.0258794641847544e-12,global_simplex,0.2556835392523339,-5.689337889691615e-13,19884,origin
TYS,0.5861770286562229,-6.738165581055e-12,global_simplex,0.3527750965492888,-1.0762224444960111e-11,11396,origin
XNA,0.5666833558389717,1.1592060644716184e-11,global_simplex,0.33705472039755235,1.0920542248271659e-11,12083,origin
ABQ,0.45474841218861384,9.263612630316942e-06,capacity_gated_simplex,0.26600289706976166,7.979700686777669e-06,24880,origin
ALB,0.5413236537075794,-0.0001271785226225619,capacity_gated_simplex,0.32229633441946687,-2.1238613442386978e-06,11939,origin
ANC,0.4712758518482462,-2.9579181242800345e-05,capacity_gated_simplex,0.2777647657012438,-1.5901234783288754e-05,12629,origin
ATL,0.5689906566896371,-3.0468944841599566e-06,capacity_gated_simplex,0.34801189118573095,-2.5331858493071735e-06,266525,origin
AUS,0.5248633749519087,-4.818796316641283e-06,capacity_gated_simplex,0.3226404232902799,-1.8171655062348968e-06,82370,origin
BDL,0.5266323064106235,-6.614960844775197e-05,capacity_gated_simplex,0.31728203108398045,-6.56704663648533e-06,22764,origin
BHM,0.5212558022010766,-5.30629078315803e-05,capacity_gated_simplex,0.30463591199329965,-6.069259168295371e-06,16638,origin
BNA,0.5317073330901528,-9.284547481724914e-06,capacity_gated_simplex,0.3248047161737309,-1.2832188068800932e-06,99747,origin
BOI,0.42327674570159807,6.025058502223679e-06,capacity_gated_simplex,0.2516459345174124,1.0248657999256672e-05,23112,origin
BOS,0.5623973195372497,-6.506739923084481e-06,capacity_gated_simplex,0.3435696093964244,-2.4474045428046765e-06,138336,origin
BUF,0.5395099350339073,-2.0789727852577045e-05,capacity_gated_simplex,0.32274718893342175,-5.629088446479358e-06,20374,origin
BUR,0.483801970535479,-6.302038254191178e-06,capacity_gated_simplex,0.278988371208791,2.232853526740186e-06,29719,origin
BWI,0.5326662327092982,2.3436621454653306e-06,capacity_gated_simplex,0.32199678726021846,6.3603469553918934e-06,90284,origin
CHS,0.5556349104592055,-3.237714102999334e-05,capacity_gated_simplex,0.32666996860543085,-1.4993246338912414e-06,24294,origin
CLE,0.5218235041351548,-3.34298915374287e-05,capacity_gated_simplex,0.3088590745103665,-6.35770646484346e-06,39356,origin
CLT,0.5774557736623338,-3.787748317563011e-05,capacity_gated_simplex,0.35393753690006574,-3.2531399689617047e-06,158932,origin
CMH,0.5138554416923683,-2.5775084546708626e-05,capacity_gated_simplex,0.30716565359824055,-6.5852445622627265e-06,43587,origin
COS,0.5489299280115443,-2.2118410405558286e-05,capacity_gated_simplex,0.33185769789137215,2.9003984978070996e-05,13037,origin
CVG,0.5427398258864411,-2.9273556624409558e-05,capacity_gated_simplex,0.32689135637076316,-1.82490902361776e-06,30824,origin
DAL,0.557681091427667,-4.116668045672789e-06,capacity_gated_simplex,0.3402502562948681,5.6814863249043945e-06,65842,origin
DAY,0.5529988185227832,-0.0001704681397248775,capacity_gated_simplex,0.32298089765689925,-5.94242124507538e-06,7562,origin
DCA,0.6588494105162841,-8.74386100756519e-05,capacity_gated_simplex,0.39415891486258087,-3.549238334121796e-06,127289,origin
DEN,0.5435955219262356,1.3385015210642948e-05,capacity_gated_simplex,0.34326337932381573,1.390841283155364e-05,243152,origin
DFW,0.6691303539273621,-1.1854381039011486e-05,capacity_gated_simplex,0.4093135067933838,7.176816817722198e-06,221410,origin
DSM,0.5429185953067471,-0.0001329045208767754,capacity_gated_simplex,0.31821205925734414,-1.8164207111592834e-05,13622,origin
DTW,0.5243853194020766,-2.418183300068044e-05,capacity_gated_simplex,0.3198618207312199,-2.662421960342165e-06,108498,origin
ELP,0.4753443150385269,-1.9003209288215306e-05,capacity_gated_simplex,0.2786163238723999,8.561531607553796e-06,16763,origin
EWR,0.6136203869838555,-1.1171460058467808e-05,capacity_gated_simplex,0.36961510058359026,1.3955086393679927e-06,113771,origin
FAT,0.47753726334897584,-4.236877385105364e-05,capacity_gated_simplex,0.2860097550434175,-5.986193213847191e-06,13175,origin
FLL,0.5539164066074036,-9.95796099678703e-06,capacity_gated_simplex,0.3402310194379665,3.763747214446944e-07,81633,origin
GEG,0.42713636668753663,-1.5045565437354913e-05,capacity_gated_simplex,0.2532188796730121,-4.3817739920903875e-06,17884,origin
GRR,0.543071372392648,-8.131047495429922e-05,capacity_gated_simplex,0.32801509861870326,-9.680577740811547e-06,16731,origin
GSO,0.5355039266695558,-0.00014604257099515294,capacity_gated_simplex,0.3049875595545996,-1.099972501628077e-05,10163,origin
GSP,0.5113134165293042,-5.472304795173244e-05,capacity_gated_simplex,0.2961372708400411,-2.1499391688606373e-06,13691,origin
HNL,0.4326513331393378,-3.8122226772019374e-06,capacity_gated_simplex,0.2478789919531792,-1.5267026426402097e-06,51232,origin
HOU,0.5190819113187752,-1.4081753840766709e-05,capacity_gated_simplex,0.3143237561116496,-5.775596934209926e-06,50539,origin
HPN,0.5823294670476752,-7.546836900662601e-05,capacity_gated_simplex,0.3446727035989647,-1.7703119972178882e-06,10381,origin
IAD,0.5098264275528063,-5.013042883816876e-05,capacity_gated_simplex,0.3101616750353125,-2.26291556871816e-05,54506,origin
IAH,0.5459179298407103,-3.628348122730607e-06,capacity_gated_simplex,0.33325201763458917,-1.2027111148116276e-06,107923,origin
ICT,0.5838780257474335,-0.0002935167173270248,capacity_gated_simplex,0.34767642748732086,-2.2207439437538223e-05,10780,origin
IND,0.5072474833924296,-1.8051065439395053e-05,capacity_gated_simplex,0.30036164033716767,-3.3256096619305175e-06,45448,origin
JAX,0.5206557584474352,1.3730623799390607e-05,capacity_gated_simplex,0.3057634627204661,4.9016424762959865e-06,27657,origin
JFK,0.5857890541145143,-6.831691314990174e-06,capacity_gated_simplex,0.35683862046742826,1.682754832699196e-06,100462,origin
KOA,0.40632044971463344,-1.2931491154444252e-05,capacity_gated_simplex,0.22321391742783084,-2.4081487260685375e-06,15585,origin
LAS,0.5079707288284921,-4.361323793444782e-06,capacity_gated_simplex,0.3110735150564311,4.1819835489009805e-07,173080,origin
LAX,0.468896569827865,-5.1161954391365505e-06,capacity_gated_simplex,0.27992390928650807,-5.476435457896223e-07,178888,origin
LGA,0.6305865263887185,-3.142827556046335e-05,capacity_gated_simplex,0.38226620163362374,-3.837358349967346e-06,129295,origin
LGB,0.39819326765806673,1.1088421077665167e-05,capacity_gated_simplex,0.22907927831254202,2.861769348466714e-06,16513,origin
LIH,0.4274699744680155,-2.6116587597380114e-05,capacity_gated_simplex,0.23973412931941715,8.344367430662691e-06,15466,origin
LIT,0.5609624358837053,-3.788224710521426e-05,capacity_gated_simplex,0.33490342852373883,1.1736694117192581e-05,12520,origin
MAF,0.5046546263971514,-8.943624819190976e-05,capacity_gated_simplex,0.2941445260286117,3.3893646722571447e-07,9750,origin
MCI,0.5244043017063514,-4.654215194022093e-06,capacity_gated_simplex,0.3153977200204346,1.7723113809875457e-06,47217,origin
MCO,0.5395496983121714,-7.740748597773184e-06,capacity_gated_simplex,0.33290094626748745,-1.7367123522626926e-07,150588,origin
MDW,0.5230341090432292,-3.0129223698605045e-05,capacity_gated_simplex,0.3199697808385557,-1.1747892644742297e-05,71497,origin
MEM,0.5272981564990331,-2.1587068052220104e-05,capacity_gated_simplex,0.31306218306321976,-8.07739026692511e-06,23500,origin
MIA,0.5856107135254843,-1.2787636707756178e-05,capacity_gated_simplex,0.36596627027593304,-4.244728490254701e-06,104569,origin
MKE,0.5271911222344546,-3.851525438081094e-05,capacity_gated_simplex,0.31483795274160087,-4.413207167486277e-07,27310,origin
MSN,0.5330907452677012,-0.00012460793516388957,capacity_gated_simplex,0.3165861647015302,-3.197237180097012e-05,12612,origin
MSP,0.5013779271784109,-6.518167606217595e-06,capacity_gated_simplex,0.30649465574037466,4.7757266424808265e-06,91402,origin
MSY,0.5488999711959055,-4.28857507484004e-06,capacity_gated_simplex,0.32808439457666544,-7.280624412242531e-07,50424,origin
MYR,0.5581132940481282,-3.348729043117782e-05,capacity_gated_simplex,0.3268447933312372,-9.249561945090523e-06,12929,origin
OAK,0.44295154968791356,1.0373625910775619e-05,capacity_gated_simplex,0.2638955043101035,1.134586527723469e-05,33273,origin
OGG,0.4292657346432641,-5.645277498356194e-06,capacity_gated_simplex,0.2423461324424665,6.05627186539559e-07,24858,origin
OKC,0.5271265458966571,-1.0671181920440809e-05,capacity_gated_simplex,0.31577132581299266,4.973506674499362e-06,23776,origin
OMA,0.495607991023247,-2.2441870558942423e-05,capacity_gated_simplex,0.2930955300353341,-8.000600213053932e-06,23836,origin
ONT,0.4569307862215434,-1.5408473073019735e-06,capacity_gated_simplex,0.2682854510416392,9.182250193973118e-06,25833,origin
ORD,0.5818478279476472,-3.373434990205926e-05,capacity_gated_simplex,0.3590339083401694,-7.345680501646967e-06,257943,origin
ORF,0.5609977928766394,-7.549008686980052e-05,capacity_gated_simplex,0.3313077980580534,-8.188660503893885e-06,19573,origin
PBI,0.5711748133902415,-3.178772508183325e-05,capacity_gated_simplex,0.34977751983021393,-1.0409292080293397e-05,28349,origin
PDX,0.47630334084618364,-2.1208472475497953e-05,capacity_gated_simplex,0.2843214568963821,-1.1874446016413298e-05,58871,origin
PHL,0.6067409606597814,-2.1695859407255824e-05,capacity_gated_simplex,0.37217995337305193,-2.329692290581331e-06,92497,origin
PHX,0.5019197641939869,-2.591655102412993e-06,capacity_gated_simplex,0.30603752715220917,1.257659877573758e-06,175652,origin
PIT,0.494051968872804,2.3135792528994337e-06,capacity_gated_simplex,0.2914731590062477,1.6697590680680996e-06,41531,origin
PNS,0.5485390945048321,-2.422929076872915e-05,capacity_gated_simplex,0.31618846320768307,3.315947347648507e-06,13723,origin
PSP,0.48111800666590837,1.9471519407343596e-05,capacity_gated_simplex,0.2913933896895104,1.3064069139534507e-05,14520,origin
PVD,0.5452594005710636,-0.0001147243183993174,capacity_gated_simplex,0.3249505120902088,9.64496774835677e-07,15164,origin
PWM,0.5525592975237784,-7.848275145927452e-05,capacity_gated_simplex,0.3277293037884414,-2.2200776945147105e-05,10630,origin
RDU,0.5264937540390747,3.437324361033056e-06,capacity_gated_simplex,0.31298037236414467,-4.535650032222449e-07,54711,origin
RIC,0.5520203155423667,-5.896684747497272e-05,capacity_gated_simplex,0.3292950360524932,3.2214149855436247e-06,17525,origin
RNO,0.48629799585425404,3.975864912580951e-05,capacity_gated_simplex,0.28583085229826793,1.689452463704555e-05,20662,origin
ROC,0.5641972561401867,-2.6253565427847292e-05,capacity_gated_simplex,0.3386066495426631,7.1665726367187155e-06,9914,origin
RSW,0.5157950735650713,-1.9541489011620783e-05,capacity_gated_simplex,0.3096407377512203,3.771870554336587e-06,33899,origin
SAN,0.536844741721002,-4.017961915181445e-06,capacity_gated_simplex,0.3264655222470137,-4.2833162600119934e-07,92521,origin
SAT,0.47687613343218,1.0812974059914993e-05,capacity_gated_simplex,0.2802817011080826,6.6176497471315265e-06,41253,origin
SAV,0.5539615140078176,-1.7842077403518175e-05,capacity_gated_simplex,0.3246699096383614,3.7824208898307177e-07,18659,origin
SDF,0.5238932054915464,-4.900254524442538e-05,capacity_gated_simplex,0.30458105602389923,-5.367254923838161e-06,22203,origin
SEA,0.53457219427188,-4.933340568391564e-06,capacity_gated_simplex,0.3308853317993958,-3.191431385329846e-06,145024,origin
SFO,0.49753263704055867,-9.991677070497751e-06,capacity_gated_simplex,0.30294938685533546,-4.096899621830463e-06,130201,origin
SJC,0.4334636499920948,-1.7776111366774039e-06,capacity_gated_simplex,0.2550944212614417,-1.6639353006553392e-07,45114,origin
SJU,0.5295693385308908,-2.427503471902348e-05,capacity_gated_simplex,0.3253975362876402,-1.0073518343978183e-05,34352,origin
SLC,0.4570626118868466,-2.1635855929180714e-05,capacity_gated_simplex,0.27379155936402283,1.0915543002809613e-07,95416,origin
SMF,0.4517724483727604,-7.672466489527796e-06,capacity_gated_simplex,0.26926952473662713,-3.6780559332094676e-06,56514,origin
SNA,0.49010974678428326,-3.2754385244637696e-05,capacity_gated_simplex,0.29006184543021063,-5.340526874175744e-06,42958,origin
STL,0.5195405836744724,-5.518812856042388e-06,capacity_gated_simplex,0.3141182690384895,5.695893111890005e-06,62551,origin
SYR,0.586108972411361,-0.00022570829461621145,capacity_gated_simplex,0.35032038074601485,-2.4714746675869037e-05,9782,origin
TPA,0.5267206183239546,-1.3714655570096213e-06,capacity_gated_simplex,0.32059097679665594,-4.758875195576273e-07,77003,origin
TUL,0.5255853750048453,-7.72609680189662e-05,capacity_gated_simplex,0.3079749500425878,-7.392524162486147e-06,18006,origin
TUS,0.44277231394762917,8.18762440735199e-07,capacity_gated_simplex,0.25568706012365855,3.5208707557243812e-06,19884,origin
TYS,0.5861110493999057,-6.597926305540458e-05,capacity_gated_simplex,0.3527854186317905,1.0322071739510275e-05,11396,origin
XNA,0.5665482293740394,-0.00013512645334023965,capacity_gated_simplex,0.33704349071330825,-1.122967332356506e-05,12083,origin
ABQ,0.5050100196377098,0.0,flare24,0.3075750832488989,0.0,24916,destination
ALB,0.5811464043392306,0.0,flare24,0.3582140838507694,0.0,11957,destination
ANC,0.5747996472472975,0.0,flare24,0.36584293332149315,0.0,12607,destination
ATL,0.5069627195542797,0.0,flare24,0.29631959551261916,0.0,266417,destination
AUS,0.5271700768878044,0.0,flare24,0.3264646571215245,0.0,82354,destination
BDL,0.5515006672755014,0.0,flare24,0.33980204084169435,0.0,22812,destination
BHM,0.568973402810016,0.0,flare24,0.34252131597566726,0.0,16658,destination
BNA,0.5298691226020603,0.0,flare24,0.32429342614317597,0.0,99683,destination
BOI,0.46996845447340124,0.0,flare24,0.28752709080233224,0.0,23137,destination
BOS,0.5807290187216118,0.0,flare24,0.35915593601513157,0.0,138635,destination
BUF,0.5963954458151797,0.0,flare24,0.36845308061136944,0.0,20385,destination
BUR,0.5150693977643899,0.0,flare24,0.3079378719357677,0.0,29665,destination
BWI,0.5027254638732117,0.0,flare24,0.29706777702080445,0.0,90266,destination
CHS,0.5884804558625087,0.0,flare24,0.3535734729913019,0.0,24315,destination
CLE,0.5553454429242285,0.0,flare24,0.33647706760804413,0.0,39597,destination
CLT,0.5179552389462015,0.0,flare24,0.3043239093668552,0.0,159104,destination
CMH,0.5529935596607178,0.0,flare24,0.3395118161687253,0.0,43628,destination
COS,0.5761072789938678,0.0,flare24,0.3561182905247775,0.0,13045,destination
CVG,0.5803390417103766,0.0,flare24,0.3568584799754158,0.0,30871,destination
DAL,0.5221281971573863,0.0,flare24,0.31085558543049957,0.0,65689,destination
DAY,0.6179438050193257,0.0,flare24,0.3771275774038368,0.0,7586,destination
DCA,0.6696215282045626,0.0,flare24,0.40413884926340793,0.0,126909,destination
DEN,0.522189614618519,0.0,flare24,0.324782472349747,0.0,242679,destination
DFW,0.6367967729474526,0.0,flare24,0.3782948150267226,0.0,220823,destination
DSM,0.5890492988410806,0.0,flare24,0.3548354979450488,0.0,13628,destination
DTW,0.496900778286055,0.0,flare24,0.29781149923807965,0.0,108627,destination
ELP,0.5297353641143024,0.0,flare24,0.324914787121765,0.0,16785,destination
EWR,0.6212481267663377,0.0,flare24,0.37773120538662885,0.0,113538,destination
FAT,0.49081273751101684,0.0,flare24,0.2987741447069803,0.0,13202,destination
FLL,0.5609557438448315,0.0,flare24,0.3449747946353131,0.0,81681,destination
GEG,0.49768849764786255,0.0,flare24,0.30780966531827963,0.0,17909,destination
GRR,0.5681778985915913,0.0,flare24,0.34904599716132984,0.0,16756,destination
GSO,0.5976609210534848,0.0,flare24,0.356157116992058,0.0,10168,destination
GSP,0.5924416800559084,0.0,flare24,0.36045675880067696,0.0,13717,destination
HNL,0.45648696549059165,0.0,flare24,0.26644236473973193,0.0,51167,destination
HOU,0.5039724681712529,0.0,flare24,0.30439114304924647,0.0,50457,destination
HPN,0.6076436876827708,0.0,flare24,0.3692022562206278,0.0,10331,destination
IAD,0.4818723334784051,0.0,flare24,0.28804087371310344,0.0,54557,destination
IAH,0.5203330119478149,0.0,flare24,0.31226570297350076,0.0,107870,destination
ICT,0.6000021855867234,0.0,flare24,0.3661457103122282,0.0,10762,destination
IND,0.5522512814284338,0.0,flare24,0.3351158272364686,0.0,45475,destination
JAX,0.580873915514778,0.0,flare24,0.3556596112620932,0.0,27680,destination
JFK,0.5599852278292645,0.0,flare24,0.33530094244586056,0.0,100285,destination
KOA,0.41217124254488174,0.0,flare24,0.23407214656028358,0.0,15564,destination
LAS,0.5040642962107259,0.0,flare24,0.30934691908633116,0.0,173350,destination
LAX,0.4760577625666718,0.0,flare24,0.2867416231801246,0.0,179186,destination
LGA,0.6231113013045572,0.0,flare24,0.37598882139085843,0.0,129044,destination
LGB,0.44575847711058925,0.0,flare24,0.26672356387975965,0.0,16524,destination
LIH,0.40254781791572697,0.0,flare24,0.22508793845748445,0.0,15453,destination
LIT,0.5855129008761633,0.0,flare24,0.3515816922509308,0.0,12514,destination
MAF,0.5520808650749003,0.0,flare24,0.3352762891234968,0.0,9750,destination
MCI,0.5474095160560826,0.0,flare24,0.3346936769098532,0.0,47193,destination
MCO,0.5413114176883889,0.0,flare24,0.3334098713957429,0.0,150336,destination
MDW,0.49718968674382635,0.0,flare24,0.2975061268766418,0.0,71436,destination
MEM,0.5785711538575485,0.0,flare24,0.35390460418764286,0.0,23521,destination
MIA,0.5528773920565427,0.0,flare24,0.3384866128228952,0.0,104647,destination
MKE,0.5649565145116325,0.0,flare24,0.3464027983890014,0.0,27335,destination
MSN,0.5915047301142637,0.0,flare24,0.36422285672947813,0.0,12642,destination
MSP,0.48465853691674965,0.0,flare24,0.293246450489805,0.0,91502,destination
MSY,0.5601126641885149,0.0,flare24,0.33900510107846143,0.0,50463,destination
MYR,0.5809800810622829,0.0,flare24,0.3491086275941706,0.0,12921,destination
OAK,0.46332180984690513,0.0,flare24,0.27855526190483054,0.0,33309,destination
OGG,0.3873959838133957,0.0,flare24,0.2149931013886738,0.0,24835,destination
OKC,0.562337396327871,0.0,flare24,0.34510600401407227,0.0,23744,destination
OMA,0.5401396338819701,0.0,flare24,0.33273188812522025,0.0,23837,destination
ONT,0.5091020045639391,0.0,flare24,0.31260153252022754,0.0,25851,destination
ORD,0.5744578454749909,0.0,flare24,0.3510350167008193,0.0,257904,destination
ORF,0.5994815147150665,0.0,flare24,0.3645011445882797,0.0,19570,destination
PBI,0.6089147255750381,0.0,flare24,0.381071425332073,0.0,28375,destination
PDX,0.4823716265667625,0.0,flare24,0.2917275942751132,0.0,58959,destination
PHL,0.5822132655653899,0.0,flare24,0.3517147576790554,0.0,92543,destination
PHX,0.5038098174576848,0.0,flare24,0.30541614310048965,0.0,175773,destination
PIT,0.544805537719139,0.0,flare24,0.332371756875957,0.0,41573,destination
PNS,0.5887094093683525,0.0,flare24,0.3514279925133341,0.0,13714,destination
PSP,0.4854992381874082,0.0,flare24,0.29547782057813216,0.0,14532,destination
PVD,0.575865690701905,0.0,flare24,0.3550399518032818,0.0,15168,destination
PWM,0.567668053753093,0.0,flare24,0.34372880537150446,0.0,10653,destination
RDU,0.5528036032215669,0.0,flare24,0.3367211218816649,0.0,54761,destination
RIC,0.5847201426305054,0.0,flare24,0.35826366208393956,0.0,17536,destination
RNO,0.505207475674854,0.0,flare24,0.3048028621902192,0.0,20609,destination
ROC,0.5977016958335767,0.0,flare24,0.3660847850590354,0.0,9899,destination
RSW,0.5409778759037484,0.0,flare24,0.3303209756970835,0.0,33874,destination
SAN,0.5635775569232949,0.0,flare24,0.35068605901026906,0.0,92512,destination
SAT,0.5337460686964467,0.0,flare24,0.3279912338022963,0.0,41298,destination
SAV,0.5924728403589538,0.0,flare24,0.3562581660491341,0.0,18664,destination
SDF,0.5689466659417083,0.0,flare24,0.340712087993845,0.0,22204,destination
SEA,0.5271624342941275,0.0,flare24,0.32230160931992086,0.0,145263,destination
SFO,0.5460869559513374,0.0,flare24,0.3416474817670937,0.0,130406,destination
SJC,0.4590532990271976,0.0,flare24,0.2758349724063483,0.0,45157,destination
SJU,0.5782783435717893,0.0,flare24,0.3696306643890308,0.0,34294,destination
SLC,0.43808865571641553,0.0,flare24,0.2601989800724977,0.0,95412,destination
SMF,0.4731852531294158,0.0,flare24,0.2879188014031828,0.0,56588,destination
SNA,0.4914511110012472,0.0,flare24,0.2926869425100081,0.0,42928,destination
STL,0.5024017924136648,0.0,flare24,0.3018600623601691,0.0,62601,destination
SYR,0.6237895563824051,0.0,flare24,0.38199622096640834,0.0,9778,destination
TPA,0.5479944922474289,0.0,flare24,0.338584660889653,0.0,77024,destination
TUL,0.5669722102102445,0.0,flare24,0.34327589006287174,0.0,18010,destination
TUS,0.5026859086637999,0.0,flare24,0.3046010820043362,0.0,19910,destination
TYS,0.6259440414320288,0.0,flare24,0.38541136167522744,0.0,11415,destination
XNA,0.582106783425644,0.0,flare24,0.34882112165522017,0.0,12069,destination
ABQ,0.5058225342862774,0.000812514648567686,raw_demand,0.3087257443830667,0.0011506611341678408,24916,destination
ALB,0.5798945340146329,-0.0012518703245977258,raw_demand,0.35893435797506645,0.0007202741242970379,11957,destination
ANC,0.5762636746271079,0.0014640273798104397,raw_demand,0.36659204823581043,0.0007491149143172837,12607,destination
ATL,0.5048023035407795,-0.002160416013500255,raw_demand,0.2967036350774774,0.00038403956485821844,266417,destination
AUS,0.5278383607169669,0.0006682838291625082,raw_demand,0.32729643393715824,0.0008317768156337335,82354,destination
BDL,0.5522922001281411,0.0007915328526396648,raw_demand,0.34057761543552284,0.0007755745938284875,22812,destination
BHM,0.5675616925064798,-0.0014117103035361511,raw_demand,0.34325375176488404,0.0007324357892167788,16658,destination
BNA,0.5287200097178903,-0.0011491128841699672,raw_demand,0.32448460948908936,0.0001911833459133927,99683,destination
BOI,0.4708413850736,0.0008729306001987736,raw_demand,0.28828337537607707,0.0007562845737448254,23137,destination
BOS,0.5793266026270854,-0.0014024160945264041,raw_demand,0.358595465411321,-0.0005604706038105922,138635,destination
BUF,0.5956973934983163,-0.0006980523168633734,raw_demand,0.3688522066424513,0.0003991260310818312,20385,destination
BUR,0.5158124818844825,0.0007430841200926075,raw_demand,0.308967903819021,0.0010300318832532906,29665,destination
BWI,0.501461121622394,-0.0012643422508177293,raw_demand,0.29767024626557437,0.0006024692447699209,90266,destination
CHS,0.5849056116205108,-0.003574844241997943,raw_demand,0.3536867674429619,0.00011329445166002872,24315,destination
CLE,0.5555580325129118,0.00021258958868330957,raw_demand,0.3371050185837541,0.0006279509757099455,39597,destination
CLT,0.5165606181907353,-0.0013946207554662582,raw_demand,0.3045624052656087,0.00023849589875346577,159104,destination
CMH,0.5534240643472732,0.00043050468655536633,raw_demand,0.340051882973918,0.000540066805192696,43628,destination
COS,0.5777173384884561,0.0016100594945882563,raw_demand,0.35806214922258905,0.0019438586978115513,13045,destination
CVG,0.5796288949796993,-0.0007101467306773745,raw_demand,0.3571657482216416,0.0003072682462257892,30871,destination
DAL,0.5227339972296364,0.0006058000722500845,raw_demand,0.311995311342174,0.0011397259116744385,65689,destination
DAY,0.6164705536260934,-0.0014732513932322888,raw_demand,0.3779897317765639,0.0008621543727271308,7586,destination
DCA,0.6633637574603551,-0.006257770744207414,raw_demand,0.40280856444194985,-0.0013302848214580831,126909,destination
DEN,0.5226956742339237,0.0005060596154047303,raw_demand,0.32561652533684904,0.0008340529871020408,242679,destination
DFW,0.6355129529909177,-0.0012838199565349262,raw_demand,0.37882731696752103,0.0005325019407984577,220823,destination
DSM,0.5870436620842948,-0.002005636756785778,raw_demand,0.3552202901683843,0.0003847922233354839,13628,destination
DTW,0.49708430609184867,0.00018352780579367067,raw_demand,0.29827230711062386,0.00046080787254421107,108627,destination
ELP,0.5311690373073237,0.0014336731930212343,raw_demand,0.32623994565889725,0.0013251585371322205,16785,destination
EWR,0.6187961556919994,-0.002451971074338255,raw_demand,0.3781551133525425,0.000423907965913628,113538,destination
FAT,0.49156581332473637,0.0007530758137195281,raw_demand,0.2996239452531335,0.0008498005461531899,13202,destination
FLL,0.562339383387996,0.001383639543164561,raw_demand,0.3465060555390349,0.0015312609037217983,81681,destination
GEG,0.49813439712427454,0.0004458994764119928,raw_demand,0.30843990338243066,0.000630238064151023,17909,destination
GRR,0.5669306153735139,-0.001247283218077433,raw_demand,0.34943939898549276,0.00039340182416292,16756,destination
GSO,0.5932811821203501,-0.0043797389331347025,raw_demand,0.3559588296017356,-0.00019828739032240472,10168,destination
GSP,0.5898119625250237,-0.002629717530884701,raw_demand,0.36053285879976305,7.609999908608778e-05,13717,destination
HNL,0.4572923083223999,0.0008053428318082756,raw_demand,0.26693952158738243,0.0004971568476505039,51167,destination
HOU,0.505053841575019,0.0010813734037661282,raw_demand,0.3052696363668855,0.0008784933176390064,50457,destination
HPN,0.6037409478934298,-0.00390273978934097,raw_demand,0.36897427956302287,-0.00022797665760493357,10331,destination
IAD,0.4815569789324104,-0.0003153545459946838,raw_demand,0.28817764023794534,0.00013676652484190255,54557,destination
IAH,0.5211136922688155,0.0007806803210006485,raw_demand,0.3125929698925901,0.0003272669190893529,107870,destination
ICT,0.5984497655941339,-0.0015524199925894822,raw_demand,0.3667912569003667,0.0006455465881384792,10762,destination
IND,0.5515409985487216,-0.0007102828797121985,raw_demand,0.33553292443130106,0.0004170971948324609,45475,destination
JAX,0.5804759365838629,-0.0003979789309150883,raw_demand,0.35633761709804646,0.0006780058359532326,27680,destination
JFK,0.5601286471222849,0.00014341929302041923,raw_demand,0.3362241187899058,0.0009231763440452623,100285,destination
KOA,0.4111952126418767,-0.000976029903005049,raw_demand,0.23412863562515893,5.6489064875347994e-05,15564,destination
LAS,0.505576080247058,0.00151178403633212,raw_demand,0.3105838505711877,0.0012369314848565405,173350,destination
LAX,0.476378389932686,0.0003206273660141812,raw_demand,0.2872149057452697,0.0004732825651451167,179186,destination
LGA,0.6201930717469768,-0.002918229557580365,raw_demand,0.37517983310228736,-0.0008089882885710664,129044,destination
LGB,0.4462162467712955,0.00045776966070626424,raw_demand,0.2672932572532059,0.0005696933734462561,16524,destination
LIH,0.4023851915088762,-0.00016262640685077434,raw_demand,0.2252087031657825,0.00012076470829805452,15453,destination
LIT,0.5829112814737705,-0.0026016194023927852,raw_demand,0.3524837898253255,0.0009020975743947446,12514,destination
MAF,0.5531038281658889,0.0010229630909885934,raw_demand,0.33638285994558903,0.0011065708220922565,9750,destination
MCI,0.5467581782444618,-0.0006513378116207447,raw_demand,0.33521746864294133,0.0005237917330881414,47193,destination
MCO,0.5423343567491227,0.0010229390607338074,raw_demand,0.33442218299670007,0.0010123116009571609,150336,destination
MDW,0.4970878033720761,-0.00010188337175026652,raw_demand,0.29796881509753226,0.00046268822089046147,71436,destination
MEM,0.5763472610795314,-0.002223892778017156,raw_demand,0.35418131187763835,0.00027670768999549233,23521,destination
MIA,0.5544177942475605,0.001540402191017809,raw_demand,0.3396980765787959,0.001211463755900699,104647,destination
MKE,0.5642055753814998,-0.0007509391301326884,raw_demand,0.34695453753031835,0.0005517391413169537,27335,destination
MSN,0.5892673424120433,-0.0022373877022204836,raw_demand,0.36422009441568776,-2.762313790372062e-06,12642,destination
MSP,0.4840686873985817,-0.0005898495181679286,raw_demand,0.29320842594941804,-3.8024540386982775e-05,91502,destination
MSY,0.5598756762658273,-0.0002369879226875593,raw_demand,0.33957812573483864,0.0005730246563772079,50463,destination
MYR,0.578553451963254,-0.0024266290990289097,raw_demand,0.3493294198665659,0.0002207922723952982,12921,destination
OAK,0.464344401787455,0.0010225919405498773,raw_demand,0.27963391120912834,0.0010786493042977963,33309,destination
OGG,0.3876462123078782,0.0002502284944825295,raw_demand,0.21523445552559134,0.00024135413691753205,24835,destination
OKC,0.5631522618815198,0.0008148655536487359,raw_demand,0.3460326205250109,0.000926616510938616,23744,destination
OMA,0.5404292784112403,0.00028964452927027207,raw_demand,0.3334445280145426,0.0007126398893223529,23837,destination
ONT,0.509899609085293,0.0007976045213539118,raw_demand,0.31357786155612555,0.0009763290358980048,25851,destination
ORD,0.5733569518235667,-0.001100893651424184,raw_demand,0.350963544210684,-7.147249013533807e-05,257904,destination
ORF,0.5966730765317249,-0.002808438183341644,raw_demand,0.3648928924234953,0.00039174783521561674,19570,destination
PBI,0.6096927497172923,0.0007780241422541412,raw_demand,0.3823441854681551,0.001272760136082074,28375,destination
PDX,0.4826439750049125,0.0002723484381499941,raw_demand,0.29208936813300845,0.0003617738578952645,58959,destination
PHL,0.5810244469511701,-0.001188818614219822,raw_demand,0.3514607069716294,-0.0002540507074260123,92543,destination
PHX,0.5041618768402601,0.00035205938257532043,raw_demand,0.3059771960251827,0.0005610529246930507,175773,destination
PIT,0.5450139743442971,0.000208436625158126,raw_demand,0.3329378807717943,0.0005661238958373227,41573,destination
PNS,0.5878221422238668,-0.0008872671444857261,raw_demand,0.35228060370474845,0.000852611191414332,13714,destination
PSP,0.4861610727326811,0.0006618345452729102,raw_demand,0.2962124254530836,0.0007346048749514722,14532,destination
PVD,0.5746618023402288,-0.0012038883616761753,raw_demand,0.35538191659408946,0.0003419647908076695,15168,destination
PWM,0.5659259081256476,-0.0017421456274454572,raw_demand,0.3435618272590409,-0.0001669781124635783,10653,destination
RDU,0.5517825608396827,-0.001021042381884163,raw_demand,0.3371259622049079,0.00040484032324300534,54761,destination
RIC,0.5827400721152054,-0.0019800705153000253,raw_demand,0.3585494049400845,0.000285742856144966,17536,destination
RNO,0.5066468130471402,0.0014393373722861869,raw_demand,0.30570786177969556,0.000904999589476374,20609,destination
ROC,0.5965949310838258,-0.0011067647497509103,raw_demand,0.3663538398040284,0.0002690547449930025,9899,destination
RSW,0.5431733263506409,0.0021954504468925107,raw_demand,0.3318006240874808,0.0014796483903972701,33874,destination
SAN,0.5641566731973622,0.0005791162740672595,raw_demand,0.351699221187066,0.0010131621767969223,92512,destination
SAT,0.5347698888352269,0.0010238201387802182,raw_demand,0.3287649525522825,0.0007737187499862186,41298,destination
SAV,0.5892459373204111,-0.0032269030385426722,raw_demand,0.35657103337527796,0.00031286732614388413,18664,destination
SDF,0.5673182529838566,-0.0016284129578516549,raw_demand,0.34117856695845933,0.00046647896461432525,22204,destination
SEA,0.5271109045549377,-5.152973918975956e-05,raw_demand,0.3222188389345498,-8.277038537107817e-05,145263,destination
SFO,0.5471133399267607,0.0010263839754233173,raw_demand,0.3428374716332736,0.001189989866179908,130406,destination
SJC,0.45994737331521857,0.0008940742880209629,raw_demand,0.2765399363925349,0.0007049639861865797,45157,destination
SJU,0.5797372358030624,0.0014588922312730457,raw_demand,0.3704622125884345,0.0008315481994036755,34294,destination
SLC,0.4381890067756816,0.00010035105926609056,raw_demand,0.26046183204029844,0.00026285196780073683,95412,destination
SMF,0.47455656755967524,0.0013713144302594515,raw_demand,0.2888172506896987,0.00089844928651589,56588,destination
SNA,0.49188300569911936,0.0004318946978721372,raw_demand,0.2931925138002565,0.0005055712902484188,42928,destination
STL,0.5020270882799823,-0.0003747041336824575,raw_demand,0.30254316339573106,0.0006831010355619616,62601,destination
SYR,0.621098915483973,-0.002690640898432073,raw_demand,0.38195653686828984,-3.96840981184976e-05,9778,destination
TPA,0.5495510669133784,0.001556574665949495,raw_demand,0.33975965586140094,0.0011749949717479446,77024,destination
TUL,0.5653826092396136,-0.0015896009706308778,raw_demand,0.3442594783737432,0.000983588310871475,18010,destination
TUS,0.5030304436832737,0.0003445350194737351,raw_demand,0.30534898572195734,0.0007479037176211234,19910,destination
TYS,0.6231614224363845,-0.002782618995644248,raw_demand,0.3859810599790318,0.0005696983038043779,11415,destination
XNA,0.5786117751795563,-0.0034950082460877274,raw_demand,0.3491930230313222,0.0003719013761020462,12069,destination
ABQ,0.5056682653245733,0.0006582456868635678,normalized_capacity,0.30841861530271164,0.0008435320538127677,24916,destination
ALB,0.5794037709040928,-0.001742633435137808,normalized_capacity,0.3591002066409828,0.0008861227902133839,11957,destination
ANC,0.5758100716686411,0.001010424421343581,normalized_capacity,0.3665723662573736,0.0007294329358804585,12607,destination
ATL,0.5057651315211504,-0.0011975880331293043,normalized_capacity,0.2965767793703047,0.00025718385768552787,266417,destination
AUS,0.5278848407174507,0.0007147638296463033,normalized_capacity,0.3272991506504115,0.0008344935288869815,82354,destination
BDL,0.551526356792353,2.568951685155696e-05,normalized_capacity,0.34037223114281673,0.0005701903011223752,22812,destination
BHM,0.56713369376597,-0.0018397090440459563,normalized_capacity,0.34280447229473615,0.00028315631906888905,16658,destination
BNA,0.5285313114775413,-0.0013378111245190283,normalized_capacity,0.3243666238185726,7.319767539665234e-05,99683,destination
BOI,0.470663897616387,0.0006954431429857522,normalized_capacity,0.2883114870680172,0.000784396265684939,23137,destination
BOS,0.5788220635916175,-0.001906955129994281,normalized_capacity,0.3585106887660135,-0.000645247249118075,138635,destination
BUF,0.5950557548904177,-0.0013396909247619382,normalized_capacity,0.36887367770469404,0.00042059709332459283,20385,destination
BUR,0.515693158482769,0.0006237607183791072,normalized_capacity,0.3087852175276047,0.0008473455918369677,29665,destination
BWI,0.5013779092349993,-0.001347554638212456,normalized_capacity,0.2974197487515063,0.00035197173070183885,90266,destination
CHS,0.5843597523080583,-0.004120703554450489,normalized_capacity,0.35344211056139746,-0.0001313624299044136,24315,destination
CLE,0.5550486726639284,-0.00029677026030006104,normalized_capacity,0.33700794072125345,0.0005308731132093181,39597,destination
CLT,0.5157786054927179,-0.002176633453483623,normalized_capacity,0.30426313667309945,-6.0772693755761775e-05,159104,destination
CMH,0.5525181865427639,-0.00047537311795398107,normalized_capacity,0.3398395000299181,0.0003276838611928068,43628,destination
COS,0.5778665946056529,0.001759315611785106,normalized_capacity,0.35818024158448425,0.002061951059706746,13045,destination
CVG,0.5791412087116264,-0.0011978329987502034,normalized_capacity,0.3572811514613296,0.0004226714859137948,30871,destination
DAL,0.5220498687172395,-7.832844014687979e-05,normalized_capacity,0.3118629426130137,0.001007357182514157,65689,destination
DAY,0.6150770823854076,-0.002866722633918073,normalized_capacity,0.37733071273284563,0.00020313532900884113,7586,destination
DCA,0.662589557024309,-0.00703197118025356,normalized_capacity,0.40275108909071666,-0.0013877601726912658,126909,destination
DEN,0.523401915830506,0.0012123012119870102,normalized_capacity,0.32592271166854336,0.0011402393187963655,242679,destination
DFW,0.6348509053897714,-0.0019458675576812245,normalized_capacity,0.3786319533712162,0.0003371383444936149,220823,destination
DSM,0.5874925178408322,-0.001556781000248364,normalized_capacity,0.35504801372810635,0.00021251578305753194,13628,destination
DTW,0.49650410186998034,-0.0003966764160746594,normalized_capacity,0.2981206135007683,0.00030911426268864783,108627,destination
ELP,0.5303997448759425,0.0006643807616401043,normalized_capacity,0.32593786383070533,0.001023076708940307,16785,destination
EWR,0.6180808428199467,-0.0031672839463909863,normalized_capacity,0.37781067466303386,7.946927640500867e-05,113538,destination
FAT,0.491775286264408,0.0009625487533911348,normalized_capacity,0.2997031753859252,0.0009290306789448977,13202,destination
FLL,0.5616195663269122,0.0006638224820807448,normalized_capacity,0.34628816770879217,0.0013133730734790627,81681,destination
GEG,0.49778143180110174,9.293415323918808e-05,normalized_capacity,0.30847769216588933,0.0006680268476096929,17909,destination
GRR,0.5656682045162209,-0.0025096940753703834,normalized_capacity,0.34899643855174384,-4.955860958599789e-05,16756,destination
GSO,0.5928133105891344,-0.004847610464350338,normalized_capacity,0.35588397697023205,-0.000273140021825935,10168,destination
GSP,0.5901231546490774,-0.0023185254068309735,normalized_capacity,0.36060556841399183,0.00014880961331487086,13717,destination
HNL,0.4573417244708906,0.0008547589802989641,normalized_capacity,0.2669358338162247,0.0004934690764927807,51167,destination
HOU,0.5043867896266973,0.0004143214554443997,normalized_capacity,0.30461490515039374,0.00022376210114727346,50457,destination
HPN,0.6037364384558335,-0.003907249226937304,normalized_capacity,0.36911852948642554,-8.372673420226073e-05,10331,destination
IAD,0.48090114984054794,-0.0009711836378571426,normalized_capacity,0.28796506026244195,-7.581345066148826e-05,54557,destination
IAH,0.5206099754274945,0.0002769634796796483,normalized_capacity,0.31234011011948165,7.44071459808926e-05,107870,destination
ICT,0.600313278326008,0.0003110927392846463,normalized_capacity,0.3669886944137352,0.0008429841015070161,10762,destination
IND,0.5509146104951611,-0.0013366709332727211,normalized_capacity,0.3353551632749781,0.0002393360385095078,45475,destination
JAX,0.5794356608625724,-0.001438254652205595,normalized_capacity,0.3559231798418948,0.00026356857980158743,27680,destination
JFK,0.560305506741472,0.0003202789122074279,normalized_capacity,0.33627574057921805,0.0009747981333574907,100285,destination
KOA,0.4119237938556524,-0.0002474486892293237,normalized_capacity,0.23421860768851227,0.00014646112822869206,15564,destination
LAS,0.5053798274079975,0.0013155311972715689,normalized_capacity,0.3103484683367066,0.001001549250375433,173350,destination
LAX,0.47585228328805945,-0.00020547927861236381,normalized_capacity,0.287043779128098,0.0003021559479733926,179186,destination
LGA,0.6202537442753345,-0.002857557029222635,normalized_capacity,0.375470098180767,-0.000518723210091443,129044,destination
LGB,0.44602699441647764,0.00026851730588839384,normalized_capacity,0.2668798114225515,0.00015624754279186526,16524,destination
LIH,0.4027667509952009,0.00021893307947390417,normalized_capacity,0.22531951629941777,0.00023157784193331143,15453,destination
LIT,0.5828504400920884,-0.002662460784074838,normalized_capacity,0.3521605016991362,0.0005788094482054307,12514,destination
MAF,0.5523772945648551,0.0002964294899547859,normalized_capacity,0.33601179298336226,0.0007355038598654828,9750,destination
MCI,0.5475290724652312,0.00011955640914862453,normalized_capacity,0.3352261567899943,0.0005324798801411013,47193,destination
MCO,0.5415175185538796,0.000206100865490777,normalized_capacity,0.3339765078986728,0.0005666365029298737,150336,destination
MDW,0.4963806297241151,-0.0008090570197112346,normalized_capacity,0.2978168594683433,0.00031073259170150136,71436,destination
MEM,0.5765133614381565,-0.0020577924193920794,normalized_capacity,0.35423533858400474,0.00033073439636188695,23521,destination
MIA,0.5527669677367338,-0.00011042431980889944,normalized_capacity,0.3392832810781523,0.0007966682552570936,104647,destination
MKE,0.563647400805109,-0.0013091137065235348,normalized_capacity,0.3467115349521697,0.00030873656316832143,27335,destination
MSN,0.5890891368646114,-0.002415593249652348,normalized_capacity,0.363983054258073,-0.00023980247140514832,12642,destination
MSP,0.48390842024774755,-0.0007501166690020988,normalized_capacity,0.2932655721822684,1.912169246337525e-05,91502,destination
MSY,0.5589519616967932,-0.0011607024917217323,normalized_capacity,0.33930144823094915,0.00029634715248771926,50463,destination
MYR,0.5787222133502992,-0.0022578677119837742,normalized_capacity,0.34898660729984854,-0.00012202029432206718,12921,destination
OAK,0.4640102213649788,0.0006884115180736949,normalized_capacity,0.27938032847652244,0.0008250665716919015,33309,destination
OGG,0.38764130819831816,0.000245324384922474,normalized_capacity,0.21517565483464218,0.0001825534459683753,24835,destination
OKC,0.5622628430862617,-7.455324160932086e-05,normalized_capacity,0.3459385035425683,0.0008324995284960113,23744,destination
OMA,0.540607296700576,0.0004676628186058851,normalized_capacity,0.33358535238309256,0.0008534642578723051,23837,destination
ONT,0.5093827612610705,0.0002807566971314568,normalized_capacity,0.31328259685474147,0.0006810643345139256,25851,destination
ORD,0.5726915241885472,-0.0017663212864437172,normalized_capacity,0.35097365423085297,-6.136246996635286e-05,257904,destination
ORF,0.5959780579513244,-0.0035034567637420855,normalized_capacity,0.3645217157278156,2.0571139535907612e-05,19570,destination
PBI,0.608924986049805,1.0260474766932148e-05,normalized_capacity,0.38246136285020893,0.0013899375181359308,28375,destination
PDX,0.4825436707526586,0.00017204418589605863,normalized_capacity,0.2921052580635969,0.0003776637884836953,58959,destination
PHL,0.5799373996874021,-0.0022758658779877816,normalized_capacity,0.35126133383683766,-0.00045342384221774834,92543,destination
PHX,0.5036337375187683,-0.00017607993891655127,normalized_capacity,0.3056626608785822,0.0002465177780925365,175773,destination
PIT,0.5439320898627101,-0.0008734478564288439,normalized_capacity,0.3326356015514024,0.0002638446754454349,41573,destination
PNS,0.5868396089109209,-0.0018698004574315696,normalized_capacity,0.35187337781673617,0.0004453853034020461,13714,destination
PSP,0.48582112596765836,0.00032188778025016296,normalized_capacity,0.2962116756310867,0.0007338550529545351,14532,destination
PVD,0.5740068954927038,-0.0018587952092011806,normalized_capacity,0.3553740809746174,0.0003341291713356287,15168,destination
PWM,0.5651331045278879,-0.002534949225205141,normalized_capacity,0.34359399576621813,-0.00013480960528633457,10653,destination
RDU,0.5509583774975118,-0.0018452257240550995,normalized_capacity,0.33684857941739477,0.00012745753572984686,54761,destination
RIC,0.5827611133545358,-0.0019590292759695815,normalized_capacity,0.3582608932790683,-2.768804871267072e-06,17536,destination
RNO,0.5064762594174472,0.0012687837425932047,normalized_capacity,0.30574955352997424,0.0009466913397550569,20609,destination
ROC,0.5953461169901726,-0.0023555788434040936,normalized_capacity,0.3660846103157062,-1.747433291954259e-07,9899,destination
RSW,0.5418546133789901,0.0008767374752417512,normalized_capacity,0.331382942000429,0.0010619663033454851,33874,destination
SAN,0.5638808348307914,0.00030327790749651307,normalized_capacity,0.351390481676908,0.0007044226666389486,92512,destination
SAT,0.534637954084759,0.0008918853883123079,normalized_capacity,0.32855501180897195,0.0005637780066756748,41298,destination
SAV,0.588603848245033,-0.0038689921139207772,normalized_capacity,0.35626034544696605,2.179397831980623e-06,18664,destination
SDF,0.5669552074527229,-0.0019914584889854092,normalized_capacity,0.3409343346242913,0.00022224663044628779,22204,destination
SEA,0.5274485996472082,0.0002861653530807917,normalized_capacity,0.3224665452929669,0.00016493597304606533,145263,destination
SFO,0.5458441429354766,-0.00024281301586082105,normalized_capacity,0.34195754007540563,0.0003100583083119335,130406,destination
SJC,0.4595011238566823,0.0004478248294846887,normalized_capacity,0.27635533486364744,0.0005203624572991394,45157,destination
SJU,0.5792942023117893,0.0010158587399999863,normalized_capacity,0.3704338974861144,0.0008032330970835777,34294,destination
SLC,0.43818449308557356,9.583736915802499e-05,normalized_capacity,0.2605477257159779,0.0003487456434801972,95412,destination
SMF,0.4742784568636421,0.0010932037342263334,normalized_capacity,0.28863714252970624,0.0007183411265234141,56588,destination
SNA,0.49140549401617034,-4.56169850768795e-05,normalized_capacity,0.2930475020719379,0.00036055956192981853,42928,destination
STL,0.500962487124654,-0.0014393052890108171,normalized_capacity,0.30229458036457574,0.00043451800440663657,62601,destination
SYR,0.620974759262313,-0.0028147971200920274,normalized_capacity,0.38206726060552804,7.103963911969657e-05,9778,destination
TPA,0.5484170490941818,0.0004225568467528529,normalized_capacity,0.33941800153078894,0.0008333406411359379,77024,destination
TUL,0.5656100575213387,-0.0013621526889057156,normalized_capacity,0.3441846841883461,0.0009087941254743437,18010,destination
TUS,0.5027009013379398,1.4992674139846507e-05,normalized_capacity,0.3052202651583964,0.0006191831540601767,19910,destination
TYS,0.6246549994147705,-0.0012890420172582129,normalized_capacity,0.386462665778416,0.001051304103188544,11415,destination
XNA,0.5790305247521652,-0.0030762586734788266,normalized_capacity,0.3490401324328624,0.00021901077764224786,12069,destination
ABQ,0.5062576940695583,0.0012476744318485888,queue_shadow,0.3086836860666284,0.0011086028177295093,24916,destination
ALB,0.5810321091123215,-0.00011429522690908911,queue_shadow,0.35922021261355036,0.0010061287627809445,11957,destination
ANC,0.5763042965480781,0.0015046493007806472,queue_shadow,0.36647072770278566,0.0006277943812925124,12607,destination
ATL,0.5070683165261428,0.0001055969718630756,queue_shadow,0.2968698585943199,0.0005502630817007526,266417,destination
AUS,0.528232715754274,0.001062638866469623,queue_shadow,0.32728985976353814,0.0008252026420136338,82354,destination
BDL,0.5515793822606361,7.871498513467579e-05,queue_shadow,0.34038044717373644,0.0005784063320420918,22812,destination
BHM,0.5679321356625642,-0.0010412671474517854,queue_shadow,0.34292727546761076,0.00040595949194349723,16658,destination
BNA,0.5294252458516446,-0.00044387675041568375,queue_shadow,0.32423954766997753,-5.3878473198432086e-05,99683,destination
BOI,0.47072594597618256,0.0007574915027813156,queue_shadow,0.2883415879613749,0.0008144971590426375,23137,destination
BOS,0.5809108205983194,0.00018180187670768788,queue_shadow,0.35965808697171814,0.0005021509565865667,138635,destination
BUF,0.595881720771456,-0.0005137250437237117,queue_shadow,0.36917847352382216,0.0007253929124527159,20385,destination
BUR,0.5163117947160181,0.0012423969516281996,queue_shadow,0.30916503895266445,0.0012271670168967352,29665,destination
BWI,0.5026330069192164,-9.245695399529019e-05,queue_shadow,0.29752177726516754,0.0004540002443630953,90266,destination
CHS,0.5881294715893599,-0.0003509842731488355,queue_shadow,0.3539809560826157,0.00040748309131383165,24315,destination
CLE,0.5559388432998129,0.0005934003755844186,queue_shadow,0.33688978104883127,0.000412713440787138,39597,destination
CLT,0.5175653828228681,-0.0003898561233334208,queue_shadow,0.30435090683332705,2.699746647183421e-05,159104,destination
CMH,0.553256141120227,0.00026258145950919243,queue_shadow,0.3398188767063466,0.0003070605376213065,43628,destination
COS,0.5795823149014193,0.0034750359075514936,queue_shadow,0.35832007954227474,0.0022017890174972354,13045,destination
CVG,0.5800418963098027,-0.00029714540057390604,queue_shadow,0.35727682630116214,0.0004183463257463327,30871,destination
DAL,0.5237961190768949,0.001667921919508597,queue_shadow,0.31244247958117993,0.0015868941506803624,65689,destination
DAY,0.616442801067186,-0.0015010039521397012,queue_shadow,0.37711018765774196,-1.738974609483135e-05,7586,destination
DCA,0.6666326173643736,-0.0029889108401889297,queue_shadow,0.40397491086426623,-0.00016393839914169428,126909,destination
DEN,0.5238208334197911,0.0016312188012721496,queue_shadow,0.32605064490116326,0.0012681725514162578,242679,destination
DFW,0.6377263617877091,0.0009295888402565122,queue_shadow,0.37940171935251216,0.0011069043257895816,220823,destination
DSM,0.5893969766884907,0.00034767784741007723,queue_shadow,0.3551466864506491,0.00031118850560030165,13628,destination
DTW,0.49721954122865397,0.0003187629425989713,queue_shadow,0.2981434437810736,0.00033194454299395604,108627,destination
ELP,0.5319625459938512,0.002227181879548734,queue_shadow,0.32668243268118374,0.001767645559418718,16785,destination
EWR,0.6198053072788041,-0.0014428194875335532,queue_shadow,0.37857204496969066,0.0008408395830618032,113538,destination
FAT,0.4917729431901181,0.000960205679101267,queue_shadow,0.29974174180936614,0.0009675971023858088,13202,destination
FLL,0.5619523551280085,0.0009966112831769625,queue_shadow,0.3461561025327683,0.001181307897455186,81681,destination
GEG,0.4981146905801298,0.0004261929322672553,queue_shadow,0.3085206934339752,0.0007110281156955667,17909,destination
GRR,0.5676146273639368,-0.0005632712276545382,queue_shadow,0.3492420663343965,0.00019606917306663751,16756,destination
GSO,0.5966653657428556,-0.0009955553106292259,queue_shadow,0.3565291713367286,0.0003720543446706359,10168,destination
GSP,0.5911656188217186,-0.0012760612341897737,queue_shadow,0.3609433119002244,0.00048655309954742654,13717,destination
HNL,0.45748756830950255,0.0010006028189109006,queue_shadow,0.26703873026755,0.0005963655278180546,51167,destination
HOU,0.5057926784315385,0.0018202102602856707,queue_shadow,0.30529266627007656,0.0009015232208300916,50457,destination
HPN,0.6038563217644176,-0.0037873659183531583,queue_shadow,0.3690153016031722,-0.0001869546174556036,10331,destination
IAD,0.4806641926735505,-0.001208140804854596,queue_shadow,0.2875020235363205,-0.0005388501767829568,54557,destination
IAH,0.5212464370721885,0.0009134251243736458,queue_shadow,0.3125174925584238,0.0002517895849230567,107870,destination
ICT,0.6009064659970172,0.0009042804102938895,queue_shadow,0.36657764129257875,0.0004319309803505478,10762,destination
IND,0.5527766508630787,0.0005253694346448734,queue_shadow,0.3356259734699986,0.0005101462335300178,45475,destination
JAX,0.5813814992730917,0.0005075837583137233,queue_shadow,0.3564632198781679,0.0008036086160747025,27680,destination
JFK,0.560099447706135,0.00011421987687043611,queue_shadow,0.3362920507810412,0.0009911083351806238,100285,destination
KOA,0.41110416293637086,-0.0010670796085108791,queue_shadow,0.2339708961578792,-0.00010125040240438477,15564,destination
LAS,0.5057188789305362,0.001654582719810338,queue_shadow,0.3104626315175814,0.0011157124312502487,173350,destination
LAX,0.4765192474872749,0.00046148492060310575,queue_shadow,0.28714721037090707,0.00040558719078248595,179186,destination
LGA,0.6212891450283337,-0.0018221562762235077,queue_shadow,0.37620919702498185,0.00022037563412341532,129044,destination
LGB,0.44680337709071294,0.0010448999801236925,queue_shadow,0.26731952263819275,0.0005959587584331016,16524,destination
LIH,0.4030686887963459,0.0005208708806189177,queue_shadow,0.22535156203751452,0.00026362358003007014,15453,destination
LIT,0.5854663382669538,-4.656260920943289e-05,queue_shadow,0.35276852998532293,0.0011868377343921543,12514,destination
MAF,0.5522104620381998,0.00012959696329950532,queue_shadow,0.3360643136754768,0.0007880245519800155,9750,destination
MCI,0.5483168207715339,0.000907304715451307,queue_shadow,0.335422377425785,0.0007287005159318238,47193,destination
MCO,0.5417770918470179,0.00046567415862908135,queue_shadow,0.33393878766009183,0.000528916264348922,150336,destination
MDW,0.4975133506621301,0.0003236639183037404,queue_shadow,0.2981557751748825,0.0006496482982407126,71436,destination
MEM,0.5777669550822426,-0.0008041987753059088,queue_shadow,0.3541736156811539,0.000269011493511051,23521,destination
MIA,0.5537079276390969,0.0008305355825541927,queue_shadow,0.3394568253239497,0.0009702125010545015,104647,destination
MKE,0.5649523779633948,-4.136548237720916e-06,queue_shadow,0.3465754550199476,0.00017265663094617745,27335,destination
MSN,0.5909405324631644,-0.0005641976510993851,queue_shadow,0.36419999659492674,-2.286013455138347e-05,12642,destination
MSP,0.4846485456184095,-9.991298340172872e-06,queue_shadow,0.29342084415332226,0.00017439366351723606,91502,destination
MSY,0.5617264101088846,0.0016137459203696691,queue_shadow,0.3394285512496091,0.0004234501711476435,50463,destination
MYR,0.5807761504168129,-0.0002039306454700851,queue_shadow,0.3493468101152444,0.00023818252107377091,12921,destination
OAK,0.4646072883275126,0.0012854784806074493,queue_shadow,0.27979019741052596,0.0012349355056954225,33309,destination
OGG,0.38758397178462534,0.00018798797122965283,queue_shadow,0.21516905237236725,0.0001759509836934403,24835,destination
OKC,0.5629266385895274,0.0005892422616563531,queue_shadow,0.3458933575340514,0.0007873535199791615,23744,destination
OMA,0.5406966827836057,0.0005570489016356595,queue_shadow,0.33351680504540765,0.0007849169201873951,23837,destination
ONT,0.5106471533905138,0.0015451488265747493,queue_shadow,0.3139746622093307,0.0013731296891031364,25851,destination
ORD,0.5730449648468523,-0.001412880628138602,queue_shadow,0.35051280770216603,-0.0005222089986532952,257904,destination
ORF,0.5986251061942772,-0.0008564085207892758,queue_shadow,0.36518854338871104,0.000687398800431338,19570,destination
PBI,0.6102635716556591,0.0013488460806210245,queue_shadow,0.38254786797626306,0.0014764426441900569,28375,destination
PDX,0.4828596402814572,0.00048801371469470167,queue_shadow,0.29207648735906017,0.00034889308394697727,58959,destination
PHL,0.5811399556158429,-0.0010733099495470189,queue_shadow,0.3518159042727019,0.00010114659364646172,92543,destination
PHX,0.5046281148145466,0.0008182973568617857,queue_shadow,0.30587806113076105,0.0004619180302714021,175773,destination
PIT,0.545105669661477,0.0003001319423380222,queue_shadow,0.3328280328862372,0.0004562760102801988,41573,destination
PNS,0.5901753414476063,0.0014659320792538288,queue_shadow,0.35201831330653055,0.0005903207931964305,13714,destination
PSP,0.4860701205394571,0.0005708823520488848,queue_shadow,0.29615288582128696,0.0006750652431548043,14532,destination
PVD,0.5751337462793391,-0.0007319444225658556,queue_shadow,0.3553132022936167,0.00027325049033488646,15168,destination
PWM,0.5662823443888865,-0.0013857093642065665,queue_shadow,0.3435295285310041,-0.00019927684050036198,10653,destination
RDU,0.5521333890955078,-0.0006702141260590544,queue_shadow,0.33699930176661497,0.0002781798849500472,54761,destination
RIC,0.5838150553773752,-0.0009050872531302101,queue_shadow,0.3585603719159787,0.0002967098320391659,17536,destination
RNO,0.5071908045906266,0.0019833289157725753,queue_shadow,0.3060059703794761,0.0012031081892568962,20609,destination
ROC,0.5972507274110124,-0.0004509684225643129,queue_shadow,0.36646527252044564,0.00038048746141022827,9899,destination
RSW,0.5422624914834381,0.0012846155796897296,queue_shadow,0.33122196535445003,0.0009009896573665133,33874,destination
SAN,0.5654381057726173,0.0018605488493224076,queue_shadow,0.3518890411603387,0.0012029821500696425,92512,destination
SAT,0.5348753725001266,0.0011293038036799263,queue_shadow,0.3286372713516864,0.0006460375493901327,41298,destination
SAV,0.5923688015326577,-0.0001040388262960601,queue_shadow,0.3567364263262751,0.00047826027714104047,18664,destination
SDF,0.5696837167728657,0.000737050831157382,queue_shadow,0.34110318541328594,0.00039109741944093335,22204,destination
SEA,0.5276845918067878,0.0005221575126603817,queue_shadow,0.3224276255595801,0.00012601623965924347,145263,destination
SFO,0.5462760110002325,0.00018905504889510372,queue_shadow,0.3421035103204126,0.0004560285533188879,130406,destination
SJC,0.4599713617389203,0.0009180627117226781,queue_shadow,0.27665623640145826,0.0008212639951099554,45157,destination
SJU,0.578658840261471,0.00038049668968165307,queue_shadow,0.37014826757483116,0.0005176031858003527,34294,destination
SLC,0.43821642261159177,0.00012776689517624007,queue_shadow,0.26042653685190936,0.00022755677941166397,95412,destination
SMF,0.4741632118668638,0.0009779587374479926,queue_shadow,0.2887397591010621,0.0008209576978792654,56588,destination
SNA,0.491596444220211,0.00014533321896376128,queue_shadow,0.2930702726700239,0.00038333016001579345,42928,destination
STL,0.5030982577892198,0.000696465375555011,queue_shadow,0.3027547561915401,0.000894693831370974,62601,destination
SYR,0.6231494310411707,-0.0006401253412343655,queue_shadow,0.3826312310434256,0.0006350100770172729,9778,destination
TPA,0.5486498440147801,0.0006553517673512088,queue_shadow,0.3391009672857148,0.0005163063960618164,77024,destination
TUL,0.5663600285266667,-0.0006121816835777949,queue_shadow,0.34383707834766486,0.0005611882847931238,18010,destination
TUS,0.50341414186497,0.0007282332011701032,queue_shadow,0.3052761017618593,0.0006750197575230987,19910,destination
TYS,0.6264606093355204,0.0005165679034916382,queue_shadow,0.3867720727461684,0.0013607110709409898,11415,destination
XNA,0.579187552785626,-0.002919230640018089,queue_shadow,0.34881424979177644,-6.871863443724813e-06,12069,destination
ABQ,0.5066548578857306,0.0016448382480208634,hypergraph,0.30881139754734627,0.001236314298447394,24916,destination
ALB,0.581181099636835,3.469529760435908e-05,hypergraph,0.35908391682601487,0.0008698329752454548,11957,destination
ANC,0.5774239175393651,0.0026242702920675764,hypergraph,0.3671621922961097,0.001319258974616544,12607,destination
ATL,0.5086119982876288,0.00164927873334908,hypergraph,0.29671988621527495,0.00040029070265579225,266417,destination
AUS,0.5283606342944278,0.0011905574066234381,hypergraph,0.3273031613984631,0.0008385042769386009,82354,destination
BDL,0.5527899226873628,0.001289255411861423,hypergraph,0.340360931645177,0.0005588908034826479,22812,destination
BHM,0.5696022802066897,0.0006288773966737216,hypergraph,0.3431738782217086,0.0006525622460413216,16658,destination
BNA,0.5295715381326673,-0.00029758446939298633,hypergraph,0.32394794783636804,-0.0003454783068079226,99683,destination
BOI,0.47051172136877545,0.0005432668953742059,hypergraph,0.28825816588763536,0.0007310750853031234,23137,destination
BOS,0.5817631931136316,0.0010341743920198043,hypergraph,0.3600627610602341,0.0009068250451025328,138635,destination
BUF,0.5961720277606974,-0.0002234180544822273,hypergraph,0.3691572354231567,0.0007041548117872609,20385,destination
BUR,0.5166042696767058,0.0015348719123159382,hypergraph,0.3092242971619869,0.00128642522621919,29665,destination
BWI,0.5026357331437363,-8.973072947537908e-05,hypergraph,0.2974645685902903,0.0003967915694858548,90266,destination
CHS,0.5884273613701504,-5.309449235835206e-05,hypergraph,0.3542149624686699,0.0006414894773680291,24315,destination
CLE,0.5559386866544782,0.0005932437302497151,hypergraph,0.33683812108540345,0.0003610534773593188,39597,destination
CLT,0.5174753721692938,-0.0004798667769077003,hypergraph,0.30426389220593325,-6.001716092196574e-05,159104,destination
CMH,0.5532548167351676,0.0002612570744497944,hypergraph,0.3397468892175786,0.00023507304885334035,43628,destination
COS,0.5794286326747746,0.0033213536809068023,hypergraph,0.3586108402358339,0.002492549711056391,13045,destination
CVG,0.5806827362508993,0.00034369454052263215,hypergraph,0.35725344128061254,0.00039496130519672823,30871,destination
DAL,0.5240702939772738,0.00194209681988744,hypergraph,0.3123901942321975,0.0015346088016979231,65689,destination
DAY,0.6183841816216831,0.0004403766023574063,hypergraph,0.3772672728601798,0.00013969545634301417,7586,destination
DCA,0.6690475255735557,-0.0005740026310068203,hypergraph,0.4050368525692914,0.0008980033058834658,126909,destination
DEN,0.5242448664537732,0.002055251835254235,hypergraph,0.3264239489981412,0.0016414766483942023,242679,destination
DFW,0.6380439405690354,0.0012471676215827232,hypergraph,0.3796750390801621,0.001380224053439516,220823,destination
DSM,0.591105792019211,0.002056493178130392,hypergraph,0.35542819081778654,0.0005926928727377212,13628,destination
DTW,0.49756591528943084,0.0006651370033758375,hypergraph,0.29825575681539096,0.0004442575773113133,108627,destination
ELP,0.5327027460211728,0.0029673819068704033,hypergraph,0.326945779842195,0.002030992720429947,16785,destination
EWR,0.6211280409565428,-0.0001200858097948343,hypergraph,0.37974914517896197,0.002017939792333112,113538,destination
FAT,0.49167832636909253,0.0008655888580756943,hypergraph,0.29973508943652566,0.0009609447295453322,13202,destination
FLL,0.5620574963978828,0.0011017525530513383,hypergraph,0.3457896243264899,0.0008148296911767994,81681,destination
GEG,0.49812755937806813,0.00043906173020558104,hypergraph,0.30855731725029983,0.0007476519320201991,17909,destination
GRR,0.5676908462200577,-0.0004870523715335695,hypergraph,0.3491666130452704,0.00012061588394057798,16756,destination
GSO,0.5977150181306157,5.409707713088796e-05,hypergraph,0.3568771368446797,0.0007200198526217116,10168,destination
GSP,0.5934012080588331,0.0009595280029247588,hypergraph,0.3614910741290841,0.0010343153284071427,13717,destination
HNL,0.45731668086472027,0.0008297153741286256,hypergraph,0.26701879761902514,0.0005764328792932094,51167,destination
HOU,0.5058681448963824,0.0018956767251295803,hypergraph,0.305259576135317,0.0008684330860705414,50457,destination
HPN,0.6053712676889033,-0.002272419993867514,hypergraph,0.3689953935588298,-0.00020686266179797963,10331,destination
IAD,0.4808405230043606,-0.0010318104740444922,hypergraph,0.2875465836762398,-0.0004942900368636316,54557,destination
IAH,0.5219738079299118,0.0016407959820968765,hypergraph,0.31277784297226735,0.000512139998766592,107870,destination
ICT,0.6008991158174104,0.000896930230687043,hypergraph,0.3663883834743446,0.00024267316211640244,10762,destination
IND,0.5523927824833058,0.00014150105487198417,hypergraph,0.33551257736562257,0.00039675012915396657,45475,destination
JAX,0.5818948901745881,0.0010209746598101033,hypergraph,0.3566798774052779,0.0010202661431846782,27680,destination
JFK,0.5617373269150825,0.0017520990858179708,hypergraph,0.3368659017109901,0.0015649592651295618,100285,destination
KOA,0.41102263912572046,-0.001148603419161287,hypergraph,0.23393831365251666,-0.00013383290776691759,15564,destination
LAS,0.5048599790779371,0.0007956828672112115,hypergraph,0.3099581907121468,0.0006112716258156459,173350,destination
LAX,0.47622581800577696,0.00016805543910514142,hypergraph,0.28708892990215473,0.00034730672203014956,179186,destination
LGA,0.6245406302220793,0.0014293289175221213,hypergraph,0.37724550596911777,0.0012566845782593372,129044,destination
LGB,0.44635701328709804,0.0005985361765087904,hypergraph,0.26722212150176883,0.000498557622009177,16524,destination
LIH,0.4030051068703728,0.000457288954645807,hypergraph,0.22543972824582623,0.000351789788341772,15453,destination
LIT,0.5872119188554373,0.0016990179792740756,hypergraph,0.35315953673829376,0.0015778444873629782,12514,destination
MAF,0.5544783278517017,0.002397462776801418,hypergraph,0.33656520519334293,0.0012889160698461577,9750,destination
MCI,0.5475873148572667,0.00017779880118418134,hypergraph,0.33525501242828376,0.0005613355184305724,47193,destination
MCO,0.5417796855562252,0.0004682678678363805,hypergraph,0.33368418170800557,0.00027431031226266,150336,destination
MDW,0.497938389565587,0.0007487028217606495,hypergraph,0.2981672502713256,0.0006611233946838269,71436,destination
MEM,0.5790492090230491,0.00047805516550059046,hypergraph,0.35446565399485497,0.0005610498072121106,23521,destination
MIA,0.5536908952861583,0.0008135032296155975,hypergraph,0.3390727960874711,0.0005861832645758791,104647,destination
MKE,0.5649420347474255,-1.4479764206987156e-05,hypergraph,0.3466364000148324,0.00023360162583102584,27335,destination
MSN,0.591534431247353,2.970113308931044e-05,hypergraph,0.3643675603963974,0.00014470366691926584,12642,destination
MSP,0.4842884679111456,-0.00037006900560404565,hypergraph,0.2932036189530048,-4.2831536800236325e-05,91502,destination
MSY,0.561996102058737,0.001883437870222049,hypergraph,0.3394039777912512,0.0003988767127897641,50463,destination
MYR,0.5811617078317519,0.00018162676946897882,hypergraph,0.3491830035887046,7.437599453397059e-05,12921,destination
OAK,0.46461273064397585,0.001290920797070716,hypergraph,0.27966058732912424,0.0011053254242937016,33309,destination
OGG,0.3878834320498494,0.0004874482364536914,hypergraph,0.2152918021965831,0.0002987008079092801,24835,destination
OKC,0.5633730811675374,0.0010356848396663176,hypergraph,0.3460303002116204,0.0009242961975481356,23744,destination
OMA,0.5414506138523237,0.0013109799703536762,hypergraph,0.3335628994635454,0.0008310113383251383,23837,destination
ONT,0.5110877025819452,0.001985698018006188,hypergraph,0.31404391949193816,0.0014423869717106186,25851,destination
ORD,0.5722039398187123,-0.0022539056562785875,hypergraph,0.34979579926530646,-0.0012392174355128627,257904,destination
ORF,0.5979309654370222,-0.001550549278044322,hypergraph,0.3648582855881171,0.0003571409998374131,19570,destination
PBI,0.6109996142763041,0.0020848887012659967,hypergraph,0.3824730796014935,0.0014016542694205159,28375,destination
PDX,0.4826656314444418,0.00029400487767927697,hypergraph,0.2919505297594048,0.0002229354842915865,58959,destination
PHL,0.5824293779762986,0.0002161124109086865,hypergraph,0.3522683000283311,0.0005535423492756819,92543,destination
PHX,0.504400548497595,0.0005907310399101418,hypergraph,0.305795265774221,0.000379122673731358,175773,destination
PIT,0.5451012424849483,0.0002957047658093126,hypergraph,0.3328926239435854,0.0005208670676283833,41573,destination
PNS,0.5906984235767281,0.0019890142083756057,hypergraph,0.3520648516454297,0.0006368591320956019,13714,destination
PSP,0.4867913480443947,0.001292109856986523,hypergraph,0.29640793314296693,0.000930112564834773,14532,destination
PVD,0.5760182652972395,0.00015257459533457585,hypergraph,0.35545876402995563,0.000418812226673837,15168,destination
PWM,0.5669162908296003,-0.0007517629234927714,hypergraph,0.3437807050521517,5.1899680647227164e-05,10653,destination
RDU,0.5530578537018963,0.0002542504803294543,hypergraph,0.3369758248003192,0.0002547029186542593,54761,destination
RIC,0.585257754177231,0.0005376115467256026,hypergraph,0.3585670353122195,0.00030337322827994617,17536,destination
RNO,0.5062340734430963,0.001026597768242321,hypergraph,0.3059523032002005,0.0011494410099813224,20609,destination
ROC,0.5973257583539594,-0.0003759374796172832,hypergraph,0.36669147154392184,0.0006066864848864317,9899,destination
RSW,0.5426634271626067,0.0016855512588583865,hypergraph,0.3310714639817658,0.0007504882846822714,33874,destination
SAN,0.5651398049126463,0.0015622479893513397,hypergraph,0.35172540949122166,0.0010393504809526055,92512,destination
SAT,0.5351077728275991,0.0013617041311524414,hypergraph,0.32883341393277005,0.0008421801304737686,41298,destination
SAV,0.5933361014319402,0.0008632610729863988,hypergraph,0.356905497767339,0.0006473317182049132,18664,destination
SDF,0.569617301477333,0.0006706355356247418,hypergraph,0.34118328260261604,0.0004711946087710417,22204,destination
SEA,0.5276432877154762,0.000480853421348737,hypergraph,0.32226655417758643,-3.505514233442808e-05,145263,destination
SFO,0.5465434616879734,0.0004565057366360259,hypergraph,0.34214546335532586,0.0004979815882321659,130406,destination
SJC,0.460187194524581,0.0011338954973834081,hypergraph,0.2766165043235407,0.0007815319171923796,45157,destination
SJU,0.5786215011001278,0.0003431575283384669,hypergraph,0.3698520191805188,0.0002213547914879932,34294,destination
SLC,0.4381146892160894,2.6033499673894234e-05,hypergraph,0.26035175214856493,0.0001527720760672313,95412,destination
SMF,0.4742468449031356,0.0010615917737198388,hypergraph,0.28856432845667246,0.0006455270534896362,56588,destination
SNA,0.4922905433278014,0.0008394323265542014,hypergraph,0.2931055403575289,0.0004185978475207963,42928,destination
STL,0.5035239166268518,0.0011221242131870257,hypergraph,0.30281117912465005,0.0009511167644809526,62601,destination
SYR,0.622746180298805,-0.001043376083600056,hypergraph,0.3823777349672894,0.0003815140008810447,9778,destination
TPA,0.5492752718433298,0.0012807795959008939,hypergraph,0.33917588087717376,0.0005912199875207635,77024,destination
TUL,0.566945623858986,-2.6586351258517382e-05,hypergraph,0.3439553217584655,0.0006794316955937574,18010,destination
TUS,0.5038181487743448,0.0011322401105449131,hypergraph,0.3055489415098513,0.0009478595055150696,19910,destination
TYS,0.6276430022439088,0.0016989608118800348,hypergraph,0.38704512620066167,0.0016337645254342337,11415,destination
XNA,0.5816833872075843,-0.00042339621805975725,hypergraph,0.3492823349582503,0.00046121330303011687,12069,destination
ABQ,0.5050100196628983,2.5188517938090627e-11,global_simplex,0.30757508327278826,2.38893904658255e-11,24916,destination
ALB,0.5811464042851161,-5.411449066627938e-11,global_simplex,0.3582140838076225,-4.3146930472914846e-11,11957,destination
ANC,0.57479964725753,1.0232481528760218e-11,global_simplex,0.3658429333321704,1.0677236872425055e-11,12607,destination
ATL,0.506962719560514,6.2342353501776415e-12,global_simplex,0.2963195955171673,4.548139642679416e-12,266417,destination
AUS,0.5271700769018859,1.4081513732833173e-11,global_simplex,0.3264646571341548,1.26302857061944e-11,82354,destination
BDL,0.5515006672522841,-2.321731695786866e-11,global_simplex,0.3398020408239734,-1.77209358298569e-11,22812,destination
BHM,0.5689734028201574,1.0141443240740955e-11,global_simplex,0.342521315986912,1.1244727371462204e-11,16658,destination
BNA,0.5298691225861593,-1.5901058247891342e-11,global_simplex,0.3242934261296746,-1.3501366691315297e-11,99683,destination
BOI,0.4699684544779709,4.569677969357144e-12,global_simplex,0.2875270908038913,1.5590861934811073e-12,23137,destination
BOS,0.5807290187195872,-2.0246027077064355e-12,global_simplex,0.35915593601335716,-1.7744139491071564e-12,138635,destination
BUF,0.5963954458481848,3.3005154165266504e-11,global_simplex,0.36845308064795235,3.65829033732723e-11,20385,destination
BUR,0.515069397801857,3.746714050123501e-11,global_simplex,0.30793787195415134,1.8383627953255655e-11,29665,destination
BWI,0.5027254638741728,9.61120072417998e-13,global_simplex,0.2970677770219226,1.1181611192512264e-12,90266,destination
CHS,0.5884804558809571,1.84483539555913e-11,global_simplex,0.3535734729934514,2.1495027979767656e-12,24315,destination
CLE,0.5553454429041338,-2.0094703678807946e-11,global_simplex,0.33647706759106694,-1.6977197425660506e-11,39597,destination
CLT,0.5179552389501032,3.901656775440188e-12,global_simplex,0.3043239093664403,-4.14890344302421e-13,159104,destination
CMH,0.5529935596539746,-6.743272606968276e-12,global_simplex,0.3395118161618601,-6.865175095072118e-12,43628,destination
COS,0.5761072790525062,5.863842744702197e-11,global_simplex,0.35611829057031225,4.55347426431274e-11,13045,destination
CVG,0.5803390416806339,-2.974276380740548e-11,global_simplex,0.3568584799497427,-2.5673130288339507e-11,30871,destination
DAL,0.5221281971795058,2.2119417408816844e-11,global_simplex,0.3108555854478052,1.730565690749586e-11,65689,destination
DAY,0.6179438049730781,-4.6247561336087983e-11,global_simplex,0.3771275773765544,-2.7282398562533672e-11,7586,destination
DCA,0.669621528202002,-2.5605073616929985e-12,global_simplex,0.4041388492599023,-3.5056402225563943e-12,126909,destination
DEN,0.5221896146150127,-3.5063063563711694e-12,global_simplex,0.3247824723449413,-4.805711384392453e-12,242679,destination
DFW,0.636796772941271,-6.181610778810409e-12,global_simplex,0.3782948150189939,-7.728651052474333e-12,220823,destination
DSM,0.5890492988331497,-7.930878176409806e-12,global_simplex,0.35483549793865354,-6.3952731998995205e-12,13628,destination
DTW,0.49690077829259227,6.537270724749078e-12,global_simplex,0.2978114992437082,5.628553179093387e-12,108627,destination
ELP,0.529735364114457,1.545430450278218e-13,global_simplex,0.32491478712223826,4.73232564246473e-13,16785,destination
EWR,0.621248126762027,-4.310662937712095e-12,global_simplex,0.3777312053799809,-6.647959960304206e-12,113538,destination
FAT,0.49081273745793014,-5.308670170123264e-11,global_simplex,0.29877414465647645,-5.050387885674468e-11,13202,destination
FLL,0.5609557438522941,7.462586104622915e-12,global_simplex,0.3449747946374646,2.151501199421091e-12,81681,destination
GEG,0.49768849762775386,-2.0108692488918223e-11,global_simplex,0.30780966530263404,-1.5645595929925094e-11,17909,destination
GRR,0.568177898610779,1.9187762489991655e-11,global_simplex,0.349045997170723,9.3931529221436e-12,16756,destination
GSO,0.5976609210534214,-6.339373470609644e-14,global_simplex,0.3561571169993002,7.242206834234821e-12,10168,destination
GSP,0.5924416800906251,3.471678500233111e-11,global_simplex,0.36045675882462164,2.3944679572451832e-11,13717,destination
HNL,0.4564869654742539,-1.6337764474627647e-11,global_simplex,0.26644236472531757,-1.4414358595615795e-11,51167,destination
HOU,0.5039724681512731,-1.9979795595759242e-11,global_simplex,0.30439114302847164,-2.0774826303693317e-11,50457,destination
HPN,0.6076436876573355,-2.54353205164648e-11,global_simplex,0.3692022562119057,-8.722078614908924e-12,10331,destination
IAD,0.48187233350099634,2.2591262194282535e-11,global_simplex,0.2880408737346125,2.1509072301029164e-11,54557,destination
IAH,0.5203330119370526,-1.0762279956111342e-11,global_simplex,0.3122657029680195,-5.48128209487686e-12,107870,destination
ICT,0.6000021856041579,1.7434498289503608e-11,global_simplex,0.3661457103267939,1.4565681993872204e-11,10762,destination
IND,0.5522512814340881,5.65425484211346e-12,global_simplex,0.33511582724971467,1.3246070906802743e-11,45475,destination
JAX,0.5808739154999744,-1.4803602788049375e-11,global_simplex,0.35565961125131496,-1.0778267167665945e-11,27680,destination
JFK,0.5599852278215303,-7.73425767874869e-12,global_simplex,0.3353009424376667,-8.193834499792274e-12,100285,destination
KOA,0.4121712425303529,-1.4528822589454649e-11,global_simplex,0.23407214655895406,-1.3295198275642406e-12,15564,destination
LAS,0.5040642962055703,-5.155653681754302e-12,global_simplex,0.3093469190821509,-4.180267243469871e-12,173350,destination
LAX,0.4760577625631629,-3.5089153804790385e-12,global_simplex,0.28674162317652774,-3.596845044029351e-12,179186,destination
LGA,0.6231113012916049,-1.2952305894486926e-11,global_simplex,0.375988821382343,-8.51541059887495e-12,129044,destination
LGB,0.44575847712370686,1.3117618102853612e-11,global_simplex,0.2667235638897,9.940326339830108e-12,16524,destination
LIH,0.40254781791248995,-3.2370217617483377e-12,global_simplex,0.22508793845498548,-2.4989732505531492e-12,15453,destination
LIT,0.5855129008400364,-3.612687926590752e-11,global_simplex,0.3515816922186452,-3.228556311185571e-11,12514,destination
MAF,0.5520808650361952,-3.870503917369206e-11,global_simplex,0.3352762890918648,-3.163197481725888e-11,9750,destination
MCI,0.5474095160234127,-3.2669866811829706e-11,global_simplex,0.33469367689239254,-1.746064404173353e-11,47193,destination
MCO,0.5413114176949211,6.5322192099870335e-12,global_simplex,0.33340987140023104,4.4881320881984266e-12,150336,destination
MDW,0.4971896867504809,6.654565787300726e-12,global_simplex,0.29750612688253614,5.89434057118865e-12,71436,destination
MEM,0.5785711538730305,1.5481949056095345e-11,global_simplex,0.3539046042008327,1.3189838110605479e-11,23521,destination
MIA,0.5528773920691883,1.2645551272782996e-11,global_simplex,0.3384866128327462,9.851008897499014e-12,104647,destination
MKE,0.5649565145160071,4.374611783930504e-12,global_simplex,0.3464027983902645,1.2631007351160406e-12,27335,destination
MSN,0.5915047301596139,4.535016806528347e-11,global_simplex,0.364222856758352,2.8873847757182602e-11,12642,destination
MSP,0.48465853691365357,-3.096078948772174e-12,global_simplex,0.2932464504840753,-5.729694496636739e-12,91502,destination
MSY,0.560112664185588,-2.9268809598193e-12,global_simplex,0.3390051010823299,3.8684611070038954e-12,50463,destination
MYR,0.5809800810818214,1.9538481943470742e-11,global_simplex,0.34910862760352923,9.358624986077757e-12,12921,destination
OAK,0.46332180984051224,-6.392886220396576e-12,global_simplex,0.2785552619030147,-1.8158252679256748e-12,33309,destination
OGG,0.3873959838174769,4.081235349673307e-12,global_simplex,0.2149931013889239,2.5010549187243214e-13,24835,destination
OKC,0.5623373963282732,4.021227795192317e-13,global_simplex,0.3451060040196045,5.532241331707155e-12,23744,destination
OMA,0.5401396338505418,-3.1428304403391394e-11,global_simplex,0.33273188809725895,-2.7961299942091955e-11,23837,destination
ONT,0.5091020045821024,1.8163359705170024e-11,global_simplex,0.31260153251418754,-6.04000183201947e-12,25851,destination
ORD,0.5744578454836652,8.67428351369881e-12,global_simplex,0.3510350167084319,7.612577235249773e-12,257904,destination
ORF,0.5994815146989168,-1.6149748205407377e-11,global_simplex,0.3645011445871067,-1.1730061366677091e-12,19570,destination
PBI,0.6089147255777244,2.6862956303830288e-12,global_simplex,0.3810714253440857,1.2012724148746656e-11,28375,destination
PDX,0.4823716265619791,-4.783395901597487e-12,global_simplex,0.29172759427085204,-4.261146990813813e-12,58959,destination
PHL,0.582213265564279,-1.1108891584399316e-12,global_simplex,0.35171475768176014,2.7047253325918064e-12,92543,destination
PHX,0.5038098174621619,4.477085369103406e-12,global_simplex,0.305416143101197,7.073786001399185e-13,175773,destination
PIT,0.5448055377357087,1.6569745575623074e-11,global_simplex,0.33237175688959963,1.3642642571198849e-11,41573,destination
PNS,0.5887094093747564,6.4038774283403654e-12,global_simplex,0.3514279925191498,5.8156812698939575e-12,13714,destination
PSP,0.4854992381868499,-5.5827564793276e-13,global_simplex,0.2954778205742004,-3.931743819407529e-12,14532,destination
PVD,0.5758656907370918,3.51868534309574e-11,global_simplex,0.35503995184658077,4.329897551613726e-11,15168,destination
PWM,0.5676680537353187,-1.777433755734137e-11,global_simplex,0.34372880535242084,-1.9083623570281816e-11,10653,destination
RDU,0.5528036032344561,1.2889245226688217e-11,global_simplex,0.3367211218971609,1.5495993377356854e-11,54761,destination
RIC,0.5847201426991768,6.867140189825705e-11,global_simplex,0.3582636621422619,5.832234695191119e-11,17536,destination
RNO,0.5052074757083082,3.345412835642492e-11,global_simplex,0.30480286222334346,3.312428109580878e-11,20609,destination
ROC,0.5977016957829939,-5.0582760202644295e-11,global_simplex,0.3660847850180199,-4.101552431023947e-11,9899,destination
RSW,0.5409778758951828,-8.565592679588008e-12,global_simplex,0.33032097568748736,-9.59615720219631e-12,33874,destination
SAN,0.5635775569416864,1.8391510536730493e-11,global_simplex,0.35068605902749544,1.7226386983537623e-11,92512,destination
SAT,0.533746068676282,-2.016464772935933e-11,global_simplex,0.32799123378705836,-1.5237922035282736e-11,41298,destination
SAV,0.5924728403405906,-1.8363199849602552e-11,global_simplex,0.35625816602808014,-2.105393637208408e-11,18664,destination
SDF,0.5689466659500374,8.32911517534285e-12,global_simplex,0.3407120879971127,3.2677194283792232e-12,22204,destination
SEA,0.5271624342912912,-2.8362867610098874e-12,global_simplex,0.32230160931526014,-4.660716257376407e-12,145263,destination
SFO,0.5460869559358172,-1.552014072814245e-11,global_simplex,0.34164748175216153,-1.4932166614300968e-11,130406,destination
SJC,0.4590532990221886,-5.008993220201319e-12,global_simplex,0.27583497240022287,-6.125433493764376e-12,45157,destination
SJU,0.5782783435947478,2.2958523970828537e-11,global_simplex,0.3696306644158296,2.6798785413006954e-11,34294,destination
SLC,0.4380886557273609,1.094535573287203e-11,global_simplex,0.2601989800793052,6.807499008942841e-12,95412,destination
SMF,0.4731852531350091,5.593303598061539e-12,global_simplex,0.2879188014029765,-2.0633494912658534e-13,56588,destination
SNA,0.49145111099666183,-4.58538762515559e-12,global_simplex,0.29268694250517974,-4.828359934094806e-12,42928,destination
STL,0.5024017924227874,9.122591571042449e-12,global_simplex,0.3018600623725663,1.2397194382174348e-11,62601,destination
SYR,0.6237895564586712,7.626610454281035e-11,global_simplex,0.3819962210202203,5.3811954892069025e-11,9778,destination
TPA,0.5479944922520125,4.583555757164959e-12,global_simplex,0.3385846608922233,2.5702773243097e-12,77024,destination
TUL,0.5669722102125042,2.2597479443220436e-12,global_simplex,0.3432758900687363,5.864586594128696e-12,18010,destination
TUS,0.502685908643154,-2.0645929410534336e-11,global_simplex,0.30460108199021463,-1.4121592784022141e-11,19910,destination
TYS,0.6259440414630808,3.105204982034593e-11,global_simplex,0.3854113617076762,3.2448765896475606e-11,11415,destination
XNA,0.5821067834085559,-1.708810870582056e-11,global_simplex,0.34882112163368445,-2.1535717653620168e-11,12069,destination
ABQ,0.5050223047225507,1.2285084840968352e-05,capacity_gated_simplex,0.30758811893867355,1.3035689774676396e-05,24916,destination
ALB,0.5810940083079255,-5.239603130513526e-05,capacity_gated_simplex,0.35822091013676965,6.826286000238824e-06,11957,destination
ANC,0.5748111286096457,1.1481362348186863e-05,capacity_gated_simplex,0.3658439005526809,9.672311877539919e-07,12607,destination
ATL,0.5069540864067249,-8.63314755483735e-06,capacity_gated_simplex,0.29632039654315717,8.010305380112825e-07,266417,destination
AUS,0.527169498699359,-5.781884453437414e-07,capacity_gated_simplex,0.32646611008567933,1.452964154824432e-06,82354,destination
BDL,0.5514716165484814,-2.9050727019974687e-05,capacity_gated_simplex,0.33980089882289843,-1.1420187959187977e-06,22812,destination
BHM,0.5689266966763342,-4.6706133681739814e-05,capacity_gated_simplex,0.34252260480481556,1.2888291482937575e-06,16658,destination
BNA,0.529859089524112,-1.0033077948334856e-05,capacity_gated_simplex,0.32429063118669316,-2.7949564828100293e-06,99683,destination
BOI,0.46997250934306795,4.054869666703098e-06,capacity_gated_simplex,0.28754279339481315,1.5702592480904e-05,23137,destination
BOS,0.5807161880754628,-1.283064614898688e-05,capacity_gated_simplex,0.3591520875457498,-3.848469381784181e-06,138635,destination
BUF,0.5963628666464034,-3.257916877630329e-05,capacity_gated_simplex,0.3684504868158678,-2.5937955016597236e-06,20385,destination
BUR,0.5150819178946678,1.2520130277970942e-05,capacity_gated_simplex,0.3079481502742965,1.0278338528790787e-05,29665,destination
BWI,0.5027028519489667,-2.2611924245019566e-05,capacity_gated_simplex,0.29706481145999075,-2.965560813694701e-06,90266,destination
CHS,0.5884461602351932,-3.429562731549485e-05,capacity_gated_simplex,0.3535739506716309,4.776803290140741e-07,24315,destination
CLE,0.5553301339498806,-1.5308974347871818e-05,capacity_gated_simplex,0.3364735463344823,-3.521273561846172e-06,39597,destination
CLT,0.5179358074816032,-1.943146459837397e-05,capacity_gated_simplex,0.3043207004009801,-3.2089658751344174e-06,159104,destination
CMH,0.5529767710333165,-1.6788627401287393e-05,capacity_gated_simplex,0.33950899201718415,-2.8241515411253637e-06,43628,destination
COS,0.5761096353824003,2.3563885325206257e-06,capacity_gated_simplex,0.356129506513614,1.1215988836521529e-05,13045,destination
CVG,0.5803236210675844,-1.542064279225208e-05,capacity_gated_simplex,0.3568542980036174,-4.18197179841151e-06,30871,destination
DAL,0.522121581636105,-6.615521281339021e-06,capacity_gated_simplex,0.31086028960101475,4.704170515179573e-06,65689,destination
DAY,0.6177034326739778,-0.00024037234534790564,capacity_gated_simplex,0.37709172405925706,-3.585334457972822e-05,7586,destination
DCA,0.6695345335570636,-8.699464749895025e-05,capacity_gated_simplex,0.40413038272677393,-8.466536633999766e-06,126909,destination
DEN,0.5221836331640947,-5.981454424319743e-06,capacity_gated_simplex,0.3247839267169182,1.454367171194182e-06,242679,destination
DFW,0.6367617267654965,-3.504618195615539e-05,capacity_gated_simplex,0.3782932903053365,-1.524721386092498e-06,220823,destination
DSM,0.5889475160593334,-0.00010178278174721722,capacity_gated_simplex,0.3548259766792175,-9.521265831313741e-06,13628,destination
DTW,0.4968817165191411,-1.906176691390815e-05,capacity_gated_simplex,0.2978108617305319,-6.375075477516035e-07,108627,destination
ELP,0.5297436940788717,8.329964569231407e-06,capacity_gated_simplex,0.3249341192586844,1.9332136919347764e-05,16785,destination
EWR,0.6212200315231937,-2.8095243143955173e-05,capacity_gated_simplex,0.3777268948808274,-4.310505801463638e-06,113538,destination
FAT,0.490844369756328,3.163224531116393e-05,capacity_gated_simplex,0.2988128365694818,3.8691862501494256e-05,13202,destination
FLL,0.5609448628728024,-1.0880972029059244e-05,capacity_gated_simplex,0.3449834605974065,8.665962093368229e-06,81681,destination
GEG,0.4976698993832135,-1.8598264649061225e-05,capacity_gated_simplex,0.30781179025983785,2.124941558212523e-06,17909,destination
GRR,0.5681004514786344,-7.744711295687434e-05,capacity_gated_simplex,0.3490378441450981,-8.15301623174891e-06,16756,destination
GSO,0.5975953606996586,-6.556035382621062e-05,capacity_gated_simplex,0.35614609502426786,-1.1021967790125764e-05,10168,destination
GSP,0.5923699571126146,-7.17229432937172e-05,capacity_gated_simplex,0.3604606830719471,3.9242712701614835e-06,13717,destination
HNL,0.4564667894593091,-2.0176031282570506e-05,capacity_gated_simplex,0.2664430668799883,7.021402563811563e-07,51167,destination
HOU,0.5039878016144577,1.5333443204812447e-05,capacity_gated_simplex,0.30439429252694494,3.1494776984719586e-06,50457,destination
HPN,0.6074964667993129,-0.00014722088345786588,capacity_gated_simplex,0.3692092129473208,6.9567266929859706e-06,10331,destination
IAD,0.48182475956608223,-4.757391232285135e-05,capacity_gated_simplex,0.28802985224910255,-1.102146400089321e-05,54557,destination
IAH,0.5203181522170278,-1.4859730787075698e-05,capacity_gated_simplex,0.3122597900279965,-5.912945504282785e-06,107870,destination
ICT,0.6000352377555658,3.3052168842417906e-05,capacity_gated_simplex,0.3661652965148695,1.9586202641308503e-05,10762,destination
IND,0.5522505937434182,-6.876850155990155e-07,capacity_gated_simplex,0.33511542485158546,-4.023848831358201e-07,45475,destination
JAX,0.5808522953847547,-2.16201300232699e-05,capacity_gated_simplex,0.3556604269547504,8.156926571967205e-07,27680,destination
JFK,0.5599730319562836,-1.2195872980957922e-05,capacity_gated_simplex,0.3353003125666581,-6.298792024628241e-07,100285,destination
KOA,0.41215236892346174,-1.8873621420001374e-05,capacity_gated_simplex,0.2340672969835368,-4.849576746790429e-06,15564,destination
LAS,0.5040689887360766,4.692525350735721e-06,capacity_gated_simplex,0.3093495844882844,2.6654019532612594e-06,173350,destination
LAX,0.47605594012377717,-1.822442894650056e-06,capacity_gated_simplex,0.28674122559808946,-3.9758203512763046e-07,179186,destination
LGA,0.6231030350897064,-8.266214850727316e-06,capacity_gated_simplex,0.3759893823653378,5.609744793688698e-07,129044,destination
LGB,0.44575002096340866,-8.456147180591067e-06,capacity_gated_simplex,0.26672295024081405,-6.136389456012914e-07,16524,destination
LIH,0.4025316957174478,-1.6122198279178157e-05,capacity_gated_simplex,0.22509054181208168,2.6033545972303784e-06,15453,destination
LIT,0.5854222901700173,-9.061070614591049e-05,capacity_gated_simplex,0.35159062378205497,8.931531124189984e-06,12514,destination
MAF,0.5520186596331808,-6.220544171953168e-05,capacity_gated_simplex,0.33528751558160524,1.1226458108470894e-05,9750,destination
MCI,0.5473941322946079,-1.5383761474696556e-05,capacity_gated_simplex,0.3346904788408651,-3.1980689880750646e-06,47193,destination
MCO,0.5413022832672113,-9.134421177559027e-06,capacity_gated_simplex,0.3334063255519531,-3.5458437898094886e-06,150336,destination
MDW,0.4971758032464219,-1.3883497404443279e-05,capacity_gated_simplex,0.29750588059122174,-2.4628542005800114e-07,71436,destination
MEM,0.5785316281504793,-3.9525707069221205e-05,capacity_gated_simplex,0.3539008452661773,-3.7589214655353587e-06,23521,destination
MIA,0.5528727348214341,-4.657235108673774e-06,capacity_gated_simplex,0.33848693973062316,3.2690772794330414e-07,104647,destination
MKE,0.5649444708847272,-1.2043626905322569e-05,capacity_gated_simplex,0.34640159918644015,-1.1992025612528323e-06,27335,destination
MSN,0.5914094755369101,-9.525457735359844e-05,capacity_gated_simplex,0.3642057926977017,-1.7064031776425903e-05,12642,destination
MSP,0.48463489735920534,-2.3639557544308243e-05,capacity_gated_simplex,0.2932426336869532,-3.816802851830392e-06,91502,destination
MSY,0.560106345340209,-6.318848305930658e-06,capacity_gated_simplex,0.33900078715663357,-4.313921827869827e-06,50463,destination
MYR,0.580945182845702,-3.48982165809808e-05,capacity_gated_simplex,0.3491106485658238,2.020971653193815e-06,12921,destination
OAK,0.46332285179489424,1.0419479891110583e-06,capacity_gated_simplex,0.27855833134314684,3.0694383162943595e-06,33309,destination
OGG,0.38740946081746497,1.3477004069284426e-05,capacity_gated_simplex,0.2149964628085602,3.3614198863829436e-06,24835,destination
OKC,0.5623377026530351,3.063251640122999e-07,capacity_gated_simplex,0.3451111471479069,5.143133834650815e-06,23744,destination
OMA,0.5401286661651716,-1.0967716798426785e-05,capacity_gated_simplex,0.33274407117404514,1.2183048824887521e-05,23837,destination
ONT,0.5090999079002266,-2.0966637124253396e-06,capacity_gated_simplex,0.31260745130043494,5.918780207392338e-06,25851,destination
ORD,0.5744063714482178,-5.147402677307955e-05,capacity_gated_simplex,0.3510230575381343,-1.1959162685037938e-05,257904,destination
ORF,0.5994036266497585,-7.788806530795167e-05,capacity_gated_simplex,0.36450198528904415,8.40700764448421e-07,19570,destination
PBI,0.608915547895679,8.223206409141426e-07,capacity_gated_simplex,0.3810787562375898,7.330905516800268e-06,28375,destination
PDX,0.4823641311247912,-7.495441971316907e-06,capacity_gated_simplex,0.29172781191485114,2.1763973795385638e-07,58959,destination
PHL,0.5821821733819167,-3.1092183473191426e-05,capacity_gated_simplex,0.35171300326245786,-1.7544165975547088e-06,92543,destination
PHX,0.503807792016875,-2.0254408098496768e-06,capacity_gated_simplex,0.30541512921073477,-1.0138897548750414e-06,175773,destination
PIT,0.5448051866903746,-3.510287643893051e-07,capacity_gated_simplex,0.3323713111672715,-4.457086855147452e-07,41573,destination
PNS,0.5886967059514714,-1.2703416881088003e-05,capacity_gated_simplex,0.3514279954403249,2.9269907608764356e-09,13714,destination
PSP,0.48550382242501344,4.584237605242958e-06,capacity_gated_simplex,0.29548772935024087,9.908772108713215e-06,14532,destination
PVD,0.5757311427875005,-0.00013454791440448144,capacity_gated_simplex,0.3550176369960676,-2.2314807214207644e-05,15168,destination
PWM,0.5675333411592731,-0.00013471259381991896,capacity_gated_simplex,0.34371135383637025,-1.7451535134216378e-05,10653,destination
RDU,0.5527923021361697,-1.130108539715291e-05,capacity_gated_simplex,0.3367166547171591,-4.467164505805865e-06,54761,destination
RIC,0.5846021707231174,-0.00011797190738804808,capacity_gated_simplex,0.3582505736679856,-1.3088415953987909e-05,17536,destination
RNO,0.5052037629716454,-3.712703208647028e-06,capacity_gated_simplex,0.30480750837601933,4.646185800150082e-06,20609,destination
ROC,0.5975569168551452,-0.00014477897843145904,capacity_gated_simplex,0.36609296548089654,8.180421861125886e-06,9899,destination
RSW,0.5409657495441803,-1.2126359568043199e-05,capacity_gated_simplex,0.3303185763630769,-2.39933400664194e-06,33874,destination
SAN,0.5635781640569759,6.071336809965189e-07,capacity_gated_simplex,0.3506885466225157,2.487612246637738e-06,92512,destination
SAT,0.5337424748712197,-3.593825226966274e-06,capacity_gated_simplex,0.32798855461903204,-2.679183264242546e-06,41298,destination
SAV,0.592475972842298,3.132483344270298e-06,capacity_gated_simplex,0.35626192082814745,3.754779013376286e-06,18664,destination
SDF,0.5689356976935174,-1.0968248190912355e-05,capacity_gated_simplex,0.34071310900532875,1.0210114837483353e-06,22204,destination
SEA,0.527156728070481,-5.706223646484432e-06,capacity_gated_simplex,0.3222998003396031,-1.8089803177634423e-06,145263,destination
SFO,0.5460833454598798,-3.610491457584075e-06,capacity_gated_simplex,0.341648636808188,1.155041094325071e-06,130406,destination
SJC,0.4590542818634507,9.828362531050239e-07,capacity_gated_simplex,0.27583624740070317,1.2749943548717724e-06,45157,destination
SJU,0.5782611438920198,-1.719967976954173e-05,capacity_gated_simplex,0.3696331004378562,2.4360488253827306e-06,34294,destination
SLC,0.43807505484489473,-1.3600871520802471e-05,capacity_gated_simplex,0.2601963226442335,-2.6574282642188862e-06,95412,destination
SMF,0.47318464976617197,-6.033632438118275e-07,capacity_gated_simplex,0.28792124897635574,2.4475731729145522e-06,56588,destination
SNA,0.49144709421129085,-4.0167899563736675e-06,capacity_gated_simplex,0.2926870948755334,1.523655253077294e-07,42928,destination
STL,0.5024062969694639,4.504555799145216e-06,capacity_gated_simplex,0.3018717306818909,1.1668321721780561e-05,62601,destination
SYR,0.6237329152746798,-5.664110772529707e-05,capacity_gated_simplex,0.3819833330847805,-1.2887881627843267e-05,9778,destination
TPA,0.5479883429267911,-6.149320637804934e-06,capacity_gated_simplex,0.338583576804462,-1.084085191005446e-06,77024,destination
TUL,0.5669077623604686,-6.44478497758838e-05,capacity_gated_simplex,0.3432837203725169,7.83030964518483e-06,18010,destination
TUS,0.502688996294473,3.0876306730265313e-06,capacity_gated_simplex,0.30461342847069717,1.2346466360946273e-05,19910,destination
TYS,0.6259277910370044,-1.6250395024397513e-05,capacity_gated_simplex,0.38543320027641476,2.1838601187318396e-05,11415,destination
XNA,0.581998970769373,-0.00010781265627102243,capacity_gated_simplex,0.3488162245834238,-4.89707179635035e-06,12069,destination
