airport,joint_log_loss,joint_log_loss_delta_vs_flare24,method,multiclass_brier,multiclass_brier_delta_vs_flare24,n,role
ABQ,0.4547391485759835,0.0,flare24,0.2659949173690749,0.0,24880,origin
ALB,0.541450832230202,0.0,flare24,0.3222984582808111,0.0,11939,origin
ANC,0.471305431029489,0.0,flare24,0.2777806669360271,0.0,12629,origin
ATL,0.5689937035841213,0.0,flare24,0.34801442437158026,0.0,266525,origin
AUS,0.5248681937482254,0.0,flare24,0.32264224045578616,0.0,82370,origin
BDL,0.5266984560190713,0.0,flare24,0.31728859813061694,0.0,22764,origin
BHM,0.5213088651089082,0.0,flare24,0.30464198125246794,0.0,16638,origin
BNA,0.5317166176376346,0.0,flare24,0.3248059993925378,0.0,99747,origin
BOI,0.42327072064309584,0.0,flare24,0.25163568585941315,0.0,23112,origin
BOS,0.5624038262771728,0.0,flare24,0.3435720568009672,0.0,138336,origin
BUF,0.5395307247617599,0.0,flare24,0.3227528180218682,0.0,20374,origin
BUR,0.4838082725737332,0.0,flare24,0.27898613835526426,0.0,29719,origin
BWI,0.5326638890471528,0.0,flare24,0.3219904269132631,0.0,90284,origin
CHS,0.5556672876002355,0.0,flare24,0.32667146793006474,0.0,24294,origin
CLE,0.5218569340266922,0.0,flare24,0.3088654322168313,0.0,39356,origin
CLT,0.5774936511455094,0.0,flare24,0.3539407900400347,0.0,158932,origin
CMH,0.513881216776915,0.0,flare24,0.3071722388428028,0.0,43587,origin
COS,0.5489520464219498,0.0,flare24,0.3318286939063941,0.0,13037,origin
CVG,0.5427690994430655,0.0,flare24,0.3268931812797868,0.0,30824,origin
DAL,0.5576852080957126,0.0,flare24,0.3402445748085432,0.0,65842,origin
DAY,0.5531692866625081,0.0,flare24,0.3229868400781443,0.0,7562,origin
DCA,0.6589368491263597,0.0,flare24,0.394162464100915,0.0,127289,origin
DEN,0.543582136911025,0.0,flare24,0.3432494709109842,0.0,243152,origin
DFW,0.6691422083084011,0.0,flare24,0.4093063299765661,0.0,221410,origin
DSM,0.5430514998276239,0.0,flare24,0.31823022346445573,0.0,13622,origin
DTW,0.5244095012350772,0.0,flare24,0.3198644831531802,0.0,108498,origin
ELP,0.47536331824781514,0.0,flare24,0.2786077623407923,0.0,16763,origin
EWR,0.6136315584439139,0.0,flare24,0.3696137050749509,0.0,113771,origin
FAT,0.4775796321228269,0.0,flare24,0.28601574123663137,0.0,13175,origin
FLL,0.5539263645684004,0.0,flare24,0.3402306430632451,0.0,81633,origin
GEG,0.427151412252974,0.0,flare24,0.2532232614470042,0.0,17884,origin
GRR,0.5431526828676023,0.0,flare24,0.32802477919644407,0.0,16731,origin
GSO,0.535649969240551,0.0,flare24,0.3049985592796159,0.0,10163,origin
GSP,0.5113681395772559,0.0,flare24,0.29613942077920996,0.0,13691,origin
HNL,0.432655145362015,0.0,flare24,0.24788051865582184,0.0,51232,origin
HOU,0.519095993072616,0.0,flare24,0.3143295317085838,0.0,50539,origin
HPN,0.5824049354166818,0.0,flare24,0.3446744739109619,0.0,10381,origin
IAD,0.5098765579816444,0.0,flare24,0.3101843041909997,0.0,54506,origin
IAH,0.545921558188833,0.0,flare24,0.333253220345704,0.0,107923,origin
ICT,0.5841715424647606,0.0,flare24,0.3476986349267584,0.0,10780,origin
IND,0.507265534457869,0.0,flare24,0.3003649659468296,0.0,45448,origin
JAX,0.5206420278236358,0.0,flare24,0.3057585610779898,0.0,27657,origin
JFK,0.5857958858058293,0.0,flare24,0.35683693771259556,0.0,100462,origin
KOA,0.4063333812057879,0.0,flare24,0.2232163255765569,0.0,15585,origin
LAS,0.5079750901522856,0.0,flare24,0.3110730968580762,0.0,173080,origin
LAX,0.4689016860233041,0.0,flare24,0.27992445693005386,0.0,178888,origin
LGA,0.630617954664279,0.0,flare24,0.3822700389919737,0.0,129295,origin
LGB,0.39818217923698906,0.0,flare24,0.22907641654319355,0.0,16513,origin
LIH,0.42749609105561287,0.0,flare24,0.2397257849519865,0.0,15466,origin
LIT,0.5610003181308105,0.0,flare24,0.33489169182962164,0.0,12520,origin
MAF,0.5047440626453433,0.0,flare24,0.29414418709214446,0.0,9750,origin
MCI,0.5244089559215455,0.0,flare24,0.3153959477090536,0.0,47217,origin
MCO,0.5395574390607691,0.0,flare24,0.3329011199387227,0.0,150588,origin
MDW,0.5230642382669278,0.0,flare24,0.31998152873120045,0.0,71497,origin
MEM,0.5273197435670853,0.0,flare24,0.3130702604534867,0.0,23500,origin
MIA,0.5856235011621921,0.0,flare24,0.3659705150044233,0.0,104569,origin
MKE,0.5272296374888354,0.0,flare24,0.3148383940623176,0.0,27310,origin
MSN,0.5332153532028651,0.0,flare24,0.3166181370733312,0.0,12612,origin
MSP,0.5013844453460171,0.0,flare24,0.3064898800137322,0.0,91402,origin
MSY,0.5489042597709803,0.0,flare24,0.32808512263910666,0.0,50424,origin
MYR,0.5581467813385593,0.0,flare24,0.3268540428931823,0.0,12929,origin
OAK,0.4429411760620028,0.0,flare24,0.26388415844482627,0.0,33273,origin
OGG,0.4292713799207625,0.0,flare24,0.24234552681527996,0.0,24858,origin
OKC,0.5271372170785775,0.0,flare24,0.31576635230631817,0.0,23776,origin
OMA,0.49563043289380593,0.0,flare24,0.29310353063554717,0.0,23836,origin
ONT,0.4569323270688507,0.0,flare24,0.2682762687914452,0.0,25833,origin
ORD,0.5818815622975493,0.0,flare24,0.35904125402067105,0.0,257943,origin
ORF,0.5610732829635092,0.0,flare24,0.3313159867185573,0.0,19573,origin
PBI,0.5712066011153233,0.0,flare24,0.3497879291222942,0.0,28349,origin
PDX,0.47632454931865914,0.0,flare24,0.2843333313423985,0.0,58871,origin
PHL,0.6067626565191887,0.0,flare24,0.3721822830653425,0.0,92497,origin
PHX,0.5019223558490893,0.0,flare24,0.3060362694923316,0.0,175652,origin
PIT,0.4940496552935511,0.0,flare24,0.29147148924717964,0.0,41531,origin
PNS,0.5485633237956008,0.0,flare24,0.3161851472603354,0.0,13723,origin
PSP,0.481098535146501,0.0,flare24,0.29138032562037086,0.0,14520,origin
PVD,0.5453741248894629,0.0,flare24,0.324949547593434,0.0,15164,origin
PWM,0.5526377802752377,0.0,flare24,0.32775150456538654,0.0,10630,origin
RDU,0.5264903167147137,0.0,flare24,0.3129808259291479,0.0,54711,origin
RIC,0.5520792823898417,0.0,flare24,0.3292918146375077,0.0,17525,origin
RNO,0.48625823720512823,0.0,flare24,0.2858139577736309,0.0,20662,origin
ROC,0.5642235097056145,0.0,flare24,0.3385994829700264,0.0,9914,origin
RSW,0.5158146150540829,0.0,flare24,0.30963696588066597,0.0,33899,origin
SAN,0.5368487596829172,0.0,flare24,0.3264659505786397,0.0,92521,origin
SAT,0.4768653204581201,0.0,flare24,0.28027508345833546,0.0,41253,origin
SAV,0.5539793560852211,0.0,flare24,0.3246695313962724,0.0,18659,origin
SDF,0.5239422080367908,0.0,flare24,0.30458642327882307,0.0,22203,origin
SEA,0.5345771276124484,0.0,flare24,0.3308885232307811,0.0,145024,origin
SFO,0.49754262871762917,0.0,flare24,0.3029534837549573,0.0,130201,origin
SJC,0.4334654276032315,0.0,flare24,0.2550945876549718,0.0,45114,origin
SJU,0.5295936135656099,0.0,flare24,0.32540760980598415,0.0,34352,origin
SLC,0.4570842477427758,0.0,flare24,0.2737914502085928,0.0,95416,origin
SMF,0.45178012083924995,0.0,flare24,0.26927320279256034,0.0,56514,origin
SNA,0.4901425011695279,0.0,flare24,0.2900671859570848,0.0,42958,origin
STL,0.5195461024873285,0.0,flare24,0.3141125731453776,0.0,62551,origin
SYR,0.5863346807059772,0.0,flare24,0.3503450954926907,0.0,9782,origin
TPA,0.5267219897895116,0.0,flare24,0.3205914526841755,0.0,77003,origin
TUL,0.5256626359728642,0.0,flare24,0.3079823425667503,0.0,18006,origin
TUS,0.44277149518518844,0.0,flare24,0.2556835392529028,0.0,19884,origin
TYS,0.5861770286629611,0.0,flare24,0.352775096560051,0.0,11396,origin
XNA,0.5666833558273796,0.0,flare24,0.3370547203866318,0.0,12083,origin
ABQ,0.45474841218861384,9.263612630316942e-06,capacity_gated_simplex,0.26600289706976166,7.979700686777669e-06,24880,origin
ALB,0.5413236537075794,-0.0001271785226225619,capacity_gated_simplex,0.32229633441946687,-2.1238613442386978e-06,11939,origin
ANC,0.4712758518482462,-2.9579181242800345e-05,capacity_gated_simplex,0.2777647657012438,-1.5901234783288754e-05,12629,origin
ATL,0.5689906566896371,-3.0468944841599566e-06,capacity_gated_simplex,0.34801189118573095,-2.5331858493071735e-06,266525,origin
AUS,0.5248633749519087,-4.818796316641283e-06,capacity_gated_simplex,0.3226404232902799,-1.8171655062348968e-06,82370,origin
BDL,0.5266323064106235,-6.614960844775197e-05,capacity_gated_simplex,0.31728203108398045,-6.56704663648533e-06,22764,origin
BHM,0.5212558022010766,-5.30629078315803e-05,capacity_gated_simplex,0.30463591199329965,-6.069259168295371e-06,16638,origin
BNA,0.5317073330901528,-9.284547481724914e-06,capacity_gated_simplex,0.3248047161737309,-1.2832188068800932e-06,99747,origin
BOI,0.42327674570159807,6.025058502223679e-06,capacity_gated_simplex,0.2516459345174124,1.0248657999256672e-05,23112,origin
BOS,0.5623973195372497,-6.506739923084481e-06,capacity_gated_simplex,0.3435696093964244,-2.4474045428046765e-06,138336,origin
BUF,0.5395099350339073,-2.0789727852577045e-05,capacity_gated_simplex,0.32274718893342175,-5.629088446479358e-06,20374,origin
BUR,0.483801970535479,-6.302038254191178e-06,capacity_gated_simplex,0.278988371208791,2.232853526740186e-06,29719,origin
BWI,0.5326662327092982,2.3436621454653306e-06,capacity_gated_simplex,0.32199678726021846,6.3603469553918934e-06,90284,origin
CHS,0.5556349104592055,-3.237714102999334e-05,capacity_gated_simplex,0.32666996860543085,-1.4993246338912414e-06,24294,origin
CLE,0.5218235041351548,-3.34298915374287e-05,capacity_gated_simplex,0.3088590745103665,-6.35770646484346e-06,39356,origin
CLT,0.5774557736623338,-3.787748317563011e-05,capacity_gated_simplex,0.35393753690006574,-3.2531399689617047e-06,158932,origin
CMH,0.5138554416923683,-2.5775084546708626e-05,capacity_gated_simplex,0.30716565359824055,-6.5852445622627265e-06,43587,origin
COS,0.5489299280115443,-2.2118410405558286e-05,capacity_gated_simplex,0.33185769789137215,2.9003984978070996e-05,13037,origin
CVG,0.5427398258864411,-2.9273556624409558e-05,capacity_gated_simplex,0.32689135637076316,-1.82490902361776e-06,30824,origin
DAL,0.557681091427667,-4.116668045672789e-06,capacity_gated_simplex,0.3402502562948681,5.6814863249043945e-06,65842,origin
DAY,0.5529988185227832,-0.0001704681397248775,capacity_gated_simplex,0.32298089765689925,-5.94242124507538e-06,7562,origin
DCA,0.6588494105162841,-8.74386100756519e-05,capacity_gated_simplex,0.39415891486258087,-3.549238334121796e-06,127289,origin
DEN,0.5435955219262356,1.3385015210642948e-05,capacity_gated_simplex,0.34326337932381573,1.390841283155364e-05,243152,origin
DFW,0.6691303539273621,-1.1854381039011486e-05,capacity_gated_simplex,0.4093135067933838,7.176816817722198e-06,221410,origin
DSM,0.5429185953067471,-0.0001329045208767754,capacity_gated_simplex,0.31821205925734414,-1.8164207111592834e-05,13622,origin
DTW,0.5243853194020766,-2.418183300068044e-05,capacity_gated_simplex,0.3198618207312199,-2.662421960342165e-06,108498,origin
ELP,0.4753443150385269,-1.9003209288215306e-05,capacity_gated_simplex,0.2786163238723999,8.561531607553796e-06,16763,origin
EWR,0.6136203869838555,-1.1171460058467808e-05,capacity_gated_simplex,0.36961510058359026,1.3955086393679927e-06,113771,origin
FAT,0.47753726334897584,-4.236877385105364e-05,capacity_gated_simplex,0.2860097550434175,-5.986193213847191e-06,13175,origin
FLL,0.5539164066074036,-9.95796099678703e-06,capacity_gated_simplex,0.3402310194379665,3.763747214446944e-07,81633,origin
GEG,0.42713636668753663,-1.5045565437354913e-05,capacity_gated_simplex,0.2532188796730121,-4.3817739920903875e-06,17884,origin
GRR,0.543071372392648,-8.131047495429922e-05,capacity_gated_simplex,0.32801509861870326,-9.680577740811547e-06,16731,origin
GSO,0.5355039266695558,-0.00014604257099515294,capacity_gated_simplex,0.3049875595545996,-1.099972501628077e-05,10163,origin
GSP,0.5113134165293042,-5.472304795173244e-05,capacity_gated_simplex,0.2961372708400411,-2.1499391688606373e-06,13691,origin
HNL,0.4326513331393378,-3.8122226772019374e-06,capacity_gated_simplex,0.2478789919531792,-1.5267026426402097e-06,51232,origin
HOU,0.5190819113187752,-1.4081753840766709e-05,capacity_gated_simplex,0.3143237561116496,-5.775596934209926e-06,50539,origin
HPN,0.5823294670476752,-7.546836900662601e-05,capacity_gated_simplex,0.3446727035989647,-1.7703119972178882e-06,10381,origin
IAD,0.5098264275528063,-5.013042883816876e-05,capacity_gated_simplex,0.3101616750353125,-2.26291556871816e-05,54506,origin
IAH,0.5459179298407103,-3.628348122730607e-06,capacity_gated_simplex,0.33325201763458917,-1.2027111148116276e-06,107923,origin
ICT,0.5838780257474335,-0.0002935167173270248,capacity_gated_simplex,0.34767642748732086,-2.2207439437538223e-05,10780,origin
IND,0.5072474833924296,-1.8051065439395053e-05,capacity_gated_simplex,0.30036164033716767,-3.3256096619305175e-06,45448,origin
JAX,0.5206557584474352,1.3730623799390607e-05,capacity_gated_simplex,0.3057634627204661,4.9016424762959865e-06,27657,origin
JFK,0.5857890541145143,-6.831691314990174e-06,capacity_gated_simplex,0.35683862046742826,1.682754832699196e-06,100462,origin
KOA,0.40632044971463344,-1.2931491154444252e-05,capacity_gated_simplex,0.22321391742783084,-2.4081487260685375e-06,15585,origin
LAS,0.5079707288284921,-4.361323793444782e-06,capacity_gated_simplex,0.3110735150564311,4.1819835489009805e-07,173080,origin
LAX,0.468896569827865,-5.1161954391365505e-06,capacity_gated_simplex,0.27992390928650807,-5.476435457896223e-07,178888,origin
LGA,0.6305865263887185,-3.142827556046335e-05,capacity_gated_simplex,0.38226620163362374,-3.837358349967346e-06,129295,origin
LGB,0.39819326765806673,1.1088421077665167e-05,capacity_gated_simplex,0.22907927831254202,2.861769348466714e-06,16513,origin
LIH,0.4274699744680155,-2.6116587597380114e-05,capacity_gated_simplex,0.23973412931941715,8.344367430662691e-06,15466,origin
LIT,0.5609624358837053,-3.788224710521426e-05,capacity_gated_simplex,0.33490342852373883,1.1736694117192581e-05,12520,origin
MAF,0.5046546263971514,-8.943624819190976e-05,capacity_gated_simplex,0.2941445260286117,3.3893646722571447e-07,9750,origin
MCI,0.5244043017063514,-4.654215194022093e-06,capacity_gated_simplex,0.3153977200204346,1.7723113809875457e-06,47217,origin
MCO,0.5395496983121714,-7.740748597773184e-06,capacity_gated_simplex,0.33290094626748745,-1.7367123522626926e-07,150588,origin
MDW,0.5230341090432292,-3.0129223698605045e-05,capacity_gated_simplex,0.3199697808385557,-1.1747892644742297e-05,71497,origin
MEM,0.5272981564990331,-2.1587068052220104e-05,capacity_gated_simplex,0.31306218306321976,-8.07739026692511e-06,23500,origin
MIA,0.5856107135254843,-1.2787636707756178e-05,capacity_gated_simplex,0.36596627027593304,-4.244728490254701e-06,104569,origin
MKE,0.5271911222344546,-3.851525438081094e-05,capacity_gated_simplex,0.31483795274160087,-4.413207167486277e-07,27310,origin
MSN,0.5330907452677012,-0.00012460793516388957,capacity_gated_simplex,0.3165861647015302,-3.197237180097012e-05,12612,origin
MSP,0.5013779271784109,-6.518167606217595e-06,capacity_gated_simplex,0.30649465574037466,4.7757266424808265e-06,91402,origin
MSY,0.5488999711959055,-4.28857507484004e-06,capacity_gated_simplex,0.32808439457666544,-7.280624412242531e-07,50424,origin
MYR,0.5581132940481282,-3.348729043117782e-05,capacity_gated_simplex,0.3268447933312372,-9.249561945090523e-06,12929,origin
OAK,0.44295154968791356,1.0373625910775619e-05,capacity_gated_simplex,0.2638955043101035,1.134586527723469e-05,33273,origin
OGG,0.4292657346432641,-5.645277498356194e-06,capacity_gated_simplex,0.2423461324424665,6.05627186539559e-07,24858,origin
OKC,0.5271265458966571,-1.0671181920440809e-05,capacity_gated_simplex,0.31577132581299266,4.973506674499362e-06,23776,origin
OMA,0.495607991023247,-2.2441870558942423e-05,capacity_gated_simplex,0.2930955300353341,-8.000600213053932e-06,23836,origin
ONT,0.4569307862215434,-1.5408473073019735e-06,capacity_gated_simplex,0.2682854510416392,9.182250193973118e-06,25833,origin
ORD,0.5818478279476472,-3.373434990205926e-05,capacity_gated_simplex,0.3590339083401694,-7.345680501646967e-06,257943,origin
ORF,0.5609977928766394,-7.549008686980052e-05,capacity_gated_simplex,0.3313077980580534,-8.188660503893885e-06,19573,origin
PBI,0.5711748133902415,-3.178772508183325e-05,capacity_gated_simplex,0.34977751983021393,-1.0409292080293397e-05,28349,origin
PDX,0.47630334084618364,-2.1208472475497953e-05,capacity_gated_simplex,0.2843214568963821,-1.1874446016413298e-05,58871,origin
PHL,0.6067409606597814,-2.1695859407255824e-05,capacity_gated_simplex,0.37217995337305193,-2.329692290581331e-06,92497,origin
PHX,0.5019197641939869,-2.591655102412993e-06,capacity_gated_simplex,0.30603752715220917,1.257659877573758e-06,175652,origin
PIT,0.494051968872804,2.3135792528994337e-06,capacity_gated_simplex,0.2914731590062477,1.6697590680680996e-06,41531,origin
PNS,0.5485390945048321,-2.422929076872915e-05,capacity_gated_simplex,0.31618846320768307,3.315947347648507e-06,13723,origin
PSP,0.48111800666590837,1.9471519407343596e-05,capacity_gated_simplex,0.2913933896895104,1.3064069139534507e-05,14520,origin
PVD,0.5452594005710636,-0.0001147243183993174,capacity_gated_simplex,0.3249505120902088,9.64496774835677e-07,15164,origin
PWM,0.5525592975237784,-7.848275145927452e-05,capacity_gated_simplex,0.3277293037884414,-2.2200776945147105e-05,10630,origin
RDU,0.5264937540390747,3.437324361033056e-06,capacity_gated_simplex,0.31298037236414467,-4.535650032222449e-07,54711,origin
RIC,0.5520203155423667,-5.896684747497272e-05,capacity_gated_simplex,0.3292950360524932,3.2214149855436247e-06,17525,origin
RNO,0.48629799585425404,3.975864912580951e-05,capacity_gated_simplex,0.28583085229826793,1.689452463704555e-05,20662,origin
ROC,0.5641972561401867,-2.6253565427847292e-05,capacity_gated_simplex,0.3386066495426631,7.1665726367187155e-06,9914,origin
RSW,0.5157950735650713,-1.9541489011620783e-05,capacity_gated_simplex,0.3096407377512203,3.771870554336587e-06,33899,origin
SAN,0.536844741721002,-4.017961915181445e-06,capacity_gated_simplex,0.3264655222470137,-4.2833162600119934e-07,92521,origin
SAT,0.47687613343218,1.0812974059914993e-05,capacity_gated_simplex,0.2802817011080826,6.6176497471315265e-06,41253,origin
SAV,0.5539615140078176,-1.7842077403518175e-05,capacity_gated_simplex,0.3246699096383614,3.7824208898307177e-07,18659,origin
SDF,0.5238932054915464,-4.900254524442538e-05,capacity_gated_simplex,0.30458105602389923,-5.367254923838161e-06,22203,origin
SEA,0.53457219427188,-4.933340568391564e-06,capacity_gated_simplex,0.3308853317993958,-3.191431385329846e-06,145024,origin
SFO,0.49753263704055867,-9.991677070497751e-06,capacity_gated_simplex,0.30294938685533546,-4.096899621830463e-06,130201,origin
SJC,0.4334636499920948,-1.7776111366774039e-06,capacity_gated_simplex,0.2550944212614417,-1.6639353006553392e-07,45114,origin
SJU,0.5295693385308908,-2.427503471902348e-05,capacity_gated_simplex,0.3253975362876402,-1.0073518343978183e-05,34352,origin
SLC,0.4570626118868466,-2.1635855929180714e-05,capacity_gated_simplex,0.27379155936402283,1.0915543002809613e-07,95416,origin
SMF,0.4517724483727604,-7.672466489527796e-06,capacity_gated_simplex,0.26926952473662713,-3.6780559332094676e-06,56514,origin
SNA,0.49010974678428326,-3.2754385244637696e-05,capacity_gated_simplex,0.29006184543021063,-5.340526874175744e-06,42958,origin
STL,0.5195405836744724,-5.518812856042388e-06,capacity_gated_simplex,0.3141182690384895,5.695893111890005e-06,62551,origin
SYR,0.586108972411361,-0.00022570829461621145,capacity_gated_simplex,0.35032038074601485,-2.4714746675869037e-05,9782,origin
TPA,0.5267206183239546,-1.3714655570096213e-06,capacity_gated_simplex,0.32059097679665594,-4.758875195576273e-07,77003,origin
TUL,0.5255853750048453,-7.72609680189662e-05,capacity_gated_simplex,0.3079749500425878,-7.392524162486147e-06,18006,origin
TUS,0.44277231394762917,8.18762440735199e-07,capacity_gated_simplex,0.25568706012365855,3.5208707557243812e-06,19884,origin
TYS,0.5861110493999057,-6.597926305540458e-05,capacity_gated_simplex,0.3527854186317905,1.0322071739510275e-05,11396,origin
XNA,0.5665482293740394,-0.00013512645334023965,capacity_gated_simplex,0.33704349071330825,-1.122967332356506e-05,12083,origin
ABQ,0.4544043135367584,-0.00033483503922510094,task_factorized_global_q4,0.26599319958550266,-1.7177835722193002e-06,24880,origin
ALB,0.5403653621996052,-0.0010854700305967802,task_factorized_global_q4,0.3222053912442938,-9.306703651729142e-05,11939,origin
ANC,0.47128319529775486,-2.223573173415483e-05,task_factorized_global_q4,0.2777478011835959,-3.286575243122147e-05,12629,origin
ATL,0.5688484929234366,-0.00014521066068462485,task_factorized_global_q4,0.348021131946111,6.707574530750993e-06,266525,origin
AUS,0.5244842807878287,-0.00038391296039663736,task_factorized_global_q4,0.3226194148602153,-2.282559557087449e-05,82370,origin
BDL,0.5258659995789594,-0.0008324564401118728,task_factorized_global_q4,0.3172099636349312,-7.863449568573655e-05,22764,origin
BHM,0.520658502117516,-0.000650362991392206,task_factorized_global_q4,0.3045828430176887,-5.913823477926572e-05,16638,origin
BNA,0.5309774800719,-0.0007391375657345156,task_factorized_global_q4,0.3247776139221877,-2.8385470350111852e-05,99747,origin
BOI,0.42330411115607414,3.3390512978292985e-05,task_factorized_global_q4,0.2516535398119088,1.7853952495650027e-05,23112,origin
BOS,0.5616752794671196,-0.0007285468100531878,task_factorized_global_q4,0.34348616832353723,-8.588847742996286e-05,138336,origin
BUF,0.5386537735625052,-0.000876951199254683,task_factorized_global_q4,0.32258983153930504,-0.0001629864825631877,20374,origin
BUR,0.48326010187789054,-0.0005481706958426757,task_factorized_global_q4,0.2789802733790882,-5.864976176050973e-06,29719,origin
BWI,0.5323784525857523,-0.00028543646140044565,task_factorized_global_q4,0.32196688874218216,-2.3538171080916825e-05,90284,origin
CHS,0.5543122060590593,-0.0013550815411762507,task_factorized_global_q4,0.32648088374966794,-0.00019058418039680225,24294,origin
CLE,0.5204724428110803,-0.001384491215611905,task_factorized_global_q4,0.308680590589803,-0.0001848416270283093,39356,origin
CLT,0.5762119552096391,-0.0012816959358703528,task_factorized_global_q4,0.35386950267021944,-7.128736981526496e-05,158932,origin
CMH,0.5125845483005735,-0.001296668476341467,task_factorized_global_q4,0.3070031755084782,-0.00016906333432459286,43587,origin
COS,0.548041265997563,-0.0009107804243868589,task_factorized_global_q4,0.331819037011827,-9.656894567056096e-06,13037,origin
CVG,0.5412189859832133,-0.0015501134598522315,task_factorized_global_q4,0.32664872231449227,-0.00024445896529451394,30824,origin
DAL,0.5569890638280416,-0.0006961442676710616,task_factorized_global_q4,0.34022631061218306,-1.8264196360140428e-05,65842,origin
DAY,0.5518914815454428,-0.0012778051170653226,task_factorized_global_q4,0.3229059939736517,-8.084610449260454e-05,7562,origin
DCA,0.6573238429536091,-0.0016130061727506195,task_factorized_global_q4,0.3940226639110577,-0.00013980018985726428,127289,origin
DEN,0.5434228199102774,-0.00015931700074756083,task_factorized_global_q4,0.3432489709611729,-4.999498112723266e-07,243152,origin
DFW,0.6689363967061619,-0.00020581160223920314,task_factorized_global_q4,0.4093044875657528,-1.8424108133019423e-06,221410,origin
DSM,0.5411605055389181,-0.0018909942887057607,task_factorized_global_q4,0.3179942528842409,-0.0002359705802148504,13622,origin
DTW,0.5236883156961045,-0.0007211855389727129,task_factorized_global_q4,0.31978608312675816,-7.840002642206523e-05,108498,origin
ELP,0.47469960970635683,-0.0006637085414583077,task_factorized_global_q4,0.27857004481665154,-3.7717524140779e-05,16763,origin
EWR,0.612740623795424,-0.0008909346484898828,task_factorized_global_q4,0.3695804190103914,-3.3286064559490125e-05,113771,origin
FAT,0.4772177055344538,-0.0003619265883730849,task_factorized_global_q4,0.2860065505893133,-9.19064731808028e-06,13175,origin
FLL,0.5529359432673406,-0.0009904213010597518,task_factorized_global_q4,0.34015516184048766,-7.548122275741198e-05,81633,origin
GEG,0.4270625390237759,-8.887322919809426e-05,task_factorized_global_q4,0.2532305208589989,7.2594119946978175e-06,17884,origin
GRR,0.5420623176057768,-0.0010903652618254878,task_factorized_global_q4,0.32797669415387964,-4.808504256442747e-05,16731,origin
GSO,0.5337232052712767,-0.00192676396927427,task_factorized_global_q4,0.30484773831451967,-0.00015082096509622112,10163,origin
GSP,0.5103026192316985,-0.0010655203455574025,task_factorized_global_q4,0.2961009126798354,-3.850809937455679e-05,13691,origin
HNL,0.43235495091100806,-0.0003001944510069299,task_factorized_global_q4,0.24787498876881675,-5.5298870050846105e-06,51232,origin
HOU,0.5193751546994649,0.00027916162684893386,task_factorized_global_q4,0.3143264857780695,-3.045930514311568e-06,50539,origin
HPN,0.5792732652511516,-0.003131670165530176,task_factorized_global_q4,0.3442565687226655,-0.0004179051882963747,10381,origin
IAD,0.509344466370617,-0.0005320916110274077,task_factorized_global_q4,0.31014987425346346,-3.4429937536217814e-05,54506,origin
IAH,0.5457150889786401,-0.00020646921019296105,task_factorized_global_q4,0.3332172924400686,-3.5927905635391166e-05,107923,origin
ICT,0.5822584680974116,-0.0019130743673489992,task_factorized_global_q4,0.34764425248251885,-5.438244423955352e-05,10780,origin
IND,0.506594216029311,-0.0006713184285580542,task_factorized_global_q4,0.30027328294327266,-9.168300355694159e-05,45448,origin
JAX,0.5196629093810925,-0.0009791184425432808,task_factorized_global_q4,0.3057013462871757,-5.721479081410852e-05,27657,origin
JFK,0.5850112328431349,-0.0007846529626943655,task_factorized_global_q4,0.3567368895151917,-0.00010004819740383475,100462,origin
KOA,0.4061482129948677,-0.00018516821092018354,task_factorized_global_q4,0.22323175527698857,1.542970043166836e-05,15585,origin
LAS,0.5077249464101844,-0.0002501437421011943,task_factorized_global_q4,0.3110649327890939,-8.164068982297046e-06,173080,origin
LAX,0.4685757539890254,-0.00032593203427871975,task_factorized_global_q4,0.27990786169448245,-1.6595235571403855e-05,178888,origin
LGA,0.6286842713091914,-0.0019336833550875898,task_factorized_global_q4,0.3820996677641779,-0.00017037122779578473,129295,origin
LGB,0.39810643114673305,-7.574809025601148e-05,task_factorized_global_q4,0.22907787798471707,1.461441523520346e-06,16513,origin
LIH,0.4268866070217603,-0.0006094840338525809,task_factorized_global_q4,0.23970349645114192,-2.228850084456946e-05,15466,origin
LIT,0.5603470276428286,-0.0006532904879819057,task_factorized_global_q4,0.3348909307888717,-7.610407499192284e-07,12520,origin
MAF,0.5035149741087137,-0.001229088536629619,task_factorized_global_q4,0.2940916192512521,-5.256784089235911e-05,9750,origin
MCI,0.5240581783017277,-0.0003507776198177215,task_factorized_global_q4,0.3154441518699151,4.820416086148693e-05,47217,origin
MCO,0.5388740693838335,-0.0006833696769356079,task_factorized_global_q4,0.33286920342948767,-3.191650923500822e-05,150588,origin
MDW,0.522623481441071,-0.0004407568258568695,task_factorized_global_q4,0.31995387278218446,-2.765594901599222e-05,71497,origin
MEM,0.5268509163627741,-0.0004688272043111841,task_factorized_global_q4,0.3130370256930726,-3.323476041405815e-05,23500,origin
MIA,0.5846467519403267,-0.000976749221865414,task_factorized_global_q4,0.3658951640692431,-7.53509351801851e-05,104569,origin
MKE,0.5263832904047764,-0.0008463470840590626,task_factorized_global_q4,0.3147926504582855,-4.5743604032144614e-05,27310,origin
MSN,0.5318008587361944,-0.001414494466670635,task_factorized_global_q4,0.3164290502331136,-0.00018908684021762268,12612,origin
MSP,0.5008761229148838,-0.0005083224311333012,task_factorized_global_q4,0.3064570968463786,-3.278316735355613e-05,91402,origin
MSY,0.5487255389343249,-0.0001787208366554882,task_factorized_global_q4,0.32808776098399267,2.638344886007893e-06,50424,origin
MYR,0.5574791189987831,-0.0006676623397762205,task_factorized_global_q4,0.32671029564798754,-0.00014374724519478077,12929,origin
OAK,0.44298353478305375,4.235872105096128e-05,task_factorized_global_q4,0.2638950598319916,1.0901387165307419e-05,33273,origin
OGG,0.4290029615178004,-0.0002684184029621006,task_factorized_global_q4,0.2423302175894981,-1.530922578185656e-05,24858,origin
OKC,0.5262213274372503,-0.0009158896413272721,task_factorized_global_q4,0.3157345061322267,-3.184617409146551e-05,23776,origin
OMA,0.49491812064203045,-0.0007123122517754821,task_factorized_global_q4,0.29306311909699184,-4.041153855532942e-05,23836,origin
ONT,0.4567473271638354,-0.00018499990501524843,task_factorized_global_q4,0.26828172400048356,5.455209038329745e-06,25833,origin
ORD,0.5810683439810267,-0.0008132183165225904,task_factorized_global_q4,0.3589884840466119,-5.276997405917472e-05,257943,origin
ORF,0.5597269313873886,-0.001346351576120619,task_factorized_global_q4,0.3312867637822346,-2.922293632268147e-05,19573,origin
PBI,0.569746275180878,-0.001460325934445339,task_factorized_global_q4,0.3496965243446251,-9.140477766911292e-05,28349,origin
PDX,0.47626366555224603,-6.088376641311122e-05,task_factorized_global_q4,0.2843403034689714,6.9721265728572845e-06,58871,origin
PHL,0.6060331115519427,-0.0007295449672459764,task_factorized_global_q4,0.37211483532773576,-6.744773760675171e-05,92497,origin
PHX,0.5017668360634396,-0.0001555197856496493,task_factorized_global_q4,0.30603729700490123,1.0275125696401766e-06,175652,origin
PIT,0.49278066500462236,-0.0012689902889287397,task_factorized_global_q4,0.2913071278801981,-0.000164361366981558,41531,origin
PNS,0.5488970162649621,0.00033369246936132413,task_factorized_global_q4,0.31618748450774464,2.337247409223142e-06,13723,origin
PSP,0.4810910281019038,-7.507044597232504e-06,task_factorized_global_q4,0.291384275494718,3.949874347153326e-06,14520,origin
PVD,0.5440838536919189,-0.0012902711975439907,task_factorized_global_q4,0.324828562124816,-0.00012098546861799564,15164,origin
PWM,0.5512075872426409,-0.0014301930325968382,task_factorized_global_q4,0.32753502596320155,-0.0002164786021849885,10630,origin
RDU,0.5251576520547424,-0.0013326646599712832,task_factorized_global_q4,0.3128893930786603,-9.143285048757166e-05,54711,origin
RIC,0.5508457362884575,-0.0012335461013842641,task_factorized_global_q4,0.3292380460124482,-5.376862505945823e-05,17525,origin
RNO,0.48642448106473035,0.00016624385960212207,task_factorized_global_q4,0.2858434279784608,2.94702048299067e-05,20662,origin
ROC,0.5629844982911331,-0.0012390114144814612,task_factorized_global_q4,0.33851105007481347,-8.843289521293096e-05,9914,origin
RSW,0.5148981185254887,-0.0009164965285941573,task_factorized_global_q4,0.3095870050862423,-4.996079442365353e-05,33899,origin
SAN,0.5365156801112194,-0.0003330795716978141,task_factorized_global_q4,0.326448637297414,-1.731328122567266e-05,92521,origin
SAT,0.47671306530314006,-0.00015225515498001885,task_factorized_global_q4,0.28026922029396917,-5.863164366293194e-06,41253,origin
SAV,0.5535460900005532,-0.00043326608466787153,task_factorized_global_q4,0.32463193043656274,-3.760095970967159e-05,18659,origin
SDF,0.5228988499050077,-0.0010433581317831342,task_factorized_global_q4,0.30450125757112195,-8.516570770111809e-05,22203,origin
SEA,0.534447876470023,-0.0001292511424253462,task_factorized_global_q4,0.33089170858831574,3.1853575346296736e-06,145024,origin
SFO,0.4971718990120277,-0.0003707297056014802,task_factorized_global_q4,0.3029455571408768,-7.926614080500105e-06,130201,origin
SJC,0.4333939112425339,-7.151636069757661e-05,task_factorized_global_q4,0.25509769627831125,3.108623339465044e-06,45114,origin
SJU,0.5293084122127434,-0.00028520135286647097,task_factorized_global_q4,0.325385328257321,-2.2281548663127815e-05,34352,origin
SLC,0.4567391368997283,-0.0003451108430475025,task_factorized_global_q4,0.2737821872111222,-9.262997470615986e-06,95416,origin
SMF,0.4516208297029955,-0.000159291136254458,task_factorized_global_q4,0.26927854217068964,5.339378129298744e-06,56514,origin
SNA,0.4895902766261835,-0.0005522245433444151,task_factorized_global_q4,0.290033591141362,-3.359481572279277e-05,42958,origin
STL,0.5190838702329033,-0.00046223225442521,task_factorized_global_q4,0.3141092831923071,-3.289953070528817e-06,62551,origin
SYR,0.5838602499135916,-0.002474430792385518,task_factorized_global_q4,0.3501440938654293,-0.00020100162726144344,9782,origin
TPA,0.525834618892885,-0.0008873708966266047,task_factorized_global_q4,0.32052350020529624,-6.795247887925182e-05,77003,origin
TUL,0.5241915870442844,-0.0014710489285798545,task_factorized_global_q4,0.3078854835517122,-9.685901503808658e-05,18006,origin
TUS,0.4425681894344849,-0.00020330575070354184,task_factorized_global_q4,0.25567982229187597,-3.716961026856147e-06,19884,origin
TYS,0.585291905361281,-0.000885123301680113,task_factorized_global_q4,0.3527052579326774,-6.983862737364177e-05,11396,origin
XNA,0.565013746971481,-0.0016696088558986188,task_factorized_global_q4,0.33699957924444224,-5.514114218957422e-05,12083,origin
ABQ,0.454412945696984,-0.0003262028789995375,task_factorized_capacity_gated_q4,0.2659943027799655,-6.145891093822797e-07,24880,origin
ALB,0.5401649463419207,-0.0012858858882812685,task_factorized_capacity_gated_q4,0.32218683178961016,-0.00011162649120094459,11939,origin
ANC,0.4713623938490109,5.696281952188853e-05,task_factorized_capacity_gated_q4,0.27774553636953303,-3.5130566494068205e-05,12629,origin
ATL,0.5688776484530138,-0.00011605513110746202,task_factorized_capacity_gated_q4,0.34802210669230826,7.682320728008563e-06,266525,origin
AUS,0.5244951689707041,-0.00037302477752121366,task_factorized_capacity_gated_q4,0.3226192618435025,-2.2978612283675037e-05,82370,origin
BDL,0.5257957662169452,-0.0009026898021260443,task_factorized_capacity_gated_q4,0.3171972189217161,-9.137920890084361e-05,22764,origin
BHM,0.5206090912074379,-0.0006997739014702464,task_factorized_capacity_gated_q4,0.3045833043714817,-5.867688098626367e-05,16638,origin
BNA,0.5309948948794644,-0.0007217227581701735,task_factorized_capacity_gated_q4,0.3247800205770046,-2.59788155331786e-05,99747,origin
BOI,0.42327353046895316,2.809825857319481e-06,task_factorized_capacity_gated_q4,0.2516535507410807,1.7864881667550847e-05,23112,origin
BOS,0.5617020916583326,-0.0007017346188401552,task_factorized_capacity_gated_q4,0.34349222142440183,-7.983537656536255e-05,138336,origin
BUF,0.5386289523932468,-0.0009017723685130763,task_factorized_capacity_gated_q4,0.322588806485556,-0.0001640115363122363,20374,origin
BUR,0.4832813710472311,-0.0005269015265020882,task_factorized_capacity_gated_q4,0.2789800811010023,-6.057254261948586e-06,29719,origin
BWI,0.5323805322851429,-0.0002833567620098565,task_factorized_capacity_gated_q4,0.321968708234557,-2.171867870609523e-05,90284,origin
CHS,0.5542919508080619,-0.0013753367921736093,task_factorized_capacity_gated_q4,0.3264851670659578,-0.00018630086410692526,24294,origin
CLE,0.5204810549261782,-0.0013758791005139548,task_factorized_capacity_gated_q4,0.3086779877151493,-0.00018744450168201032,39356,origin
CLT,0.5761995473442832,-0.0012941038012261874,task_factorized_capacity_gated_q4,0.3538680592466382,-7.273079339648048e-05,158932,origin
CMH,0.512611451388978,-0.0012697653879369941,task_factorized_capacity_gated_q4,0.3070107727913218,-0.00016146605148104065,43587,origin
COS,0.5479509241840191,-0.001001122237930696,task_factorized_capacity_gated_q4,0.3318153719674899,-1.3321938904187203e-05,13037,origin
CVG,0.5412249403513499,-0.001544159091715569,task_factorized_capacity_gated_q4,0.3266486505879318,-0.0002445306918549828,30824,origin
DAL,0.5569857306363873,-0.0006994774593253039,task_factorized_capacity_gated_q4,0.34022852249220137,-1.6052316341830242e-05,65842,origin
DAY,0.551783885602564,-0.0013854010599441136,task_factorized_capacity_gated_q4,0.3228929996478128,-9.384043033150435e-05,7562,origin
DCA,0.6572524433393915,-0.0016844057869682683,task_factorized_capacity_gated_q4,0.39401779197073716,-0.00014467213017782532,127289,origin
DEN,0.5434280537644421,-0.0001540831465828285,task_factorized_capacity_gated_q4,0.34324957189429206,1.009833078824407e-07,243152,origin
DFW,0.6689671311510875,-0.00017507715731357454,task_factorized_capacity_gated_q4,0.409309882735234,3.5527586679240386e-06,221410,origin
DSM,0.5410373630283477,-0.0020141367992762005,task_factorized_capacity_gated_q4,0.31797890910129367,-0.00025131436316205846,13622,origin
DTW,0.5236994328158687,-0.0007100684192085094,task_factorized_capacity_gated_q4,0.31978756160315,-7.692155003025114e-05,108498,origin
ELP,0.47467733045238975,-0.0006859877954253912,task_factorized_capacity_gated_q4,0.2785709896422392,-3.6772698553122485e-05,16763,origin
EWR,0.6127462210583264,-0.0008853373855874924,task_factorized_capacity_gated_q4,0.36958192964155845,-3.177543339244471e-05,113771,origin
FAT,0.47721552373224896,-0.000364108390577933,task_factorized_capacity_gated_q4,0.28600992568300804,-5.815553623333969e-06,13175,origin
FLL,0.55296860461001,-0.000957759958390425,task_factorized_capacity_gated_q4,0.34015698996607713,-7.365309716794721e-05,81633,origin
GEG,0.42706169557487955,-8.97166780944314e-05,task_factorized_capacity_gated_q4,0.2532302772045758,7.015757571615655e-06,17884,origin
GRR,0.5419361021174381,-0.0012165807501641757,task_factorized_capacity_gated_q4,0.32796796096019754,-5.681823624653637e-05,16731,origin
GSO,0.5336839158611557,-0.0019660533793952606,task_factorized_capacity_gated_q4,0.3048379411334658,-0.0001606181461500933,10163,origin
GSP,0.5102335327850922,-0.001134606792163706,task_factorized_capacity_gated_q4,0.2960981910474798,-4.122973173015243e-05,13691,origin
HNL,0.43237010107286844,-0.0002850442891465521,task_factorized_capacity_gated_q4,0.24787520798890247,-5.31066691936144e-06,51232,origin
HOU,0.5193820076668129,0.0002860145941968595,task_factorized_capacity_gated_q4,0.3143275189193626,-2.012789221184086e-06,50539,origin
HPN,0.5792925862547751,-0.0031123491619067245,task_factorized_capacity_gated_q4,0.34425140281074185,-0.00042307110022005157,10381,origin
IAD,0.5093332971838282,-0.0005432607978161919,task_factorized_capacity_gated_q4,0.3101485465702111,-3.575762078855682e-05,54506,origin
IAH,0.5457020408499771,-0.0002195173388559457,task_factorized_capacity_gated_q4,0.3332170263680838,-3.619397762016918e-05,107923,origin
ICT,0.5820185707510781,-0.00215297171368245,task_factorized_capacity_gated_q4,0.34762115607883,-7.747884792841386e-05,10780,origin
IND,0.5065731656751412,-0.0006923687827278258,task_factorized_capacity_gated_q4,0.3002722967248709,-9.266922195871885e-05,45448,origin
JAX,0.5196962276273274,-0.0009458001963084106,task_factorized_capacity_gated_q4,0.3057035954159236,-5.4965662066197574e-05,27657,origin
JFK,0.5850144819284059,-0.0007814038774234255,task_factorized_capacity_gated_q4,0.3567384914400887,-9.84462725068802e-05,100462,origin
KOA,0.4061644730425264,-0.00016890816326148306,task_factorized_capacity_gated_q4,0.22323268130535862,1.6355728801709102e-05,15585,origin
LAS,0.5077364616028818,-0.00023862854940381872,task_factorized_capacity_gated_q4,0.31106546300349003,-7.633854586186484e-06,173080,origin
LAX,0.46858217241983996,-0.000319513603464161,task_factorized_capacity_gated_q4,0.2799087289105664,-1.5728019487459832e-05,178888,origin
LGA,0.6287075915664173,-0.0019103630978616337,task_factorized_capacity_gated_q4,0.38209905859959836,-0.00017098039237534168,129295,origin
LGB,0.39812408254906295,-5.8096687926112445e-05,task_factorized_capacity_gated_q4,0.22907776874711377,1.3522039202240599e-06,16513,origin
LIH,0.4268315154056445,-0.0006645756499683575,task_factorized_capacity_gated_q4,0.23969879705400007,-2.6987897986413545e-05,15466,origin
LIT,0.5604004282257198,-0.0005998899050907447,task_factorized_capacity_gated_q4,0.33489775048398684,6.058654365204141e-06,12520,origin
MAF,0.5034397396487053,-0.0013043229966380743,task_factorized_capacity_gated_q4,0.29408410120374434,-6.008588840011875e-05,9750,origin
MCI,0.5240743416575786,-0.0003346142639668592,task_factorized_capacity_gated_q4,0.3154484466850854,5.249897603182285e-05,47217,origin
MCO,0.5388900491349373,-0.0006673899258318183,task_factorized_capacity_gated_q4,0.332870483636976,-3.063630174665599e-05,150588,origin
MDW,0.5226163113840743,-0.0004479268828535554,task_factorized_capacity_gated_q4,0.3199551696368915,-2.6359094308925357e-05,71497,origin
MEM,0.5268427322137406,-0.0004770113533447695,task_factorized_capacity_gated_q4,0.3130402046313962,-3.0055822090480078e-05,23500,origin
MIA,0.5846719055726746,-0.0009515955895175177,task_factorized_capacity_gated_q4,0.3658977688646285,-7.274613979479927e-05,104569,origin
MKE,0.5263221353455498,-0.0009075021432856101,task_factorized_capacity_gated_q4,0.3147913768616781,-4.7017200639543066e-05,27310,origin
MSN,0.5317067875350767,-0.0015085656677883419,task_factorized_capacity_gated_q4,0.31641135087807354,-0.00020678619525765773,12612,origin
MSP,0.5008660572332924,-0.0005183881127247547,task_factorized_capacity_gated_q4,0.30645735068538377,-3.252932834840738e-05,91402,origin
MSY,0.5487189786605009,-0.00018528111047944051,task_factorized_capacity_gated_q4,0.3280849051213503,-2.1751775636236204e-07,50424,origin
MYR,0.5574790748439301,-0.0006677064946292166,task_factorized_capacity_gated_q4,0.3266974757032691,-0.00015656718991319263,12929,origin
OAK,0.44297425793605205,3.308187404926777e-05,task_factorized_capacity_gated_q4,0.26389530158308455,1.1143138258284946e-05,33273,origin
OGG,0.42900335614405494,-0.00026802377670753774,task_factorized_capacity_gated_q4,0.24233167169861558,-1.3855116664379663e-05,24858,origin
OKC,0.5262150370004061,-0.000922180078171464,task_factorized_capacity_gated_q4,0.31573588526702806,-3.046703929010519e-05,23776,origin
OMA,0.494942612252583,-0.0006878206412229138,task_factorized_capacity_gated_q4,0.2930637699512109,-3.9760684336254126e-05,23836,origin
ONT,0.45675898291088946,-0.00017334415796121938,task_factorized_capacity_gated_q4,0.268284790554161,8.521762715762993e-06,25833,origin
ORD,0.5810899039905386,-0.0007916583070106675,task_factorized_capacity_gated_q4,0.35899125416383115,-4.9999856839899604e-05,257943,origin
ORF,0.5596192086112988,-0.0014540743522104549,task_factorized_capacity_gated_q4,0.3312854952432083,-3.049147534894825e-05,19573,origin
PBI,0.5697440428000564,-0.0014625583152668709,task_factorized_capacity_gated_q4,0.3496944125222766,-9.351660001760687e-05,28349,origin
PDX,0.47630580347070056,-1.874584795857892e-05,task_factorized_capacity_gated_q4,0.2843440155350197,1.0684192621179811e-05,58871,origin
PHL,0.6060548973462103,-0.0007077591729783839,task_factorized_capacity_gated_q4,0.3721201276137108,-6.215545163168468e-05,92497,origin
PHX,0.5017700695926014,-0.00015228625648788796,task_factorized_capacity_gated_q4,0.3060380876503149,1.8181579833354e-06,175652,origin
PIT,0.4928294000373743,-0.0012202552561768054,task_factorized_capacity_gated_q4,0.2913177178858659,-0.00015377136131372593,41531,origin
PNS,0.5489038823450735,0.0003405585494726804,task_factorized_capacity_gated_q4,0.3161822729382907,-2.8743220447102757e-06,13723,origin
PSP,0.4811256338686123,2.7098722111262852e-05,task_factorized_capacity_gated_q4,0.29138516793231845,4.842311947583777e-06,14520,origin
PVD,0.5439045652161908,-0.001469559673272114,task_factorized_capacity_gated_q4,0.3248142521011846,-0.00013529549224938764,15164,origin
PWM,0.5512901544098043,-0.001347625865433355,task_factorized_capacity_gated_q4,0.3275392027121472,-0.00021230185323933837,10630,origin
RDU,0.5252125832757798,-0.0012777334389338924,task_factorized_capacity_gated_q4,0.31289327754192586,-8.754838722202507e-05,54711,origin
RIC,0.5507481636669416,-0.0013311187229001487,task_factorized_capacity_gated_q4,0.3292294746996652,-6.23399378424927e-05,17525,origin
RNO,0.4864594985399936,0.0002012613348653658,task_factorized_capacity_gated_q4,0.28584165262894257,2.769485531167737e-05,20662,origin
ROC,0.5629627006228058,-0.0012608090828086782,task_factorized_capacity_gated_q4,0.338511799586229,-8.768338379738783e-05,9914,origin
RSW,0.5148870384767866,-0.0009275765772962519,task_factorized_capacity_gated_q4,0.30958886696139876,-4.8098919267214324e-05,33899,origin
SAN,0.5365292624761882,-0.0003194972067290802,task_factorized_capacity_gated_q4,0.3264504545163974,-1.5496062242270625e-05,92521,origin
SAT,0.47670852070871655,-0.00015679974940352448,task_factorized_capacity_gated_q4,0.2802671128621679,-7.970596167583555e-06,41253,origin
SAV,0.553525518265826,-0.0004538378193951198,task_factorized_capacity_gated_q4,0.3246300214643209,-3.950993195150909e-05,18659,origin
SDF,0.5228207425626112,-0.0011214654741795727,task_factorized_capacity_gated_q4,0.30449433268928855,-9.209058953452143e-05,22203,origin
SEA,0.5344636314974281,-0.00011349611502020629,task_factorized_capacity_gated_q4,0.33089306508143,4.541850648909218e-06,145024,origin
SFO,0.49717993331452126,-0.0003626954031079044,task_factorized_capacity_gated_q4,0.30294506461255544,-8.419142401849822e-06,130201,origin
SJC,0.43339069557483495,-7.473202839652915e-05,task_factorized_capacity_gated_q4,0.25509544766627074,8.600112989531894e-07,45114,origin
SJU,0.529306827118428,-0.00028678644718183044,task_factorized_capacity_gated_q4,0.3253850242536418,-2.258555234235793e-05,34352,origin
SLC,0.4567069013274735,-0.0003773464153022932,task_factorized_capacity_gated_q4,0.27378146665467856,-9.983553914238996e-06,95416,origin
SMF,0.45163255788100065,-0.0001475629582493032,task_factorized_capacity_gated_q4,0.2692784113050771,5.208512516785557e-06,56514,origin
SNA,0.4895856467552156,-0.0005568544143123022,task_factorized_capacity_gated_q4,0.290032733474436,-3.445248264882794e-05,42958,origin
STL,0.5190872167112368,-0.0004588857760916554,task_factorized_capacity_gated_q4,0.3141133065494253,7.334040477147141e-07,62551,origin
SYR,0.5835424272302996,-0.002792253475677575,task_factorized_capacity_gated_q4,0.3501124822699008,-0.00023261322278989027,9782,origin
TPA,0.5258789423315003,-0.0008430474580112257,task_factorized_capacity_gated_q4,0.3205276971506604,-6.375553351511964e-05,77003,origin
TUL,0.5240846840983787,-0.0015779518744855059,task_factorized_capacity_gated_q4,0.3078754233400127,-0.00010691922673755627,18006,origin
TUS,0.44260131988028856,-0.00017017530489987776,task_factorized_capacity_gated_q4,0.2556818957884369,-1.6434644659057973e-06,19884,origin
TYS,0.5852121064555093,-0.0009649222074518127,task_factorized_capacity_gated_q4,0.3526997061376849,-7.539042236609506e-05,11396,origin
XNA,0.5648794507775433,-0.0018039050498362963,task_factorized_capacity_gated_q4,0.33699315679593383,-6.156359069797723e-05,12083,origin
ABQ,0.4538730389196135,-0.0008661096563700177,cancel_normalized_capacity__delay_flare24,0.26597082597597266,-2.4091393102221303e-05,24880,origin
ALB,0.5387123184488185,-0.002738513781383456,cancel_normalized_capacity__delay_flare24,0.32204510631895245,-0.00025335196185866105,11939,origin
ANC,0.4711281402243214,-0.00017729080516759588,cancel_normalized_capacity__delay_flare24,0.2777743104356626,-6.3565003645127405e-06,12629,origin
ATL,0.5681153254112177,-0.0008783781729035933,cancel_normalized_capacity__delay_flare24,0.34800849309484977,-5.9312767304864344e-06,266525,origin
AUS,0.5239927221207215,-0.0008754716275038987,cancel_normalized_capacity__delay_flare24,0.32258989644309993,-5.234401268622291e-05,82370,origin
BDL,0.5255373139650829,-0.0011611420539884287,cancel_normalized_capacity__delay_flare24,0.31712097779050624,-0.00016762034011069682,22764,origin
BHM,0.5184168750456276,-0.0028919900632805584,cancel_normalized_capacity__delay_flare24,0.30425459882395,-0.00038738242851793503,16638,origin
BNA,0.5305347815735317,-0.0011818360641028258,cancel_normalized_capacity__delay_flare24,0.3247534762030469,-5.252318949089396e-05,99747,origin
BOI,0.42344901686704406,0.00017829622394821554,cancel_normalized_capacity__delay_flare24,0.25165625346049714,2.0567601083987253e-05,23112,origin
BOS,0.5609367124471225,-0.0014671138300502706,cancel_normalized_capacity__delay_flare24,0.34340199532351184,-0.00017006147745535216,138336,origin
BUF,0.5376653856809761,-0.00186533908078379,cancel_normalized_capacity__delay_flare24,0.3223087488629563,-0.00044406915891193055,20374,origin
BUR,0.48484690129416985,0.0010386287204366407,cancel_normalized_capacity__delay_flare24,0.2791324664561417,0.0001463281008774464,29719,origin
BWI,0.5318939979191479,-0.0007698911280048515,cancel_normalized_capacity__delay_flare24,0.32195301217454303,-3.741473872004297e-05,90284,origin
CHS,0.553368956913896,-0.002298330686339556,cancel_normalized_capacity__delay_flare24,0.3263008548023583,-0.00037061312770642063,24294,origin
CLE,0.5197566505386776,-0.0021002834880146093,cancel_normalized_capacity__delay_flare24,0.3084175524428073,-0.00044787977402405144,39356,origin
CLT,0.5747080082408259,-0.0027856429046835274,cancel_normalized_capacity__delay_flare24,0.3537601463658066,-0.00018064367422809813,158932,origin
CMH,0.5124129773020075,-0.0014682394749074845,cancel_normalized_capacity__delay_flare24,0.30685269830369005,-0.0003195405391127615,43587,origin
COS,0.5462776592701848,-0.0026743871517650453,cancel_normalized_capacity__delay_flare24,0.33167012544993696,-0.00015856845645711992,13037,origin
CVG,0.5406626575789257,-0.002106441864139774,cancel_normalized_capacity__delay_flare24,0.32652896194503617,-0.0003642193347506151,30824,origin
DAL,0.5573716396043935,-0.00031356849131913833,cancel_normalized_capacity__delay_flare24,0.3403297650206952,8.519021215197542e-05,65842,origin
DAY,0.5498839260367654,-0.003285360625742695,cancel_normalized_capacity__delay_flare24,0.32268985690684593,-0.0002969831712983928,7562,origin
DCA,0.6536845133980053,-0.005252335728354485,cancel_normalized_capacity__delay_flare24,0.39342280739893004,-0.0007396567019849476,127289,origin
DEN,0.5432042020507464,-0.0003779348602785948,cancel_normalized_capacity__delay_flare24,0.34324948668498845,1.5774004269442088e-08,243152,origin
DFW,0.6678492827058979,-0.0012929256025031588,cancel_normalized_capacity__delay_flare24,0.40925278100571805,-5.3548970848027455e-05,221410,origin
DSM,0.5401043299597894,-0.002947169867834498,cancel_normalized_capacity__delay_flare24,0.31782015932977997,-0.0004100641346757583,13622,origin
DTW,0.523414493532774,-0.0009950077023032078,cancel_normalized_capacity__delay_flare24,0.3197176137097439,-0.00014686944343633712,108498,origin
ELP,0.47416713091116813,-0.0011961873366470033,cancel_normalized_capacity__delay_flare24,0.2785319933503833,-7.576899040900864e-05,16763,origin
EWR,0.6087603700088645,-0.004871188435049412,cancel_normalized_capacity__delay_flare24,0.36912391057789734,-0.0004897944970535528,113771,origin
FAT,0.47747057866788967,-0.00010905345493722463,cancel_normalized_capacity__delay_flare24,0.2860031056904091,-1.2635546222272698e-05,13175,origin
FLL,0.5526132061558826,-0.0013131584125177787,cancel_normalized_capacity__delay_flare24,0.3401760590328804,-5.4584030364679403e-05,81633,origin
GEG,0.4267426506909257,-0.0004087615620482765,cancel_normalized_capacity__delay_flare24,0.25319352590491007,-2.9735542094122547e-05,17884,origin
GRR,0.5407266071562559,-0.0024260757113464537,cancel_normalized_capacity__delay_flare24,0.32777560074587314,-0.00024917845057093047,16731,origin
GSO,0.5312077180970273,-0.004442251143523701,cancel_normalized_capacity__delay_flare24,0.3045279045946512,-0.00047065468496471086,10163,origin
GSP,0.5082767591429396,-0.0030913804343163376,cancel_normalized_capacity__delay_flare24,0.2957640963136164,-0.0003753244655935739,13691,origin
HNL,0.43250584584194474,-0.00014929952007025626,cancel_normalized_capacity__delay_flare24,0.247890577142881,1.0058487059178e-05,51232,origin
HOU,0.5180293518945386,-0.001066641178077421,cancel_normalized_capacity__delay_flare24,0.31425432713559937,-7.520457298443306e-05,50539,origin
HPN,0.5769185297322861,-0.005486405684395734,cancel_normalized_capacity__delay_flare24,0.3440316516957547,-0.0006428222152071728,10381,origin
IAD,0.5086896694915629,-0.001186888490081528,cancel_normalized_capacity__delay_flare24,0.3100638756248047,-0.00012042856619498554,54506,origin
IAH,0.544783811641622,-0.0011377465472109938,cancel_normalized_capacity__delay_flare24,0.3331590016293901,-9.421871631387635e-05,107923,origin
ICT,0.5801431661866159,-0.004028376278144674,cancel_normalized_capacity__delay_flare24,0.34711656760631204,-0.0005820673204463556,10780,origin
IND,0.5060929364283018,-0.0011725980295672622,cancel_normalized_capacity__delay_flare24,0.30011916131669714,-0.00024580463013246234,45448,origin
JAX,0.5189669428552184,-0.0016750849684173952,cancel_normalized_capacity__delay_flare24,0.3056564707148316,-0.00010209036315822484,27657,origin
JFK,0.5839089342315302,-0.0018869515742990783,cancel_normalized_capacity__delay_flare24,0.35652909028728547,-0.0003078474253100927,100462,origin
KOA,0.4060747704246308,-0.0002586107811570759,cancel_normalized_capacity__delay_flare24,0.22321944622724293,3.1206506860281813e-06,15585,origin
LAS,0.5075418304119649,-0.0004332597403207128,cancel_normalized_capacity__delay_flare24,0.31106488367564433,-8.213182431882071e-06,173080,origin
LAX,0.46837225878942185,-0.0005294272338822736,cancel_normalized_capacity__delay_flare24,0.2799049718937917,-1.9485036262145705e-05,178888,origin
LGA,0.6273177886478938,-0.0033001660163851643,cancel_normalized_capacity__delay_flare24,0.381675755238063,-0.0005942837539106849,129295,origin
LGB,0.39860155283826526,0.00041937360127619616,cancel_normalized_capacity__delay_flare24,0.22909768323561835,2.1266692424803946e-05,16513,origin
LIH,0.42684766326916307,-0.0006484277864498011,cancel_normalized_capacity__delay_flare24,0.23971725638249625,-8.52856949024039e-06,15466,origin
LIT,0.5582858268744295,-0.002714491256381013,cancel_normalized_capacity__delay_flare24,0.3347144420714202,-0.00017724975820143651,12520,origin
MAF,0.5025041224382168,-0.0022399402071264785,cancel_normalized_capacity__delay_flare24,0.2940355976108896,-0.00010858948125486156,9750,origin
MCI,0.5230275591120546,-0.001381396809490898,cancel_normalized_capacity__delay_flare24,0.31525270184256027,-0.0001432458664933356,47217,origin
MCO,0.5385400104863636,-0.0010174285744055656,cancel_normalized_capacity__delay_flare24,0.33286947559799335,-3.164434072933098e-05,150588,origin
MDW,0.5217832381548919,-0.0012810001120359127,cancel_normalized_capacity__delay_flare24,0.31992007694026925,-6.145179093119957e-05,71497,origin
MEM,0.5260443131909215,-0.0012754303761638441,cancel_normalized_capacity__delay_flare24,0.3128594524940332,-0.00021080795945349617,23500,origin
MIA,0.584002554026277,-0.0016209471359150962,cancel_normalized_capacity__delay_flare24,0.36585816966677676,-0.00011234533764653554,104569,origin
MKE,0.525197458395223,-0.0020321790936124184,cancel_normalized_capacity__delay_flare24,0.3146175375510173,-0.0002208565113003269,27310,origin
MSN,0.5308419865752121,-0.002373366627652973,cancel_normalized_capacity__delay_flare24,0.3162424829082919,-0.0003756541650393186,12612,origin
MSP,0.5005968993928861,-0.0007875459531310192,cancel_normalized_capacity__delay_flare24,0.30640459960128175,-8.528041245042806e-05,91402,origin
MSY,0.5465366376488969,-0.0023676221220834126,cancel_normalized_capacity__delay_flare24,0.3279187505161902,-0.00016637212291648051,50424,origin
MYR,0.555109131203453,-0.0030376501351063734,cancel_normalized_capacity__delay_flare24,0.3264096093350399,-0.000444433558142443,12929,origin
OAK,0.44292202313290524,-1.9152929097543403e-05,cancel_normalized_capacity__delay_flare24,0.2639089448152545,2.47863704282425e-05,33273,origin
OGG,0.42944712810382896,0.000175748183066482,cancel_normalized_capacity__delay_flare24,0.24238635308944384,4.082627416387985e-05,24858,origin
OKC,0.5253813342346729,-0.0017558828439045993,cancel_normalized_capacity__delay_flare24,0.3156562946197441,-0.00011005768657407211,23776,origin
OMA,0.49417550552421957,-0.0014549273695863563,cancel_normalized_capacity__delay_flare24,0.29296250141192337,-0.00014102922362380088,23836,origin
ONT,0.45666054279311324,-0.00027178427573743,cancel_normalized_capacity__delay_flare24,0.2683178085880037,4.153979655846518e-05,25833,origin
ORD,0.580104581287521,-0.0017769810100283223,cancel_normalized_capacity__delay_flare24,0.3588847223050807,-0.00015653171559038004,257943,origin
ORF,0.5569106786235352,-0.004162604339974063,cancel_normalized_capacity__delay_flare24,0.33074149910639883,-0.0005744876121584475,19573,origin
PBI,0.5693238019738315,-0.0018827991414918088,cancel_normalized_capacity__delay_flare24,0.3497151893359564,-7.273978633781653e-05,28349,origin
PDX,0.4760256857962747,-0.0002988635223844516,cancel_normalized_capacity__delay_flare24,0.284343058034269,9.72669187049302e-06,58871,origin
PHL,0.6047778196697299,-0.0019848368494588264,cancel_normalized_capacity__delay_flare24,0.37196068031263196,-0.00022160275271054797,92497,origin
PHX,0.5013033078222543,-0.0006190480268349896,cancel_normalized_capacity__delay_flare24,0.3060290022494702,-7.267242861375145e-06,175652,origin
PIT,0.49234997705020483,-0.0016996782433462698,cancel_normalized_capacity__delay_flare24,0.2912138836477804,-0.00025760559939924654,41531,origin
PNS,0.5465695697546721,-0.001993754040928719,cancel_normalized_capacity__delay_flare24,0.3160297325669175,-0.00015541469341789904,13723,origin
PSP,0.481055349227808,-4.3185918693011693e-05,cancel_normalized_capacity__delay_flare24,0.29138983027873566,9.504658364800633e-06,14520,origin
PVD,0.5429639136087668,-0.002410211280696073,cancel_normalized_capacity__delay_flare24,0.3246543692375946,-0.000295178355839365,15164,origin
PWM,0.5492570298500539,-0.0033807504251838205,cancel_normalized_capacity__delay_flare24,0.3271834275244538,-0.0005680770409327573,10630,origin
RDU,0.5240793318800306,-0.00241098483468305,cancel_normalized_capacity__delay_flare24,0.31278486923445936,-0.00019595669468852606,54711,origin
RIC,0.5499697209376992,-0.002109561452142472,cancel_normalized_capacity__delay_flare24,0.3289854788164945,-0.0003063358210131928,17525,origin
RNO,0.48721344948227674,0.0009552122771485094,cancel_normalized_capacity__delay_flare24,0.28591172312235824,9.776534872735221e-05,20662,origin
ROC,0.5616340289143087,-0.0025894807913058315,cancel_normalized_capacity__delay_flare24,0.338300062894187,-0.000299420075839385,9914,origin
RSW,0.514763232785939,-0.00105138226814383,cancel_normalized_capacity__delay_flare24,0.30963510413280476,-1.8617478612092953e-06,33899,origin
SAN,0.5363701862787292,-0.00047857340418799854,cancel_normalized_capacity__delay_flare24,0.32646911392277517,3.1633441354705916e-06,92521,origin
SAT,0.4759109272445849,-0.0009543932135351874,cancel_normalized_capacity__delay_flare24,0.2802221108098726,-5.297264846287897e-05,41253,origin
SAV,0.5524117295045338,-0.0015676265806873202,cancel_normalized_capacity__delay_flare24,0.3244944371089621,-0.00017509428731032894,18659,origin
SDF,0.5214536421738418,-0.002488565862948988,cancel_normalized_capacity__delay_flare24,0.3042962485723424,-0.00029017470648068366,22203,origin
SEA,0.5341984618968405,-0.000378665715607851,cancel_normalized_capacity__delay_flare24,0.33087559152028156,-1.2931710499541893e-05,145024,origin
SFO,0.4970994316419242,-0.0004431970757049486,cancel_normalized_capacity__delay_flare24,0.3029392687846548,-1.4214970302461882e-05,130201,origin
SJC,0.4335360651632277,7.063755999620058e-05,cancel_normalized_capacity__delay_flare24,0.25513401899105415,3.943133608236282e-05,45114,origin
SJU,0.5293895582569618,-0.00020405530864808785,cancel_normalized_capacity__delay_flare24,0.32537386029275045,-3.374951323370512e-05,34352,origin
SLC,0.4565960913235821,-0.0004881564191936971,cancel_normalized_capacity__delay_flare24,0.27380013645689405,8.686248301248423e-06,95416,origin
SMF,0.45161587312398715,-0.0001642477152627997,cancel_normalized_capacity__delay_flare24,0.2692991683592303,2.596556666994987e-05,56514,origin
SNA,0.48998092039201524,-0.00016158077751265987,cancel_normalized_capacity__delay_flare24,0.29006137776754226,-5.808189542544362e-06,42958,origin
STL,0.5183920022520184,-0.0011541002353100405,cancel_normalized_capacity__delay_flare24,0.31405183897645944,-6.0734168918163967e-05,62551,origin
SYR,0.5816392509754111,-0.004695429730566025,cancel_normalized_capacity__delay_flare24,0.3497012111958555,-0.0006438842968352065,9782,origin
TPA,0.525254453039091,-0.0014675367504205505,cancel_normalized_capacity__delay_flare24,0.3204949275257498,-9.652515842567544e-05,77003,origin
TUL,0.5220786575946071,-0.00358397837825708,cancel_normalized_capacity__delay_flare24,0.3076864157579828,-0.00029592680876749933,18006,origin
TUS,0.4418262285662826,-0.0009452666189058156,cancel_normalized_capacity__delay_flare24,0.25563087601598233,-5.2663236920491574e-05,19884,origin
TYS,0.5829170768508398,-0.0032599518121212423,cancel_normalized_capacity__delay_flare24,0.3522624857658558,-0.000512610794195234,11396,origin
XNA,0.5625368030299089,-0.004146552797470671,cancel_normalized_capacity__delay_flare24,0.3366882572738151,-0.0003664631128167395,12083,origin
ABQ,0.5050100196377098,0.0,flare24,0.3075750832488989,0.0,24916,destination
ALB,0.5811464043392306,0.0,flare24,0.3582140838507694,0.0,11957,destination
ANC,0.5747996472472975,0.0,flare24,0.36584293332149315,0.0,12607,destination
ATL,0.5069627195542797,0.0,flare24,0.29631959551261916,0.0,266417,destination
AUS,0.5271700768878044,0.0,flare24,0.3264646571215245,0.0,82354,destination
BDL,0.5515006672755014,0.0,flare24,0.33980204084169435,0.0,22812,destination
BHM,0.568973402810016,0.0,flare24,0.34252131597566726,0.0,16658,destination
BNA,0.5298691226020603,0.0,flare24,0.32429342614317597,0.0,99683,destination
BOI,0.46996845447340124,0.0,flare24,0.28752709080233224,0.0,23137,destination
BOS,0.5807290187216118,0.0,flare24,0.35915593601513157,0.0,138635,destination
BUF,0.5963954458151797,0.0,flare24,0.36845308061136944,0.0,20385,destination
BUR,0.5150693977643899,0.0,flare24,0.3079378719357677,0.0,29665,destination
BWI,0.5027254638732117,0.0,flare24,0.29706777702080445,0.0,90266,destination
CHS,0.5884804558625087,0.0,flare24,0.3535734729913019,0.0,24315,destination
CLE,0.5553454429242285,0.0,flare24,0.33647706760804413,0.0,39597,destination
CLT,0.5179552389462015,0.0,flare24,0.3043239093668552,0.0,159104,destination
CMH,0.5529935596607178,0.0,flare24,0.3395118161687253,0.0,43628,destination
COS,0.5761072789938678,0.0,flare24,0.3561182905247775,0.0,13045,destination
CVG,0.5803390417103766,0.0,flare24,0.3568584799754158,0.0,30871,destination
DAL,0.5221281971573863,0.0,flare24,0.31085558543049957,0.0,65689,destination
DAY,0.6179438050193257,0.0,flare24,0.3771275774038368,0.0,7586,destination
DCA,0.6696215282045626,0.0,flare24,0.40413884926340793,0.0,126909,destination
DEN,0.522189614618519,0.0,flare24,0.324782472349747,0.0,242679,destination
DFW,0.6367967729474526,0.0,flare24,0.3782948150267226,0.0,220823,destination
DSM,0.5890492988410806,0.0,flare24,0.3548354979450488,0.0,13628,destination
DTW,0.496900778286055,0.0,flare24,0.29781149923807965,0.0,108627,destination
ELP,0.5297353641143024,0.0,flare24,0.324914787121765,0.0,16785,destination
EWR,0.6212481267663377,0.0,flare24,0.37773120538662885,0.0,113538,destination
FAT,0.49081273751101684,0.0,flare24,0.2987741447069803,0.0,13202,destination
FLL,0.5609557438448315,0.0,flare24,0.3449747946353131,0.0,81681,destination
GEG,0.49768849764786255,0.0,flare24,0.30780966531827963,0.0,17909,destination
GRR,0.5681778985915913,0.0,flare24,0.34904599716132984,0.0,16756,destination
GSO,0.5976609210534848,0.0,flare24,0.356157116992058,0.0,10168,destination
GSP,0.5924416800559084,0.0,flare24,0.36045675880067696,0.0,13717,destination
HNL,0.45648696549059165,0.0,flare24,0.26644236473973193,0.0,51167,destination
HOU,0.5039724681712529,0.0,flare24,0.30439114304924647,0.0,50457,destination
HPN,0.6076436876827708,0.0,flare24,0.3692022562206278,0.0,10331,destination
IAD,0.4818723334784051,0.0,flare24,0.28804087371310344,0.0,54557,destination
IAH,0.5203330119478149,0.0,flare24,0.31226570297350076,0.0,107870,destination
ICT,0.6000021855867234,0.0,flare24,0.3661457103122282,0.0,10762,destination
IND,0.5522512814284338,0.0,flare24,0.3351158272364686,0.0,45475,destination
JAX,0.580873915514778,0.0,flare24,0.3556596112620932,0.0,27680,destination
JFK,0.5599852278292645,0.0,flare24,0.33530094244586056,0.0,100285,destination
KOA,0.41217124254488174,0.0,flare24,0.23407214656028358,0.0,15564,destination
LAS,0.5040642962107259,0.0,flare24,0.30934691908633116,0.0,173350,destination
LAX,0.4760577625666718,0.0,flare24,0.2867416231801246,0.0,179186,destination
LGA,0.6231113013045572,0.0,flare24,0.37598882139085843,0.0,129044,destination
LGB,0.44575847711058925,0.0,flare24,0.26672356387975965,0.0,16524,destination
LIH,0.40254781791572697,0.0,flare24,0.22508793845748445,0.0,15453,destination
LIT,0.5855129008761633,0.0,flare24,0.3515816922509308,0.0,12514,destination
MAF,0.5520808650749003,0.0,flare24,0.3352762891234968,0.0,9750,destination
MCI,0.5474095160560826,0.0,flare24,0.3346936769098532,0.0,47193,destination
MCO,0.5413114176883889,0.0,flare24,0.3334098713957429,0.0,150336,destination
MDW,0.49718968674382635,0.0,flare24,0.2975061268766418,0.0,71436,destination
MEM,0.5785711538575485,0.0,flare24,0.35390460418764286,0.0,23521,destination
MIA,0.5528773920565427,0.0,flare24,0.3384866128228952,0.0,104647,destination
MKE,0.5649565145116325,0.0,flare24,0.3464027983890014,0.0,27335,destination
MSN,0.5915047301142637,0.0,flare24,0.36422285672947813,0.0,12642,destination
MSP,0.48465853691674965,0.0,flare24,0.293246450489805,0.0,91502,destination
MSY,0.5601126641885149,0.0,flare24,0.33900510107846143,0.0,50463,destination
MYR,0.5809800810622829,0.0,flare24,0.3491086275941706,0.0,12921,destination
OAK,0.46332180984690513,0.0,flare24,0.27855526190483054,0.0,33309,destination
OGG,0.3873959838133957,0.0,flare24,0.2149931013886738,0.0,24835,destination
OKC,0.562337396327871,0.0,flare24,0.34510600401407227,0.0,23744,destination
OMA,0.5401396338819701,0.0,flare24,0.33273188812522025,0.0,23837,destination
ONT,0.5091020045639391,0.0,flare24,0.31260153252022754,0.0,25851,destination
ORD,0.5744578454749909,0.0,flare24,0.3510350167008193,0.0,257904,destination
ORF,0.5994815147150665,0.0,flare24,0.3645011445882797,0.0,19570,destination
PBI,0.6089147255750381,0.0,flare24,0.381071425332073,0.0,28375,destination
PDX,0.4823716265667625,0.0,flare24,0.2917275942751132,0.0,58959,destination
PHL,0.5822132655653899,0.0,flare24,0.3517147576790554,0.0,92543,destination
PHX,0.5038098174576848,0.0,flare24,0.30541614310048965,0.0,175773,destination
PIT,0.544805537719139,0.0,flare24,0.332371756875957,0.0,41573,destination
PNS,0.5887094093683525,0.0,flare24,0.3514279925133341,0.0,13714,destination
PSP,0.4854992381874082,0.0,flare24,0.29547782057813216,0.0,14532,destination
PVD,0.575865690701905,0.0,flare24,0.3550399518032818,0.0,15168,destination
PWM,0.567668053753093,0.0,flare24,0.34372880537150446,0.0,10653,destination
RDU,0.5528036032215669,0.0,flare24,0.3367211218816649,0.0,54761,destination
RIC,0.5847201426305054,0.0,flare24,0.35826366208393956,0.0,17536,destination
RNO,0.505207475674854,0.0,flare24,0.3048028621902192,0.0,20609,destination
ROC,0.5977016958335767,0.0,flare24,0.3660847850590354,0.0,9899,destination
RSW,0.5409778759037484,0.0,flare24,0.3303209756970835,0.0,33874,destination
SAN,0.5635775569232949,0.0,flare24,0.35068605901026906,0.0,92512,destination
SAT,0.5337460686964467,0.0,flare24,0.3279912338022963,0.0,41298,destination
SAV,0.5924728403589538,0.0,flare24,0.3562581660491341,0.0,18664,destination
SDF,0.5689466659417083,0.0,flare24,0.340712087993845,0.0,22204,destination
SEA,0.5271624342941275,0.0,flare24,0.32230160931992086,0.0,145263,destination
SFO,0.5460869559513374,0.0,flare24,0.3416474817670937,0.0,130406,destination
SJC,0.4590532990271976,0.0,flare24,0.2758349724063483,0.0,45157,destination
SJU,0.5782783435717893,0.0,flare24,0.3696306643890308,0.0,34294,destination
SLC,0.43808865571641553,0.0,flare24,0.2601989800724977,0.0,95412,destination
SMF,0.4731852531294158,0.0,flare24,0.2879188014031828,0.0,56588,destination
SNA,0.4914511110012472,0.0,flare24,0.2926869425100081,0.0,42928,destination
STL,0.5024017924136648,0.0,flare24,0.3018600623601691,0.0,62601,destination
SYR,0.6237895563824051,0.0,flare24,0.38199622096640834,0.0,9778,destination
TPA,0.5479944922474289,0.0,flare24,0.338584660889653,0.0,77024,destination
TUL,0.5669722102102445,0.0,flare24,0.34327589006287174,0.0,18010,destination
TUS,0.5026859086637999,0.0,flare24,0.3046010820043362,0.0,19910,destination
TYS,0.6259440414320288,0.0,flare24,0.38541136167522744,0.0,11415,destination
XNA,0.582106783425644,0.0,flare24,0.34882112165522017,0.0,12069,destination
ABQ,0.5050223047225507,1.2285084840968352e-05,capacity_gated_simplex,0.30758811893867355,1.3035689774676396e-05,24916,destination
ALB,0.5810940083079255,-5.239603130513526e-05,capacity_gated_simplex,0.35822091013676965,6.826286000238824e-06,11957,destination
ANC,0.5748111286096457,1.1481362348186863e-05,capacity_gated_simplex,0.3658439005526809,9.672311877539919e-07,12607,destination
ATL,0.5069540864067249,-8.63314755483735e-06,capacity_gated_simplex,0.29632039654315717,8.010305380112825e-07,266417,destination
AUS,0.527169498699359,-5.781884453437414e-07,capacity_gated_simplex,0.32646611008567933,1.452964154824432e-06,82354,destination
BDL,0.5514716165484814,-2.9050727019974687e-05,capacity_gated_simplex,0.33980089882289843,-1.1420187959187977e-06,22812,destination
BHM,0.5689266966763342,-4.6706133681739814e-05,capacity_gated_simplex,0.34252260480481556,1.2888291482937575e-06,16658,destination
BNA,0.529859089524112,-1.0033077948334856e-05,capacity_gated_simplex,0.32429063118669316,-2.7949564828100293e-06,99683,destination
BOI,0.46997250934306795,4.054869666703098e-06,capacity_gated_simplex,0.28754279339481315,1.5702592480904e-05,23137,destination
BOS,0.5807161880754628,-1.283064614898688e-05,capacity_gated_simplex,0.3591520875457498,-3.848469381784181e-06,138635,destination
BUF,0.5963628666464034,-3.257916877630329e-05,capacity_gated_simplex,0.3684504868158678,-2.5937955016597236e-06,20385,destination
BUR,0.5150819178946678,1.2520130277970942e-05,capacity_gated_simplex,0.3079481502742965,1.0278338528790787e-05,29665,destination
BWI,0.5027028519489667,-2.2611924245019566e-05,capacity_gated_simplex,0.29706481145999075,-2.965560813694701e-06,90266,destination
CHS,0.5884461602351932,-3.429562731549485e-05,capacity_gated_simplex,0.3535739506716309,4.776803290140741e-07,24315,destination
CLE,0.5553301339498806,-1.5308974347871818e-05,capacity_gated_simplex,0.3364735463344823,-3.521273561846172e-06,39597,destination
CLT,0.5179358074816032,-1.943146459837397e-05,capacity_gated_simplex,0.3043207004009801,-3.2089658751344174e-06,159104,destination
CMH,0.5529767710333165,-1.6788627401287393e-05,capacity_gated_simplex,0.33950899201718415,-2.8241515411253637e-06,43628,destination
COS,0.5761096353824003,2.3563885325206257e-06,capacity_gated_simplex,0.356129506513614,1.1215988836521529e-05,13045,destination
CVG,0.5803236210675844,-1.542064279225208e-05,capacity_gated_simplex,0.3568542980036174,-4.18197179841151e-06,30871,destination
DAL,0.522121581636105,-6.615521281339021e-06,capacity_gated_simplex,0.31086028960101475,4.704170515179573e-06,65689,destination
DAY,0.6177034326739778,-0.00024037234534790564,capacity_gated_simplex,0.37709172405925706,-3.585334457972822e-05,7586,destination
DCA,0.6695345335570636,-8.699464749895025e-05,capacity_gated_simplex,0.40413038272677393,-8.466536633999766e-06,126909,destination
DEN,0.5221836331640947,-5.981454424319743e-06,capacity_gated_simplex,0.3247839267169182,1.454367171194182e-06,242679,destination
DFW,0.6367617267654965,-3.504618195615539e-05,capacity_gated_simplex,0.3782932903053365,-1.524721386092498e-06,220823,destination
DSM,0.5889475160593334,-0.00010178278174721722,capacity_gated_simplex,0.3548259766792175,-9.521265831313741e-06,13628,destination
DTW,0.4968817165191411,-1.906176691390815e-05,capacity_gated_simplex,0.2978108617305319,-6.375075477516035e-07,108627,destination
ELP,0.5297436940788717,8.329964569231407e-06,capacity_gated_simplex,0.3249341192586844,1.9332136919347764e-05,16785,destination
EWR,0.6212200315231937,-2.8095243143955173e-05,capacity_gated_simplex,0.3777268948808274,-4.310505801463638e-06,113538,destination
FAT,0.490844369756328,3.163224531116393e-05,capacity_gated_simplex,0.2988128365694818,3.8691862501494256e-05,13202,destination
FLL,0.5609448628728024,-1.0880972029059244e-05,capacity_gated_simplex,0.3449834605974065,8.665962093368229e-06,81681,destination
GEG,0.4976698993832135,-1.8598264649061225e-05,capacity_gated_simplex,0.30781179025983785,2.124941558212523e-06,17909,destination
GRR,0.5681004514786344,-7.744711295687434e-05,capacity_gated_simplex,0.3490378441450981,-8.15301623174891e-06,16756,destination
GSO,0.5975953606996586,-6.556035382621062e-05,capacity_gated_simplex,0.35614609502426786,-1.1021967790125764e-05,10168,destination
GSP,0.5923699571126146,-7.17229432937172e-05,capacity_gated_simplex,0.3604606830719471,3.9242712701614835e-06,13717,destination
HNL,0.4564667894593091,-2.0176031282570506e-05,capacity_gated_simplex,0.2664430668799883,7.021402563811563e-07,51167,destination
HOU,0.5039878016144577,1.5333443204812447e-05,capacity_gated_simplex,0.30439429252694494,3.1494776984719586e-06,50457,destination
HPN,0.6074964667993129,-0.00014722088345786588,capacity_gated_simplex,0.3692092129473208,6.9567266929859706e-06,10331,destination
IAD,0.48182475956608223,-4.757391232285135e-05,capacity_gated_simplex,0.28802985224910255,-1.102146400089321e-05,54557,destination
IAH,0.5203181522170278,-1.4859730787075698e-05,capacity_gated_simplex,0.3122597900279965,-5.912945504282785e-06,107870,destination
ICT,0.6000352377555658,3.3052168842417906e-05,capacity_gated_simplex,0.3661652965148695,1.9586202641308503e-05,10762,destination
IND,0.5522505937434182,-6.876850155990155e-07,capacity_gated_simplex,0.33511542485158546,-4.023848831358201e-07,45475,destination
JAX,0.5808522953847547,-2.16201300232699e-05,capacity_gated_simplex,0.3556604269547504,8.156926571967205e-07,27680,destination
JFK,0.5599730319562836,-1.2195872980957922e-05,capacity_gated_simplex,0.3353003125666581,-6.298792024628241e-07,100285,destination
KOA,0.41215236892346174,-1.8873621420001374e-05,capacity_gated_simplex,0.2340672969835368,-4.849576746790429e-06,15564,destination
LAS,0.5040689887360766,4.692525350735721e-06,capacity_gated_simplex,0.3093495844882844,2.6654019532612594e-06,173350,destination
LAX,0.47605594012377717,-1.822442894650056e-06,capacity_gated_simplex,0.28674122559808946,-3.9758203512763046e-07,179186,destination
LGA,0.6231030350897064,-8.266214850727316e-06,capacity_gated_simplex,0.3759893823653378,5.609744793688698e-07,129044,destination
LGB,0.44575002096340866,-8.456147180591067e-06,capacity_gated_simplex,0.26672295024081405,-6.136389456012914e-07,16524,destination
LIH,0.4025316957174478,-1.6122198279178157e-05,capacity_gated_simplex,0.22509054181208168,2.6033545972303784e-06,15453,destination
LIT,0.5854222901700173,-9.061070614591049e-05,capacity_gated_simplex,0.35159062378205497,8.931531124189984e-06,12514,destination
MAF,0.5520186596331808,-6.220544171953168e-05,capacity_gated_simplex,0.33528751558160524,1.1226458108470894e-05,9750,destination
MCI,0.5473941322946079,-1.5383761474696556e-05,capacity_gated_simplex,0.3346904788408651,-3.1980689880750646e-06,47193,destination
MCO,0.5413022832672113,-9.134421177559027e-06,capacity_gated_simplex,0.3334063255519531,-3.5458437898094886e-06,150336,destination
MDW,0.4971758032464219,-1.3883497404443279e-05,capacity_gated_simplex,0.29750588059122174,-2.4628542005800114e-07,71436,destination
MEM,0.5785316281504793,-3.9525707069221205e-05,capacity_gated_simplex,0.3539008452661773,-3.7589214655353587e-06,23521,destination
MIA,0.5528727348214341,-4.657235108673774e-06,capacity_gated_simplex,0.33848693973062316,3.2690772794330414e-07,104647,destination
MKE,0.5649444708847272,-1.2043626905322569e-05,capacity_gated_simplex,0.34640159918644015,-1.1992025612528323e-06,27335,destination
MSN,0.5914094755369101,-9.525457735359844e-05,capacity_gated_simplex,0.3642057926977017,-1.7064031776425903e-05,12642,destination
MSP,0.48463489735920534,-2.3639557544308243e-05,capacity_gated_simplex,0.2932426336869532,-3.816802851830392e-06,91502,destination
MSY,0.560106345340209,-6.318848305930658e-06,capacity_gated_simplex,0.33900078715663357,-4.313921827869827e-06,50463,destination
MYR,0.580945182845702,-3.48982165809808e-05,capacity_gated_simplex,0.3491106485658238,2.020971653193815e-06,12921,destination
OAK,0.46332285179489424,1.0419479891110583e-06,capacity_gated_simplex,0.27855833134314684,3.0694383162943595e-06,33309,destination
OGG,0.38740946081746497,1.3477004069284426e-05,capacity_gated_simplex,0.2149964628085602,3.3614198863829436e-06,24835,destination
OKC,0.5623377026530351,3.063251640122999e-07,capacity_gated_simplex,0.3451111471479069,5.143133834650815e-06,23744,destination
OMA,0.5401286661651716,-1.0967716798426785e-05,capacity_gated_simplex,0.33274407117404514,1.2183048824887521e-05,23837,destination
ONT,0.5090999079002266,-2.0966637124253396e-06,capacity_gated_simplex,0.31260745130043494,5.918780207392338e-06,25851,destination
ORD,0.5744063714482178,-5.147402677307955e-05,capacity_gated_simplex,0.3510230575381343,-1.1959162685037938e-05,257904,destination
ORF,0.5994036266497585,-7.788806530795167e-05,capacity_gated_simplex,0.36450198528904415,8.40700764448421e-07,19570,destination
PBI,0.608915547895679,8.223206409141426e-07,capacity_gated_simplex,0.3810787562375898,7.330905516800268e-06,28375,destination
PDX,0.4823641311247912,-7.495441971316907e-06,capacity_gated_simplex,0.29172781191485114,2.1763973795385638e-07,58959,destination
PHL,0.5821821733819167,-3.1092183473191426e-05,capacity_gated_simplex,0.35171300326245786,-1.7544165975547088e-06,92543,destination
PHX,0.503807792016875,-2.0254408098496768e-06,capacity_gated_simplex,0.30541512921073477,-1.0138897548750414e-06,175773,destination
PIT,0.5448051866903746,-3.510287643893051e-07,capacity_gated_simplex,0.3323713111672715,-4.457086855147452e-07,41573,destination
PNS,0.5886967059514714,-1.2703416881088003e-05,capacity_gated_simplex,0.3514279954403249,2.9269907608764356e-09,13714,destination
PSP,0.48550382242501344,4.584237605242958e-06,capacity_gated_simplex,0.29548772935024087,9.908772108713215e-06,14532,destination
PVD,0.5757311427875005,-0.00013454791440448144,capacity_gated_simplex,0.3550176369960676,-2.2314807214207644e-05,15168,destination
PWM,0.5675333411592731,-0.00013471259381991896,capacity_gated_simplex,0.34371135383637025,-1.7451535134216378e-05,10653,destination
RDU,0.5527923021361697,-1.130108539715291e-05,capacity_gated_simplex,0.3367166547171591,-4.467164505805865e-06,54761,destination
RIC,0.5846021707231174,-0.00011797190738804808,capacity_gated_simplex,0.3582505736679856,-1.3088415953987909e-05,17536,destination
RNO,0.5052037629716454,-3.712703208647028e-06,capacity_gated_simplex,0.30480750837601933,4.646185800150082e-06,20609,destination
ROC,0.5975569168551452,-0.00014477897843145904,capacity_gated_simplex,0.36609296548089654,8.180421861125886e-06,9899,destination
RSW,0.5409657495441803,-1.2126359568043199e-05,capacity_gated_simplex,0.3303185763630769,-2.39933400664194e-06,33874,destination
SAN,0.5635781640569759,6.071336809965189e-07,capacity_gated_simplex,0.3506885466225157,2.487612246637738e-06,92512,destination
SAT,0.5337424748712197,-3.593825226966274e-06,capacity_gated_simplex,0.32798855461903204,-2.679183264242546e-06,41298,destination
SAV,0.592475972842298,3.132483344270298e-06,capacity_gated_simplex,0.35626192082814745,3.754779013376286e-06,18664,destination
SDF,0.5689356976935174,-1.0968248190912355e-05,capacity_gated_simplex,0.34071310900532875,1.0210114837483353e-06,22204,destination
SEA,0.527156728070481,-5.706223646484432e-06,capacity_gated_simplex,0.3222998003396031,-1.8089803177634423e-06,145263,destination
SFO,0.5460833454598798,-3.610491457584075e-06,capacity_gated_simplex,0.341648636808188,1.155041094325071e-06,130406,destination
SJC,0.4590542818634507,9.828362531050239e-07,capacity_gated_simplex,0.27583624740070317,1.2749943548717724e-06,45157,destination
SJU,0.5782611438920198,-1.719967976954173e-05,capacity_gated_simplex,0.3696331004378562,2.4360488253827306e-06,34294,destination
SLC,0.43807505484489473,-1.3600871520802471e-05,capacity_gated_simplex,0.2601963226442335,-2.6574282642188862e-06,95412,destination
SMF,0.47318464976617197,-6.033632438118275e-07,capacity_gated_simplex,0.28792124897635574,2.4475731729145522e-06,56588,destination
SNA,0.49144709421129085,-4.0167899563736675e-06,capacity_gated_simplex,0.2926870948755334,1.523655253077294e-07,42928,destination
STL,0.5024062969694639,4.504555799145216e-06,capacity_gated_simplex,0.3018717306818909,1.1668321721780561e-05,62601,destination
SYR,0.6237329152746798,-5.664110772529707e-05,capacity_gated_simplex,0.3819833330847805,-1.2887881627843267e-05,9778,destination
TPA,0.5479883429267911,-6.149320637804934e-06,capacity_gated_simplex,0.338583576804462,-1.084085191005446e-06,77024,destination
TUL,0.5669077623604686,-6.44478497758838e-05,capacity_gated_simplex,0.3432837203725169,7.83030964518483e-06,18010,destination
TUS,0.502688996294473,3.0876306730265313e-06,capacity_gated_simplex,0.30461342847069717,1.2346466360946273e-05,19910,destination
TYS,0.6259277910370044,-1.6250395024397513e-05,capacity_gated_simplex,0.38543320027641476,2.1838601187318396e-05,11415,destination
XNA,0.581998970769373,-0.00010781265627102243,capacity_gated_simplex,0.3488162245834238,-4.89707179635035e-06,12069,destination
ABQ,0.5047390536405528,-0.0002709659971569245,task_factorized_global_q4,0.3075556604021498,-1.9422846749050926e-05,24916,destination
ALB,0.5798968526031484,-0.0012495517360822106,task_factorized_global_q4,0.35812265218252437,-9.143166824504556e-05,11957,destination
ANC,0.5750966012976296,0.0002969540503321433,task_factorized_global_q4,0.3658738491841429,3.091586264974966e-05,12607,destination
ATL,0.5062484141976918,-0.0007143053565878965,task_factorized_global_q4,0.2963414456563486,2.18501437294627e-05,266417,destination
AUS,0.527038031850991,-0.00013204503681341073,task_factorized_global_q4,0.3264584575159415,-6.199605583012691e-06,82354,destination
BDL,0.5507392561452041,-0.0007614111302972626,task_factorized_global_q4,0.33969701110302236,-0.00010502973867199117,22812,destination
BHM,0.5674988340701109,-0.0014745687399050356,task_factorized_global_q4,0.34237469700892653,-0.00014661896674073027,16658,destination
BNA,0.5293753618740372,-0.000493760728023096,task_factorized_global_q4,0.32428332159642553,-1.0104546750433485e-05,99683,destination
BOI,0.4697782378812494,-0.00019021659215184838,task_factorized_global_q4,0.2875312741524646,4.183350132358488e-06,23137,destination
BOS,0.5799934203740396,-0.0007355983475721972,task_factorized_global_q4,0.35905494938081006,-0.00010098663432150934,138635,destination
BUF,0.5948784659641294,-0.0015169798510502597,task_factorized_global_q4,0.3682746290166537,-0.000178451594715745,20385,destination
BUR,0.5146899020374107,-0.000379495726979151,task_factorized_global_q4,0.30793275113691587,-5.1207988518431335e-06,29665,destination
BWI,0.5018399081749803,-0.000885555698231455,task_factorized_global_q4,0.29703167311746376,-3.610390334068958e-05,90266,destination
CHS,0.5874064204397064,-0.0010740354228023774,task_factorized_global_q4,0.353523751151298,-4.972184000384683e-05,24315,destination
CLE,0.5549670645282205,-0.0003783783960079612,task_factorized_global_q4,0.3364817749652135,4.707357169342341e-06,39597,destination
CLT,0.5173499276964675,-0.000605311249734064,task_factorized_global_q4,0.3042960999174558,-2.7809449399396335e-05,159104,destination
CMH,0.5524770628356858,-0.0005164968250320756,task_factorized_global_q4,0.3394613506974147,-5.0465471310601195e-05,43628,destination
COS,0.5762983635617253,0.00019108456785743577,task_factorized_global_q4,0.35612689802560454,8.607500827040315e-06,13045,destination
CVG,0.5795153708795548,-0.0008236708308217988,task_factorized_global_q4,0.3568296540398761,-2.8825935539711356e-05,30871,destination
DAL,0.5215461904203106,-0.0005820067370757576,task_factorized_global_q4,0.31085878798169764,3.202551198067116e-06,65689,destination
DAY,0.6164874219171217,-0.001456383102203973,task_factorized_global_q4,0.37705466536854776,-7.291203528903001e-05,7586,destination
DCA,0.66678745245573,-0.002834075748832543,task_factorized_global_q4,0.40383062205274695,-0.0003082272106609829,126909,destination
DEN,0.5220540194932847,-0.00013559512523431128,task_factorized_global_q4,0.3247962408186834,1.3768468936414813e-05,242679,destination
DFW,0.6358705756671504,-0.0009261972803021878,task_factorized_global_q4,0.3782355476620316,-5.92673646909736e-05,220823,destination
DSM,0.5882576604664211,-0.0007916383746594535,task_factorized_global_q4,0.3547456677776463,-8.983016740249372e-05,13628,destination
DTW,0.49656210565644865,-0.00033867262960635136,task_factorized_global_q4,0.2978041027566547,-7.396481424948309e-06,108627,destination
ELP,0.5296198169514702,-0.00011554716283224131,task_factorized_global_q4,0.3249241576303099,9.370508544881417e-06,16785,destination
EWR,0.6189353492862855,-0.0023127774800522083,task_factorized_global_q4,0.37743437853324907,-0.00029682685337978354,113538,destination
FAT,0.49062865871826117,-0.00018407879275567085,task_factorized_global_q4,0.2988011130230336,2.6968316053255226e-05,13202,destination
FLL,0.5603474890237982,-0.0006082548210333272,task_factorized_global_q4,0.3449232094483154,-5.158518699771575e-05,81681,destination
GEG,0.4974247092356764,-0.0002637884121861611,task_factorized_global_q4,0.3078035152902424,-6.150028037221755e-06,17909,destination
GRR,0.5671474453246091,-0.0010304532669821453,task_factorized_global_q4,0.3489466403584796,-9.935680285022563e-05,16756,destination
GSO,0.5960227886577324,-0.0016381323957523897,task_factorized_global_q4,0.35599660051605647,-0.00016051647600151542,10168,destination
GSP,0.5907032681770996,-0.0017384118788087433,task_factorized_global_q4,0.3603479838786104,-0.00010877492206656791,13717,destination
HNL,0.456229010214099,-0.0002579552764926385,task_factorized_global_q4,0.26643285089059876,-9.513849133169217e-06,51167,destination
HOU,0.503934392323535,-3.807584771786665e-05,task_factorized_global_q4,0.30436354733334425,-2.7595715902217766e-05,50457,destination
HPN,0.6042821649391239,-0.003361522743646872,task_factorized_global_q4,0.3688214419603285,-0.0003808142602992892,10331,destination
IAD,0.4813402959602817,-0.0005320375181233628,task_factorized_global_q4,0.288003810516897,-3.706319620644383e-05,54557,destination
IAH,0.5204324089132667,9.939696545180343e-05,task_factorized_global_q4,0.312272118748907,6.415775406221069e-06,107870,destination
ICT,0.5996336940328069,-0.0003684915539164946,task_factorized_global_q4,0.36617895505275816,3.3244740529958516e-05,10762,destination
IND,0.5517705336582879,-0.0004807477701459506,task_factorized_global_q4,0.33509062467816947,-2.5202558299131095e-05,45475,destination
JAX,0.5802706316136892,-0.0006032839010887692,task_factorized_global_q4,0.35562854264815297,-3.106861394025495e-05,27680,destination
JFK,0.5587163421501024,-0.0012688856791621683,task_factorized_global_q4,0.3351206915597204,-0.00018025088614015417,100285,destination
KOA,0.4114061207271221,-0.0007651218177596175,task_factorized_global_q4,0.23402541249464898,-4.6734065634601585e-05,15564,destination
LAS,0.5040162361216988,-4.806008902713543e-05,task_factorized_global_q4,0.30935594710014763,9.028013816470004e-06,173350,destination
LAX,0.4758687756574629,-0.00018898690920893246,task_factorized_global_q4,0.28673965529412904,-1.9678859955463146e-06,179186,destination
LGA,0.6209260475198942,-0.002185253784662944,task_factorized_global_q4,0.3757035980874817,-0.00028522330337671375,129044,destination
LGB,0.4458377740097793,7.929689919006222e-05,task_factorized_global_q4,0.2667151679259352,-8.395953824458235e-06,16524,destination
LIH,0.40232929072371915,-0.00021852719200782245,task_factorized_global_q4,0.2250889883457263,1.0498882418441546e-06,15453,destination
LIT,0.583985164335016,-0.0015277365411472399,task_factorized_global_q4,0.3514752052546763,-0.00010648699625448454,12514,destination
MAF,0.5512646679216369,-0.0008161971532634205,task_factorized_global_q4,0.3352070095635943,-6.92795599024909e-05,9750,destination
MCI,0.547127974857326,-0.000281541198756563,task_factorized_global_q4,0.3347330901833754,3.941327352219304e-05,47193,destination
MCO,0.5409379760948474,-0.0003734415935414681,task_factorized_global_q4,0.3333867209755856,-2.3150420157325158e-05,150336,destination
MDW,0.496612865117186,-0.0005768216266403559,task_factorized_global_q4,0.2974751228178948,-3.10040587470084e-05,71436,destination
MEM,0.5773987527665239,-0.0011724010910246774,task_factorized_global_q4,0.3538415091599906,-6.309502765228236e-05,23521,destination
MIA,0.552384039327227,-0.0004933527293157214,task_factorized_global_q4,0.33846333705505643,-2.3275767838781825e-05,104647,destination
MKE,0.5643566608960691,-0.0005998536155634726,task_factorized_global_q4,0.34636166622675074,-4.1132162250656634e-05,27335,destination
MSN,0.5904282671421969,-0.0010764629720668717,task_factorized_global_q4,0.36399108479440817,-0.00023177193506995764,12642,destination
MSP,0.4843210251897194,-0.00033751172703022636,task_factorized_global_q4,0.29321225880495017,-3.419168485485624e-05,91502,destination
MSY,0.5603677383948507,0.00025507420633574807,task_factorized_global_q4,0.33899455120769273,-1.0549870768705727e-05,50463,destination
MYR,0.5800706701626378,-0.0009094108996451356,task_factorized_global_q4,0.34899237307873826,-0.00011625451543234577,12921,destination
OAK,0.4630325348455588,-0.0002892750013463452,task_factorized_global_q4,0.27855592464995504,6.62745124502262e-07,33309,destination
OGG,0.3871721358952909,-0.00022384791810475813,task_factorized_global_q4,0.21498247356218128,-1.062782649252636e-05,24835,destination
OKC,0.5617405400772153,-0.0005968562506557529,task_factorized_global_q4,0.34510573552950846,-2.6848456380346164e-07,23744,destination
OMA,0.5396085766842912,-0.0005310571976788747,task_factorized_global_q4,0.33270939216757234,-2.2495957647916676e-05,23837,destination
ONT,0.5087787609059012,-0.0003232436580378195,task_factorized_global_q4,0.31261362819834637,1.2095678118828612e-05,25851,destination
ORD,0.5736357581177279,-0.0008220873572629683,task_factorized_global_q4,0.35100177287732487,-3.324382349445543e-05,257904,destination
ORF,0.5978488915509507,-0.0016326231641158317,task_factorized_global_q4,0.36449955595811345,-1.5886301662493274e-06,19570,destination
PBI,0.6082301548681307,-0.000684570706907417,task_factorized_global_q4,0.38101630846248413,-5.511686958886708e-05,28375,destination
PDX,0.4823012884568425,-7.033810992002065e-05,task_factorized_global_q4,0.2917324760429545,4.8817678413026755e-06,58959,destination
PHL,0.5810995042761106,-0.0011137612892793136,task_factorized_global_q4,0.35165102621655825,-6.3731462497163e-05,92543,destination
PHX,0.5038131762799013,3.3588222164704362e-06,task_factorized_global_q4,0.305427374856781,1.1231756291363304e-05,175773,destination
PIT,0.5442117280386491,-0.0005938096804898318,task_factorized_global_q4,0.3323343423879122,-3.7414488044784644e-05,41573,destination
PNS,0.5885303974968725,-0.00017901187147995046,task_factorized_global_q4,0.35139422269594095,-3.3769817393169976e-05,13714,destination
PSP,0.4853188856458105,-0.00018035254159770586,task_factorized_global_q4,0.29548786433275764,1.0043754625488344e-05,14532,destination
PVD,0.5745981907876155,-0.0012674999142894272,task_factorized_global_q4,0.35489367296159313,-0.0001462788416886629,15168,destination
PWM,0.5662664738174475,-0.0014015799356454917,task_factorized_global_q4,0.3435761760323526,-0.00015262933915188848,10653,destination
RDU,0.551860775316028,-0.0009428279055389011,task_factorized_global_q4,0.3366571403557161,-6.398152594883078e-05,54761,destination
RIC,0.5834285854844089,-0.0012915571460965225,task_factorized_global_q4,0.3581933707241869,-7.02913597526722e-05,17536,destination
RNO,0.5051867637061486,-2.0711968705455774e-05,task_factorized_global_q4,0.30481369365740196,1.0831467182781385e-05,20609,destination
ROC,0.5964324659304238,-0.0012692299031529242,task_factorized_global_q4,0.36593896851800506,-0.00014581654103035246,9899,destination
RSW,0.5407450544476557,-0.0002328214560926023,task_factorized_global_q4,0.3302925597699023,-2.8415927181224543e-05,33874,destination
SAN,0.5636303804919935,5.282356869862337e-05,task_factorized_global_q4,0.3506958905465593,9.831536290250131e-06,92512,destination
SAT,0.5336488793595452,-9.718933690150422e-05,task_factorized_global_q4,0.32798773943415255,-3.4943681437304974e-06,41298,destination
SAV,0.5915049723068729,-0.0009678680520808225,task_factorized_global_q4,0.35617109545660375,-8.707059253032501e-05,18664,destination
SDF,0.5685799249849169,-0.0003667409567913449,task_factorized_global_q4,0.34070776550679,-4.322487055008484e-06,22204,destination
SEA,0.5272602302753984,9.77959812709095e-05,task_factorized_global_q4,0.3223165080684157,1.4898748494862613e-05,145263,destination
SFO,0.5458033096090117,-0.0002836463423256941,task_factorized_global_q4,0.3416434139369188,-4.06783017486978e-06,130406,destination
SJC,0.45880078922362616,-0.0002525098035714435,task_factorized_global_q4,0.2758291231391927,-5.849267155577653e-06,45157,destination
SJU,0.5779339802630541,-0.00034436330873521825,task_factorized_global_q4,0.36958878930085637,-4.187508817443675e-05,34294,destination
SLC,0.4379027415803009,-0.00018591413611462881,task_factorized_global_q4,0.2601989056391917,-7.443330601875076e-08,95412,destination
SMF,0.47298697121049604,-0.00019828191891974045,task_factorized_global_q4,0.28791297631984264,-5.825083340182946e-06,56588,destination
SNA,0.491083319553414,-0.00036779144783322115,task_factorized_global_q4,0.2926782891672739,-8.653342734199487e-06,42928,destination
STL,0.5016839223380862,-0.0007178700755785528,task_factorized_global_q4,0.30182808624934804,-3.1976110821063664e-05,62601,destination
SYR,0.6218837795631009,-0.0019057768193041502,task_factorized_global_q4,0.3817677021546883,-0.0002285188117200354,9778,destination
TPA,0.5476935655717704,-0.0003009266756585083,task_factorized_global_q4,0.3385607272774223,-2.3933612230686574e-05,77024,destination
TUL,0.5657330648799622,-0.001239145330282243,task_factorized_global_q4,0.3432162153233084,-5.967473956330904e-05,18010,destination
TUS,0.5024722334291215,-0.0002136752346784121,task_factorized_global_q4,0.30461644620126427,1.5364196928047136e-05,19910,destination
TYS,0.6248416943491377,-0.001102347082891031,task_factorized_global_q4,0.38538682211855624,-2.4539556671199225e-05,11415,destination
XNA,0.5796258859114615,-0.0024808975141825673,task_factorized_global_q4,0.34867125356103146,-0.00014986809418870983,12069,destination
ABQ,0.5047478031228367,-0.0002622165148730149,task_factorized_capacity_gated_q4,0.3075567203852205,-1.8362863678400565e-05,24916,destination
ALB,0.5799438522068442,-0.001202552132386403,task_factorized_capacity_gated_q4,0.3581337733644938,-8.031048627560322e-05,11957,destination
ANC,0.5752260030752187,0.00042635582792116544,task_factorized_capacity_gated_q4,0.365885368787817,4.243546632387574e-05,12607,destination
ATL,0.506273649316256,-0.0006890702380237812,task_factorized_capacity_gated_q4,0.2963405144213097,2.0918908690548133e-05,266417,destination
AUS,0.5270409224219152,-0.00012915446588912527,task_factorized_capacity_gated_q4,0.32645985474929157,-4.802372232937113e-06,82354,destination
BDL,0.5507759649683108,-0.0007247023071905723,task_factorized_capacity_gated_q4,0.33969858033870337,-0.00010346050299098186,22812,destination
BHM,0.5674668696982117,-0.0015065331118042646,task_factorized_capacity_gated_q4,0.34236074525855026,-0.00016057071711700344,16658,destination
BNA,0.5293925925851584,-0.00047653001690195484,task_factorized_capacity_gated_q4,0.32428515358657073,-8.272556605237735e-06,99683,destination
BOI,0.46974680214709796,-0.0002216523263032788,task_factorized_capacity_gated_q4,0.28753308425685353,5.993454521291408e-06,23137,destination
BOS,0.5800068872369114,-0.0007221314847003502,task_factorized_capacity_gated_q4,0.359059159666517,-9.677634861454676e-05,138635,destination
BUF,0.5948595674846203,-0.0015358783305593482,task_factorized_capacity_gated_q4,0.3682782879623633,-0.00017479264900616132,20385,destination
BUR,0.5147099467583632,-0.00035945100602663427,task_factorized_capacity_gated_q4,0.30793253393045733,-5.3380053103846414e-06,29665,destination
BWI,0.5018355480588776,-0.0008899158143340635,task_factorized_capacity_gated_q4,0.2970318332225515,-3.594379825294647e-05,90266,destination
CHS,0.5873921479272299,-0.0010883079352788094,task_factorized_capacity_gated_q4,0.35351889960508354,-5.4573386218337294e-05,24315,destination
CLE,0.5549722232178258,-0.0003732197064026943,task_factorized_capacity_gated_q4,0.33648024387664827,3.1762686041325594e-06,39597,destination
CLT,0.5173441609526577,-0.0006110779935438737,task_factorized_capacity_gated_q4,0.30429485907210607,-2.9050294749144445e-05,159104,destination
CMH,0.5524716662703423,-0.0005218933903755607,task_factorized_capacity_gated_q4,0.33946198544601053,-4.9830722714749864e-05,43628,destination
COS,0.576364581523087,0.0002573025292191833,task_factorized_capacity_gated_q4,0.35612742739793835,9.136873160842107e-06,13045,destination
CVG,0.5795570196753242,-0.0007820220350523988,task_factorized_capacity_gated_q4,0.3568311366631291,-2.7343312286709498e-05,30871,destination
DAL,0.5215442414893887,-0.0005839556679976265,task_factorized_capacity_gated_q4,0.31085906249942424,3.4770689246732545e-06,65689,destination
DAY,0.6164012605340453,-0.0015425444852803505,task_factorized_capacity_gated_q4,0.37705802450603737,-6.955289779941864e-05,7586,destination
DCA,0.6667372494251609,-0.002884278779401672,task_factorized_capacity_gated_q4,0.40382730882749546,-0.0003115404359124718,126909,destination
DEN,0.5220510642375494,-0.00013855038096954875,task_factorized_capacity_gated_q4,0.3247974536252491,1.4981275502090607e-05,242679,destination
DFW,0.635854939718478,-0.0009418332289746756,task_factorized_capacity_gated_q4,0.37823375778452645,-6.105724219612751e-05,220823,destination
DSM,0.5883610862319388,-0.0006882126091417584,task_factorized_capacity_gated_q4,0.35475360288745456,-8.189505759426119e-05,13628,destination
DTW,0.49654902719710353,-0.00035175108895146856,task_factorized_capacity_gated_q4,0.29780255912232667,-8.940115752975597e-06,108627,destination
ELP,0.5296167159465873,-0.00011864816771511855,task_factorized_capacity_gated_q4,0.32492397172078363,9.184599018607909e-06,16785,destination
EWR,0.6189605702301219,-0.002287556536215818,task_factorized_capacity_gated_q4,0.37743972034174705,-0.0002914850448818007,113538,destination
FAT,0.4906484064289447,-0.00016433108207214442,task_factorized_capacity_gated_q4,0.2988131837780626,3.903907108226967e-05,13202,destination
FLL,0.5603364159566183,-0.0006193278882131725,task_factorized_capacity_gated_q4,0.3449244992387134,-5.0295396599731035e-05,81681,destination
GEG,0.4973909728510652,-0.0002975247967973438,task_factorized_capacity_gated_q4,0.30780346587032287,-6.199447956767301e-06,17909,destination
GRR,0.5671549561064815,-0.0010229424851098123,task_factorized_capacity_gated_q4,0.3489558897641907,-9.010739713916083e-05,16756,destination
GSO,0.596056891665029,-0.0016040293884558299,task_factorized_capacity_gated_q4,0.3560052253451549,-0.00015189164690310175,10168,destination
GSP,0.5907148445999263,-0.0017268354559820676,task_factorized_capacity_gated_q4,0.36034825042084667,-0.0001085083798302855,13717,destination
HNL,0.45619460506824483,-0.0002923604223468157,task_factorized_capacity_gated_q4,0.26643157295270065,-1.0791787031283473e-05,51167,destination
HOU,0.503993950308093,2.148213684016742e-05,task_factorized_capacity_gated_q4,0.30436650426146183,-2.4638787784636573e-05,50457,destination
HPN,0.6041059771141936,-0.0035377105685772126,task_factorized_capacity_gated_q4,0.36881216603992045,-0.0003900901807073476,10331,destination
IAD,0.48132263645123924,-0.0005496970271658408,task_factorized_capacity_gated_q4,0.28800273043257174,-3.8143280531699464e-05,54557,destination
IAH,0.5204316273957464,9.86154479315493e-05,task_factorized_capacity_gated_q4,0.3122737151315323,8.012158031533989e-06,107870,destination
ICT,0.5997971735946315,-0.0002050119920918858,task_factorized_capacity_gated_q4,0.3662130312088438,6.732089661559693e-05,10762,destination
IND,0.5517822593385321,-0.0004690220899017383,task_factorized_capacity_gated_q4,0.33509168908903514,-2.413814743346121e-05,45475,destination
JAX,0.5802662620522564,-0.0006076534625215624,task_factorized_capacity_gated_q4,0.3556277481557593,-3.186310633390699e-05,27680,destination
JFK,0.5587479676832197,-0.0012372601460448607,task_factorized_capacity_gated_q4,0.335127955142625,-0.0001729873032355611,100285,destination
KOA,0.4113965990367857,-0.000774643508096029,task_factorized_capacity_gated_q4,0.23402428954240115,-4.785701788243002e-05,15564,destination
LAS,0.5040227567662746,-4.153944445128843e-05,task_factorized_capacity_gated_q4,0.30935639212903693,9.473042705765433e-06,173350,destination
LAX,0.4758717215632645,-0.00018604100340730012,task_factorized_capacity_gated_q4,0.28674010352928747,-1.5196508371118078e-06,179186,destination
LGA,0.6209771248356175,-0.0021341764689396525,task_factorized_capacity_gated_q4,0.3757128910594062,-0.00027593033145223433,129044,destination
LGB,0.44581749466584275,5.9017555253504383e-05,task_factorized_capacity_gated_q4,0.2667150902502275,-8.473629532157467e-06,16524,destination
LIH,0.40230058439545413,-0.0002472335202728382,task_factorized_capacity_gated_q4,0.22508206960662533,-5.868850859125363e-06,15453,destination
LIT,0.5838370135277319,-0.0016758873484313819,task_factorized_capacity_gated_q4,0.351446477759101,-0.00013521449182979373,12514,destination
MAF,0.5512383470779677,-0.0008425179969325791,task_factorized_capacity_gated_q4,0.33519659009528785,-7.969902820892383e-05,9750,destination
MCI,0.5471203497072947,-0.0002891663487878393,task_factorized_capacity_gated_q4,0.33472653609501807,3.285918516487962e-05,47193,destination
MCO,0.5409451380174257,-0.0003662796709631433,task_factorized_capacity_gated_q4,0.33338784265812843,-2.2028737614476768e-05,150336,destination
MDW,0.4966318999766445,-0.0005577867671818781,task_factorized_capacity_gated_q4,0.29747324561895505,-3.2881257686745435e-05,71436,destination
MEM,0.577422554367145,-0.001148599490403579,task_factorized_capacity_gated_q4,0.35384702277125407,-5.7581416388785556e-05,23521,destination
MIA,0.5523977167170334,-0.0004796753395093223,task_factorized_capacity_gated_q4,0.3384641203887401,-2.249243415514135e-05,104647,destination
MKE,0.5643688934408455,-0.0005876210707870255,task_factorized_capacity_gated_q4,0.34636478870207754,-3.8009686923856645e-05,27335,destination
MSN,0.5904458153343576,-0.0010589147799061616,task_factorized_capacity_gated_q4,0.3639811145111866,-0.00024174221829154074,12642,destination
MSP,0.48430928657397876,-0.0003492503427708904,task_factorized_capacity_gated_q4,0.2932150584342248,-3.1392055580226064e-05,91502,destination
MSY,0.5603714639264186,0.00025879973790365884,task_factorized_capacity_gated_q4,0.33899361988407023,-1.1481194391205207e-05,50463,destination
MYR,0.5800781380732973,-0.0009019429889856045,task_factorized_capacity_gated_q4,0.34898881316735714,-0.00011981442681346932,12921,destination
OAK,0.46305118025113595,-0.00027062959576917844,task_factorized_capacity_gated_q4,0.27855708864304535,1.826738214805168e-06,33309,destination
OGG,0.3872155978969769,-0.00018038591641877932,task_factorized_capacity_gated_q4,0.2149842998664305,-8.80152224330688e-06,24835,destination
OKC,0.5617757115894616,-0.0005616847384094514,task_factorized_capacity_gated_q4,0.34511538927307867,9.385259006400304e-06,23744,destination
OMA,0.5396087599903987,-0.0005308738915713596,task_factorized_capacity_gated_q4,0.3327102966037052,-2.1591521515040846e-05,23837,destination
ONT,0.5087808182156868,-0.0003211863482522892,task_factorized_capacity_gated_q4,0.3126174328415199,1.5900321292339203e-05,25851,destination
ORD,0.5736051906999576,-0.000852654775033268,task_factorized_capacity_gated_q4,0.3509998436788884,-3.5173021930900994e-05,257904,destination
ORF,0.597785435286029,-0.0016960794290374892,task_factorized_capacity_gated_q4,0.36449904274176104,-2.1018465186650737e-06,19570,destination
PBI,0.6082632768007761,-0.0006514487742620423,task_factorized_capacity_gated_q4,0.38101916193754043,-5.226339453257012e-05,28375,destination
PDX,0.48229510530762326,-7.652125913926167e-05,task_factorized_capacity_gated_q4,0.29173352903485417,5.934759740977569e-06,58959,destination
PHL,0.5810885668885425,-0.001124698676847391,task_factorized_capacity_gated_q4,0.3516505032088442,-6.425447021118913e-05,92543,destination
PHX,0.5038082930132001,-1.5244444847573035e-06,task_factorized_capacity_gated_q4,0.30542729250848394,1.1149407994293092e-05,175773,destination
PIT,0.5442424850836362,-0.0005630526355028254,task_factorized_capacity_gated_q4,0.33234303994090375,-2.8716935053241244e-05,41573,destination
PNS,0.5885399088060332,-0.00016950056231923583,task_factorized_capacity_gated_q4,0.35139480633211645,-3.318618121767036e-05,13714,destination
PSP,0.48533212254779107,-0.0001671156396171325,task_factorized_capacity_gated_q4,0.2954896292332884,1.1808655156264614e-05,14532,destination
PVD,0.5745551157023638,-0.0013105749995411253,task_factorized_capacity_gated_q4,0.354879055657867,-0.00016089614541481279,15168,destination
PWM,0.566301279400934,-0.0013667743521590392,task_factorized_capacity_gated_q4,0.34358573030500306,-0.000143075066501408,10653,destination
RDU,0.551877057469578,-0.0009265457519888054,task_factorized_capacity_gated_q4,0.3366582553940591,-6.286648760583935e-05,54761,destination
RIC,0.5834048767910218,-0.0013152658394836036,task_factorized_capacity_gated_q4,0.35818621655355903,-7.74455303805266e-05,17536,destination
RNO,0.5051659633198247,-4.151235502936057e-05,task_factorized_capacity_gated_q4,0.3048109085536394,8.046363420222136e-06,20609,destination
ROC,0.5962833133244101,-0.0014183825091665936,task_factorized_capacity_gated_q4,0.36592862031741513,-0.00015616474162027938,9899,destination
RSW,0.5407563815373059,-0.00022149436644247622,task_factorized_capacity_gated_q4,0.3302937818350667,-2.719386201682772e-05,33874,destination
SAN,0.5636378318754428,6.027495214788736e-05,task_factorized_capacity_gated_q4,0.3506965118095941,1.0452799325044726e-05,92512,destination
SAT,0.5336623358183468,-8.373287809992913e-05,task_factorized_capacity_gated_q4,0.3279885757141639,-2.6580881323789995e-06,41298,destination
SAV,0.5915756780343704,-0.0008971623245833671,task_factorized_capacity_gated_q4,0.3561784714423916,-7.96946067424531e-05,18664,destination
SDF,0.5686058261272934,-0.00034083981441490607,task_factorized_capacity_gated_q4,0.3407168869970271,4.799003182121009e-06,22204,destination
SEA,0.5272690556352573,0.00010662134112982002,task_factorized_capacity_gated_q4,0.322316696224494,1.5086904573136106e-05,145263,destination
SFO,0.5458146373630233,-0.00027231858831411326,task_factorized_capacity_gated_q4,0.34164296465476296,-4.517112330737483e-06,130406,destination
SJC,0.4588036603612503,-0.0002496386659472938,task_factorized_capacity_gated_q4,0.27582897919655625,-5.993209792054532e-06,45157,destination
SJU,0.5779266034488925,-0.00035174012289684864,task_factorized_capacity_gated_q4,0.36958552634348574,-4.513804554506784e-05,34294,destination
SLC,0.4378892493950517,-0.0001994063213638375,task_factorized_capacity_gated_q4,0.2601973085688772,-1.6715036205150469e-06,95412,destination
SMF,0.4729810521183507,-0.00020420101106510824,task_factorized_capacity_gated_q4,0.2879126543908179,-6.147012364898785e-06,56588,destination
SNA,0.4911105025106425,-0.0003406084906047435,task_factorized_capacity_gated_q4,0.29268121510906714,-5.727400940958027e-06,42928,destination
STL,0.5017138477123801,-0.0006879447012846374,task_factorized_capacity_gated_q4,0.3018339310153219,-2.613134484719115e-05,62601,destination
SYR,0.6218826586712524,-0.0019068977111527108,task_factorized_capacity_gated_q4,0.38175728927099584,-0.00023893169541250314,9778,destination
TPA,0.5476969444928207,-0.00029754775460821836,task_factorized_capacity_gated_q4,0.3385617149780599,-2.294591159307524e-05,77024,destination
TUL,0.565674322285098,-0.0012978879251465125,task_factorized_capacity_gated_q4,0.34320965303380946,-6.623702906227713e-05,18010,destination
TUS,0.5024929250525275,-0.0001929836112724015,task_factorized_capacity_gated_q4,0.3046214737701003,2.0391765764071756e-05,19910,destination
TYS,0.6248535328932004,-0.0010905085388283053,task_factorized_capacity_gated_q4,0.38538512062582075,-2.624104940668337e-05,11415,destination
XNA,0.5796212982591423,-0.002485485166501711,task_factorized_capacity_gated_q4,0.3486691011393999,-0.00015202051582025033,12069,destination
ABQ,0.5044960526429715,-0.0005139669947382686,cancel_normalized_capacity__delay_flare24,0.307584421550214,9.338301315109376e-06,24916,destination
ALB,0.5778112125358263,-0.003335191803404247,cancel_normalized_capacity__delay_flare24,0.3578171319317756,-0.0003969519189938042,11957,destination
ANC,0.5748564352292671,5.678798196961932e-05,cancel_normalized_capacity__delay_flare24,0.3658539932781164,1.1059956623260536e-05,12607,destination
ATL,0.5053646723391044,-0.0015980472151753133,cancel_normalized_capacity__delay_flare24,0.2963128873087346,-6.7082038845422964e-06,266417,destination
AUS,0.5268479451941078,-0.00032213169369654793,cancel_normalized_capacity__delay_flare24,0.3264666559437269,1.998822202420314e-06,82354,destination
BDL,0.5506386735278764,-0.0008619937476249673,cancel_normalized_capacity__delay_flare24,0.33962566425404733,-0.00017637658764702024,22812,destination
BHM,0.5663409402100624,-0.0026324625999535334,cancel_normalized_capacity__delay_flare24,0.3422532050340249,-0.00026811094164236327,16658,destination
BNA,0.528270401697037,-0.001598720905023332,cancel_normalized_capacity__delay_flare24,0.32415125930540245,-0.00014216683777351635,99683,destination
BOI,0.4696744458782575,-0.00029400859514372435,cancel_normalized_capacity__delay_flare24,0.28753465367095704,7.562868624799712e-06,23137,destination
BOS,0.5794671716634242,-0.0012618470581875485,cancel_normalized_capacity__delay_flare24,0.35894780039231916,-0.00020813562281241094,138635,destination
BUF,0.5941082295902768,-0.0022872162249029104,cancel_normalized_capacity__delay_flare24,0.36800677984226005,-0.00044630076910939787,20385,destination
BUR,0.5146729082355084,-0.000396489528881494,cancel_normalized_capacity__delay_flare24,0.3079599245799985,2.2052644230774465e-05,29665,destination
BWI,0.5006937278880965,-0.0020317359851151906,cancel_normalized_capacity__delay_flare24,0.2969601759421068,-0.00010760107869767221,90266,destination
CHS,0.5839338688878783,-0.0045465869746303955,cancel_normalized_capacity__delay_flare24,0.3531865827395711,-0.00038689025173077596,24315,destination
CLE,0.5541830174010868,-0.001162425523141719,cancel_normalized_capacity__delay_flare24,0.33638750926527194,-8.95583427721891e-05,39597,destination
CLT,0.5156865452455696,-0.002268693700631985,cancel_normalized_capacity__delay_flare24,0.30415144803107774,-0.00017246133577747402,159104,destination
CMH,0.5518240617590604,-0.0011694979016574347,cancel_normalized_capacity__delay_flare24,0.3393533554297062,-0.00015846073901909508,43628,destination
COS,0.5752609388001811,-0.0008463401936866788,cancel_normalized_capacity__delay_flare24,0.3560729034019529,-4.5387122824591675e-05,13045,destination
CVG,0.5783841809248641,-0.0019548607855125466,cancel_normalized_capacity__delay_flare24,0.35668193603427095,-0.00017654394114485772,30871,destination
DAL,0.5206735689120722,-0.0014546282453141712,cancel_normalized_capacity__delay_flare24,0.31088126964579865,2.5684215299082158e-05,65689,destination
DAY,0.6143915574072931,-0.003552247612032544,cancel_normalized_capacity__delay_flare24,0.3767450606499413,-0.000382516753895501,7586,destination
DCA,0.6633379948456934,-0.006283533358869109,cancel_normalized_capacity__delay_flare24,0.4031791444989779,-0.000959704764430025,126909,destination
DEN,0.5218538152465957,-0.00033579937192329545,cancel_normalized_capacity__delay_flare24,0.3248148772147751,3.240486502809059e-05,242679,destination
DFW,0.634202800595107,-0.002593972352345597,cancel_normalized_capacity__delay_flare24,0.3780701096808031,-0.00022470534591945146,220823,destination
DSM,0.5867465236234243,-0.0023027752176563165,cancel_normalized_capacity__delay_flare24,0.3545690678967625,-0.00026643004828630357,13628,destination
DTW,0.4959253353081498,-0.0009754429779051943,cancel_normalized_capacity__delay_flare24,0.29773205523748086,-7.944400059878287e-05,108627,destination
ELP,0.529155229706136,-0.0005801344081663995,cancel_normalized_capacity__delay_flare24,0.3249533541193621,3.8566997597078156e-05,16785,destination
EWR,0.6174388612080127,-0.003809265558324948,cancel_normalized_capacity__delay_flare24,0.3772294642817701,-0.0005017411048587328,113538,destination
FAT,0.4906488895403223,-0.0001638479706945195,cancel_normalized_capacity__delay_flare24,0.2988031145439925,2.8969837012171595e-05,13202,destination
FLL,0.5599046937973162,-0.0010510500475152673,cancel_normalized_capacity__delay_flare24,0.34492074256045907,-5.405207485403851e-05,81681,destination
GEG,0.49708096789429324,-0.0006075297535693136,cancel_normalized_capacity__delay_flare24,0.307784093653996,-2.5571664283630113e-05,17909,destination
GRR,0.5651633682845928,-0.0030145303069984974,cancel_normalized_capacity__delay_flare24,0.3486096239491761,-0.00043637321215372893,16756,destination
GSO,0.5921242738022631,-0.005536647251221716,cancel_normalized_capacity__delay_flare24,0.35541636957879724,-0.000740747413260745,10168,destination
GSP,0.5895052240901777,-0.0029364559657306666,cancel_normalized_capacity__delay_flare24,0.3601898992784271,-0.00026685952224986265,13717,destination
HNL,0.456443274351583,-4.369113900865029e-05,cancel_normalized_capacity__delay_flare24,0.2664709766657652,2.8611926033261792e-05,51167,destination
HOU,0.5038661758708569,-0.00010629230039593818,cancel_normalized_capacity__delay_flare24,0.30437622699926375,-1.4916049982716117e-05,50457,destination
HPN,0.6030944378756465,-0.004549249807124234,cancel_normalized_capacity__delay_flare24,0.36860075051819924,-0.0006015057024285619,10331,destination
IAD,0.4808037343643383,-0.0010685991140667594,cancel_normalized_capacity__delay_flare24,0.2879019492824904,-0.00013892443061302995,54557,destination
IAH,0.5204566592270821,0.00012364727926716945,cancel_normalized_capacity__delay_flare24,0.31227488310840984,9.180134909081428e-06,107870,destination
ICT,0.5991483012157309,-0.0008538843709924304,cancel_normalized_capacity__delay_flare24,0.3661249906164511,-2.0719695777104974e-05,10762,destination
IND,0.5501570548886857,-0.002094226539748112,cancel_normalized_capacity__delay_flare24,0.33480926474995926,-0.00030656248650934304,45475,destination
JAX,0.5789544266943114,-0.0019194888204665528,cancel_normalized_capacity__delay_flare24,0.35554849958625745,-0.0001111116758357733,27680,destination
JFK,0.5586777716221865,-0.0013074562070780615,cancel_normalized_capacity__delay_flare24,0.33498388870998125,-0.0003170537358793135,100285,destination
KOA,0.4117048123745722,-0.0004664301703095619,cancel_normalized_capacity__delay_flare24,0.23407605390610156,3.907345817982799e-06,15564,destination
LAS,0.5040312843627627,-3.301184796322687e-05,cancel_normalized_capacity__delay_flare24,0.309375423781841,2.850469550985668e-05,173350,destination
LAX,0.47538826783616067,-0.0006694947305111443,cancel_normalized_capacity__delay_flare24,0.28673276200203107,-8.861178093511057e-06,179186,destination
LGA,0.6202957114084585,-0.002815589896098647,cancel_normalized_capacity__delay_flare24,0.3754243729238344,-0.0005644484670240257,129044,destination
LGB,0.4459358617111148,0.00017738460052557636,cancel_normalized_capacity__delay_flare24,0.26673227106016517,8.707180405520543e-06,16524,destination
LIH,0.4022869814627806,-0.00026083645294638913,cancel_normalized_capacity__delay_flare24,0.2250944716416971,6.5331842126481465e-06,15453,destination
LIT,0.5816494569210954,-0.00386344395506788,cancel_normalized_capacity__delay_flare24,0.35119957797075846,-0.00038211428017231874,12514,destination
MAF,0.5514960518545343,-0.0005848132203659651,cancel_normalized_capacity__delay_flare24,0.3353363268650926,6.003774159585307e-05,9750,destination
MCI,0.5468480462308231,-0.0005614698252595085,cancel_normalized_capacity__delay_flare24,0.3346857636200756,-7.913289777561339e-06,47193,destination
MCO,0.5406457081375372,-0.0006657095508516564,cancel_normalized_capacity__delay_flare24,0.3333728148969296,-3.705649881330375e-05,150336,destination
MDW,0.495885528675548,-0.0013041580682783271,cancel_normalized_capacity__delay_flare24,0.2974480923101641,-5.803456647768268e-05,71436,destination
MEM,0.5755946956214435,-0.0029764582361050396,cancel_normalized_capacity__delay_flare24,0.353581281566052,-0.0003233226215908491,23521,destination
MIA,0.5516192599631853,-0.0012581320933574558,cancel_normalized_capacity__delay_flare24,0.33837219749749126,-0.00011441532540396038,104647,destination
MKE,0.5629606626758216,-0.001995851835810969,cancel_normalized_capacity__delay_flare24,0.3461725882490431,-0.00023021013995827566,27335,destination
MSN,0.5888481664853266,-0.002656563628937181,cancel_normalized_capacity__delay_flare24,0.363733925085227,-0.0004889316442511227,12642,destination
MSP,0.48388679255250444,-0.0007717443642452082,cancel_normalized_capacity__delay_flare24,0.2931684220619918,-7.802842781323704e-05,91502,destination
MSY,0.5583879044994267,-0.001724759689088251,cancel_normalized_capacity__delay_flare24,0.338872260373661,-0.00013284070480040766,50463,destination
MYR,0.5784973602594722,-0.002482720802810756,cancel_normalized_capacity__delay_flare24,0.3488222532382314,-0.0002863743559392007,12921,destination
OAK,0.4629092320219783,-0.0004125778249268186,cancel_normalized_capacity__delay_flare24,0.27858834658240816,3.308467757762168e-05,33309,destination
OGG,0.38730634564556193,-8.96381678337499e-05,cancel_normalized_capacity__delay_flare24,0.2150001533639041,7.051975230293328e-06,24835,destination
OKC,0.5610519151302624,-0.0012854811976086289,cancel_normalized_capacity__delay_flare24,0.34505603675810365,-4.9967255968619284e-05,23744,destination
OMA,0.5391996773182995,-0.0009399565636705187,cancel_normalized_capacity__delay_flare24,0.3325880127333497,-0.00014387539187055154,23837,destination
ONT,0.5084405292568932,-0.0006614753070458557,cancel_normalized_capacity__delay_flare24,0.3126313738523571,2.9841332129576514e-05,25851,destination
ORD,0.5725900645917609,-0.0018677808832300302,cancel_normalized_capacity__delay_flare24,0.3508907161622852,-0.00014430053853414782,257904,destination
ORF,0.5954747885549665,-0.004006726160100005,cancel_normalized_capacity__delay_flare24,0.3641428618926913,-0.00035828269558840775,19570,destination
PBI,0.6070443324612944,-0.0018703931137437069,cancel_normalized_capacity__delay_flare24,0.38091950369270394,-0.000151921639369057,28375,destination
PDX,0.48212160882599553,-0.00025001774076699457,cancel_normalized_capacity__delay_flare24,0.2917405834562272,1.2989181114031467e-05,58959,destination
PHL,0.5802957223987116,-0.0019175431666782483,cancel_normalized_capacity__delay_flare24,0.3515538470452417,-0.00016091063381373782,92543,destination
PHX,0.5033158762302093,-0.0004939412274754806,cancel_normalized_capacity__delay_flare24,0.3054062313579731,-9.911742516521826e-06,175773,destination
PIT,0.5431553577833756,-0.0016501799357633296,cancel_normalized_capacity__delay_flare24,0.3320869305100624,-0.0002848263658946082,41573,destination
PNS,0.5858514255042325,-0.0028579838641199506,cancel_normalized_capacity__delay_flare24,0.3512458656650725,-0.00018212684826163228,13714,destination
PSP,0.48491763512645747,-0.0005816030609507306,cancel_normalized_capacity__delay_flare24,0.2954697934621214,-8.027116010778101e-06,14532,destination
PVD,0.5731737114868692,-0.0026919792150357225,cancel_normalized_capacity__delay_flare24,0.35471499323415767,-0.000324958569124123,15168,destination
PWM,0.5647068648058527,-0.0029611889472402897,cancel_normalized_capacity__delay_flare24,0.3432591431776917,-0.00046966219381278096,10653,destination
RDU,0.5505047222550202,-0.0022988809665466237,cancel_normalized_capacity__delay_flare24,0.33648368579597737,-0.00023743608568754793,54761,destination
RIC,0.5824636552773065,-0.0022564873531989438,cancel_normalized_capacity__delay_flare24,0.35805582313900297,-0.00020783894493658917,17536,destination
RNO,0.5052046784838768,-2.797190977177344e-06,cancel_normalized_capacity__delay_flare24,0.3048232301086361,2.0367918416919206e-05,20609,destination
ROC,0.5945558256030127,-0.0031458702305640074,cancel_normalized_capacity__delay_flare24,0.3655104120517165,-0.0005743730073188846,9899,destination
RSW,0.5404534371484904,-0.0005244387552579832,cancel_normalized_capacity__delay_flare24,0.3302989170327775,-2.2058664306046083e-05,33874,destination
SAN,0.5631653328423422,-0.0004122240809527611,cancel_normalized_capacity__delay_flare24,0.35070339287731267,1.733386704361184e-05,92512,destination
SAT,0.5338647373007053,0.00011866860425857606,cancel_normalized_capacity__delay_flare24,0.3280325427205998,4.130891830350647e-05,41298,destination
SAV,0.5880514370838246,-0.004421403275129188,cancel_normalized_capacity__delay_flare24,0.35591615131059157,-0.0003420147385425065,18664,destination
SDF,0.5662694033173077,-0.0026772626244006004,cancel_normalized_capacity__delay_flare24,0.34046909612319465,-0.00024299187065035532,22204,destination
SEA,0.5273080848521984,0.00014565055807091998,cancel_normalized_capacity__delay_flare24,0.3223332527811497,3.164346122885853e-05,145263,destination
SFO,0.5456986636231757,-0.0003882923281617323,cancel_normalized_capacity__delay_flare24,0.341651877061048,4.39529395429572e-06,130406,destination
SJC,0.4588273509709027,-0.000225948056294889,cancel_normalized_capacity__delay_flare24,0.2758626480088435,2.767560249522516e-05,45157,destination
SJU,0.5783558439746564,7.750040286713666e-05,cancel_normalized_capacity__delay_flare24,0.36960303907177605,-2.762531725475359e-05,34294,destination
SLC,0.4377617945041666,-0.00032686121224895226,cancel_normalized_capacity__delay_flare24,0.2602188617018634,1.9881629365725573e-05,95412,destination
SMF,0.4733932378089656,0.0002079846795497997,cancel_normalized_capacity__delay_flare24,0.28794022357778243,2.1422174599605714e-05,56588,destination
SNA,0.49092166492424993,-0.0005294460769972864,cancel_normalized_capacity__delay_flare24,0.2926755265781255,-1.1415931882585717e-05,42928,destination
STL,0.49986336974147205,-0.0025384226721927305,cancel_normalized_capacity__delay_flare24,0.301568066705449,-0.0002919956547201008,62601,destination
SYR,0.6196936533025874,-0.004095903079817664,cancel_normalized_capacity__delay_flare24,0.3811637207532934,-0.0008325002131149284,9778,destination
TPA,0.5471990865049449,-0.0007954057424840455,cancel_normalized_capacity__delay_flare24,0.33852898864369585,-5.5672245957150146e-05,77024,destination
TUL,0.5642167385985746,-0.0027554716116698907,cancel_normalized_capacity__delay_flare24,0.34317067957133135,-0.0001052104915403862,18010,destination
TUS,0.5018701776409679,-0.0008157310228320558,cancel_normalized_capacity__delay_flare24,0.30460234809486997,1.266090533746933e-06,19910,destination
TYS,0.6230284727706318,-0.0029155686613969722,cancel_normalized_capacity__delay_flare24,0.38520000894278844,-0.00021135273243899633,11415,destination
XNA,0.5782228846513929,-0.0038838987742511044,cancel_normalized_capacity__delay_flare24,0.3485320634949349,-0.00028905816028529374,12069,destination
